customer_id,gender,senior_citizen,partner,tenure,internet_service,contract_type,payment_method,monthly_charges,total_charges,support_calls,age,income,signup_date,churn
CUST-00001,Male,1,Yes,9,Fiber optic,Month-to-month,Bank transfer,120.0,1046.13,3.0,48.0,38015.0,2018-10-20,No
CUST-00002,Male,0,No,2,Fiber optic,Two year,Credit card,82.06,174.59,1.0,40.0,37344.0,2023-12-23,No
CUST-00003,Male,0,Yes,1,DSL,Month-to-month,Bank transfer,46.1,18.63,2.0,51.0,16690.0,2020-02-04,No
CUST-00004,Male,1,No,2,Fiber optic,One year,Electronic check,75.44,113.9,3.0,63.0,40213.0,2023-04-09,No
CUST-00005,Male,0,Yes,20,Fiber optic,One year,Electronic check,118.42,2334.4,2.0,38.0,76091.0,2024-02-04,No
CUST-00006,Male,0,No,1,,One year,Bank transfer,119.89,145.06,1.0,38.0,22821.0,2021-05-01,No
CUST-00007,Male,0,No,9,DSL,Two year,Electronic check,47.74,424.82,1.0,64.0,91958.0,2022-12-10,No
CUST-00008,Female,0,No,33,DSL,Month-to-month,Bank transfer,72.6,2374.38,0.0,52.0,65687.0,2019-09-16,Yes
CUST-00009,Female,0,No,8,Fiber optic,Month-to-month,Mailed check,22.12,190.03,0.0,35.0,31554.0,2020-06-16,No
CUST-00010,Male,0,No,34,Fiber optic,Month-to-month,Electronic check,89.74,3030.43,1.0,49.0,45029.0,2021-07-19,No
CUST-00011,Female,1,Yes,32,Fiber optic,Month-to-month,Bank transfer,111.6,3627.53,0.0,35.0,127898.0,2023-06-16,Yes
CUST-00012,Male,0,Yes,6,DSL,One year,Bank transfer,66.19,348.45,4.0,35.0,76124.0,2021-12-25,No
CUST-00013,Male,1,No,31,Fiber optic,Month-to-month,Bank transfer,44.98,1385.03,2.0,45.0,49279.0,2018-02-21,No
CUST-00014,Male,0,Yes,33,DSL,Two year,Mailed check,75.8,2431.16,1.0,18.0,42505.0,2019-12-16,No
CUST-00015,Female,0,No,12,DSL,One year,Electronic check,77.52,912.9,2.0,18.0,51326.0,2023-07-20,No
CUST-00016,Male,0,Yes,5,Fiber optic,Month-to-month,Mailed check,67.43,253.17,0.0,34.0,36060.0,2019-07-17,No
CUST-00017,Male,0,Yes,17,Fiber optic,Month-to-month,Credit card,70.36,1233.44,0.0,27.0,15000.0,2020-05-12,Yes
CUST-00018,Female,0,No,61,Fiber optic,Month-to-month,Bank transfer,59.79,3685.52,3.0,46.0,166926.0,2020-07-01,No
CUST-00019,Female,0,No,24,DSL,Two year,Credit card,94.88,2316.33,0.0,29.0,53808.0,2018-12-28,No
CUST-00020,Male,0,Yes,4,Fiber optic,One year,Electronic check,87.09,349.8,1.0,22.0,62248.0,2020-03-30,No
CUST-00021,Male,0,Yes,27,Fiber optic,Month-to-month,Credit card,35.51,914.78,4.0,62.0,47346.0,2023-03-31,No
CUST-00022,Female,0,No,13,Fiber optic,Month-to-month,Bank transfer,34.68,410.82,4.0,38.0,31537.0,2023-06-13,Yes
CUST-00023,Male,0,Yes,21,DSL,Month-to-month,Credit card,57.37,1281.28,3.0,42.0,43846.0,2021-09-23,No
CUST-00024,Male,0,Yes,31,Fiber optic,Month-to-month,Electronic check,87.11,2772.19,0.0,22.0,18776.0,2022-05-10,No
CUST-00025,Female,0,No,17,Fiber optic,One year,Mailed check,69.44,1186.61,1.0,34.0,192192.0,2021-06-06,No
CUST-00026,Female,0,Yes,40,Fiber optic,One year,Bank transfer,45.71,1802.62,0.0,43.0,23371.0,2018-04-14,No
CUST-00027,Male,0,Yes,30,No,Month-to-month,Bank transfer,72.85,2253.93,1.0,25.0,26392.0,2022-06-21,No
CUST-00028,Female,0,No,22,No,Two year,Electronic check,55.08,1177.03,1.0,47.0,37640.0,2024-05-23,No
CUST-00029,Female,0,No,3,Fiber optic,Month-to-month,Electronic check,91.41,285.67,0.0,33.0,106175.0,2019-06-18,Yes
CUST-00030,Male,0,No,43,,Month-to-month,Bank transfer,74.99,3292.17,2.0,,,2024-04-20,Yes
CUST-00031,Male,0,No,65,DSL,One year,Credit card,55.54,3568.28,0.0,33.0,23349.0,2024-05-26,No
CUST-00032,Male,0,No,3,DSL,Month-to-month,Mailed check,71.95,257.31,5.0,67.0,104047.0,2018-11-28,Yes
CUST-00033,Female,1,No,16,Fiber optic,Month-to-month,Mailed check,104.45,,0.0,41.0,76008.0,2023-12-10,No
CUST-00034,Female,0,Yes,7,No,One year,Credit card,47.91,333.39,5.0,27.0,67714.0,2022-05-02,Yes
CUST-00035,Male,0,No,33,Fiber optic,Month-to-month,Bank transfer,77.08,2493.97,0.0,53.0,75315.0,2020-12-28,No
CUST-00036,Female,0,Yes,30,DSL,Month-to-month,Mailed check,62.89,1850.48,0.0,24.0,206203.0,2020-03-18,No
CUST-00037,Female,1,Yes,3,Fiber optic,One year,Electronic check,77.81,247.9,1.0,44.0,181871.0,2022-01-15,Yes
CUST-00038,Male,0,No,50,DSL,Month-to-month,Bank transfer,45.36,2196.83,0.0,18.0,32466.0,2023-05-29,No
CUST-00039,Female,0,Yes,4,Fiber optic,Month-to-month,Mailed check,68.31,,2.0,23.0,129875.0,2018-03-21,Yes
CUST-00040,Female,0,Yes,38,DSL,Month-to-month,Electronic check,98.23,3759.79,,44.0,61691.0,2021-06-08,Yes
CUST-00041,Male,0,Yes,14,DSL,One year,Bank transfer,36.89,565.72,1.0,52.0,66135.0,2022-03-04,No
CUST-00042,Female,0,Yes,9,DSL,Month-to-month,Electronic check,25.12,156.16,1.0,44.0,17758.0,2018-03-01,No
CUST-00043,Male,0,No,4,Fiber optic,Two year,Electronic check,26.26,170.85,1.0,40.0,,2023-09-15,No
CUST-00044,Male,0,No,4,Fiber optic,Two year,Mailed check,29.88,204.29,3.0,37.0,30100.0,2024-02-09,No
CUST-00045,Female,0,Yes,26,DSL,Month-to-month,Bank transfer,82.86,2174.87,,,80566.0,2021-12-06,No
CUST-00046,Female,1,Yes,19,Fiber optic,Two year,Electronic check,22.82,381.68,2.0,31.0,93213.0,2018-10-02,No
CUST-00047,Female,1,No,3,Fiber optic,One year,Electronic check,56.06,151.77,1.0,35.0,15000.0,2023-12-25,Yes
CUST-00048,Male,0,No,2,No,Month-to-month,Mailed check,83.55,164.72,3.0,56.0,48376.0,2023-03-02,No
CUST-00049,Male,0,No,1,No,One year,Electronic check,77.5,91.02,0.0,46.0,96097.0,2018-03-08,No
CUST-00050,Male,0,No,32,DSL,One year,Bank transfer,53.43,1710.86,3.0,18.0,43826.0,2021-09-18,No
CUST-00051,Female,0,Yes,29,DSL,Month-to-month,Credit card,70.73,2065.23,0.0,46.0,75920.0,2018-09-26,Yes
CUST-00052,Male,1,No,1,DSL,Month-to-month,Bank transfer,68.21,63.67,2.0,36.0,60518.0,2018-11-27,No
CUST-00053,Female,0,No,19,Fiber optic,Month-to-month,Electronic check,58.27,1120.39,1.0,32.0,60174.0,2019-03-28,No
CUST-00054,Male,0,No,2,Fiber optic,Month-to-month,Electronic check,58.67,94.31,0.0,50.0,41656.0,2020-07-17,No
CUST-00055,Male,0,Yes,56,DSL,Month-to-month,Electronic check,120.0,6703.09,3.0,56.0,23624.0,2023-08-16,No
CUST-00056,Male,0,Yes,57,No,One year,Electronic check,89.28,5060.16,0.0,55.0,25011.0,2018-03-14,Yes
CUST-00057,Female,0,Yes,28,Fiber optic,Month-to-month,Electronic check,120.0,3455.86,2.0,30.0,75027.0,2022-06-03,No
CUST-00058,Male,1,No,62,Fiber optic,Month-to-month,Electronic check,50.09,3178.78,3.0,37.0,49596.0,2024-03-09,No
CUST-00059,Male,1,Yes,40,Fiber optic,Month-to-month,Credit card,62.45,2525.76,2.0,46.0,45111.0,2022-02-11,No
CUST-00060,Male,0,No,42,Fiber optic,Two year,Credit card,25.04,1117.95,0.0,55.0,38012.0,2023-03-26,No
CUST-00061,Female,0,No,20,Fiber optic,Month-to-month,Bank transfer,40.71,854.12,0.0,35.0,40818.0,2023-10-14,Yes
CUST-00062,Female,0,Yes,8,No,Month-to-month,Electronic check,120.0,969.06,2.0,39.0,,2022-08-02,No
CUST-00063,Female,0,No,5,DSL,Month-to-month,Credit card,49.34,171.42,2.0,26.0,40088.0,2022-03-27,No
CUST-00064,Male,0,Yes,9,Fiber optic,One year,Electronic check,120.0,1066.89,1.0,25.0,21924.0,2018-02-12,Yes
CUST-00065,Male,0,No,23,DSL,Month-to-month,Electronic check,27.7,620.35,3.0,53.0,76587.0,2021-04-30,Yes
CUST-00066,Male,0,Yes,4,Fiber optic,Month-to-month,Electronic check,33.4,76.95,2.0,60.0,43350.0,2021-01-04,No
CUST-00067,Female,0,No,7,Fiber optic,Month-to-month,Mailed check,54.76,309.01,0.0,40.0,49952.0,2021-05-09,No
CUST-00068,Male,0,Yes,15,DSL,Month-to-month,Mailed check,63.09,970.99,1.0,56.0,,2020-10-10,No
CUST-00069,Female,0,Yes,6,DSL,One year,Electronic check,92.69,572.37,1.0,47.0,48419.0,2023-10-26,No
CUST-00070,Male,0,No,21,DSL,Month-to-month,Electronic check,78.52,1590.55,1.0,32.0,58308.0,2023-09-14,No
CUST-00071,Female,0,Yes,61,Fiber optic,Month-to-month,Credit card,52.51,3165.82,0.0,,24164.0,2018-10-22,No
CUST-00072,Male,1,Yes,33,Fiber optic,One year,Mailed check,61.0,2071.06,1.0,63.0,42967.0,2021-06-02,No
CUST-00073,Female,0,No,26,No,Month-to-month,Electronic check,55.43,1397.3,2.0,41.0,70665.0,2024-02-27,No
CUST-00074,Female,0,No,20,DSL,One year,Mailed check,37.56,,0.0,63.0,19279.0,2021-11-03,No
CUST-00075,Male,0,No,16,DSL,Month-to-month,Electronic check,38.36,604.27,0.0,18.0,55298.0,2023-02-22,Yes
CUST-00076,Female,0,Yes,4,Fiber optic,Two year,Bank transfer,95.84,408.68,2.0,53.0,52076.0,2020-05-24,No
CUST-00077,Female,0,No,54,DSL,Two year,Electronic check,18.0,929.19,1.0,43.0,,2020-06-02,No
CUST-00078,Male,1,No,6,DSL,One year,Bank transfer,113.52,685.62,1.0,37.0,91335.0,2020-02-03,No
CUST-00079,Female,0,No,2,Fiber optic,Two year,Bank transfer,54.71,117.86,1.0,43.0,,2018-02-21,No
CUST-00080,Male,0,Yes,33,No,Month-to-month,Credit card,41.82,1391.57,2.0,18.0,118995.0,2023-12-07,No
CUST-00081,Male,0,Yes,4,No,One year,Electronic check,87.19,352.71,2.0,38.0,27006.0,2020-03-30,No
CUST-00082,Male,0,Yes,11,DSL,Month-to-month,Mailed check,109.56,1222.39,0.0,46.0,53186.0,2020-05-10,Yes
CUST-00083,Male,0,No,0,DSL,One year,Credit card,98.53,109.59,2.0,62.0,51569.0,2022-11-15,No
CUST-00084,Female,1,No,3,Fiber optic,Month-to-month,Bank transfer,80.06,368.24,3.0,34.0,,2021-05-19,Yes
CUST-00085,Male,0,No,4,Fiber optic,Month-to-month,Credit card,97.61,358.48,2.0,30.0,87009.0,2020-04-28,No
CUST-00086,Male,0,No,1,Fiber optic,Two year,Credit card,18.0,0.0,1.0,34.0,197758.0,2023-09-02,No
CUST-00087,Female,1,Yes,25,Fiber optic,Month-to-month,Bank transfer,49.35,1263.52,4.0,54.0,48523.0,2023-04-18,No
CUST-00088,Female,0,Yes,43,DSL,One year,Electronic check,37.66,1628.69,0.0,46.0,66370.0,2024-04-07,No
CUST-00089,Male,0,Yes,11,DSL,One year,Bank transfer,101.74,1172.19,3.0,34.0,51570.0,2022-02-10,Yes
CUST-00090,Female,0,No,49,No,Month-to-month,Bank transfer,53.5,2635.74,1.0,49.0,31947.0,2022-06-05,No
CUST-00091,Male,1,Yes,5,Fiber optic,Month-to-month,Bank transfer,90.36,454.73,0.0,43.0,16441.0,2020-01-31,No
CUST-00092,Female,0,Yes,9,Fiber optic,Month-to-month,Bank transfer,81.08,786.17,2.0,55.0,32097.0,2018-08-22,Yes
CUST-00093,Male,0,Yes,3,Fiber optic,Two year,Bank transfer,39.13,180.83,2.0,32.0,21265.0,2018-09-06,No
CUST-00094,Female,0,Yes,23,Fiber optic,Two year,Mailed check,47.39,1020.64,4.0,37.0,136279.0,2022-02-22,No
CUST-00095,Male,0,Yes,13,DSL,One year,Mailed check,103.81,1308.7,0.0,36.0,45749.0,2018-09-23,Yes
CUST-00096,Female,1,No,22,Fiber optic,Two year,Electronic check,41.74,913.0,2.0,21.0,39832.0,2023-10-26,No
CUST-00097,Female,0,Yes,34,Fiber optic,Month-to-month,Credit card,68.75,2342.42,0.0,46.0,83574.0,2022-07-08,No
CUST-00098,Female,0,No,18,DSL,Month-to-month,Credit card,41.52,736.06,4.0,45.0,25007.0,2019-06-15,Yes
CUST-00099,Female,0,No,23,DSL,Month-to-month,Bank transfer,55.58,1300.05,4.0,42.0,30942.0,2019-10-17,Yes
CUST-00100,Male,0,Yes,65,Fiber optic,One year,Electronic check,63.62,4185.11,2.0,38.0,51064.0,2022-07-22,No
CUST-00101,Male,0,No,8,Fiber optic,Month-to-month,Electronic check,41.51,418.22,1.0,22.0,90876.0,2023-04-15,Yes
CUST-00102,Female,0,Yes,10,Fiber optic,One year,Electronic check,36.19,390.85,3.0,36.0,66238.0,2023-05-21,Yes
CUST-00103,Male,0,No,30,Fiber optic,One year,Electronic check,73.59,2165.08,2.0,37.0,56896.0,2021-11-09,Yes
CUST-00104,Male,0,No,22,Fiber optic,Month-to-month,Mailed check,39.66,865.15,3.0,30.0,51373.0,2018-12-30,No
CUST-00105,Female,0,No,4,Fiber optic,Month-to-month,Electronic check,40.68,158.95,0.0,39.0,62326.0,2023-04-02,Yes
CUST-00106,Male,0,Yes,11,Fiber optic,Month-to-month,Electronic check,36.83,430.86,3.0,47.0,55325.0,2023-01-29,No
CUST-00107,Male,0,No,15,DSL,One year,Bank transfer,62.66,959.31,0.0,68.0,26423.0,2023-05-12,No
CUST-00108,Female,1,No,13,DSL,Month-to-month,Credit card,93.31,1315.55,2.0,44.0,50395.0,2019-01-05,No
CUST-00109,Female,0,No,4,Fiber optic,Month-to-month,Electronic check,110.2,417.72,4.0,45.0,25739.0,2022-05-23,Yes
CUST-00110,Female,1,Yes,61,Fiber optic,One year,Mailed check,,2655.66,0.0,40.0,51464.0,2024-02-28,No
CUST-00111,Female,1,Yes,34,No,Month-to-month,Credit card,120.0,4197.74,0.0,18.0,36739.0,2019-08-23,No
CUST-00112,Male,0,Yes,15,Fiber optic,Month-to-month,Credit card,34.86,493.64,1.0,41.0,224948.0,2022-08-07,No
CUST-00113,Female,0,No,27,Fiber optic,One year,Mailed check,97.51,2640.03,1.0,,47861.0,2019-08-30,No
CUST-00114,Female,0,Yes,54,DSL,One year,Electronic check,43.35,2293.66,2.0,76.0,21109.0,2019-12-21,Yes
CUST-00115,Male,1,No,3,Fiber optic,One year,Electronic check,38.87,120.71,2.0,39.0,45228.0,2021-02-10,No
CUST-00116,Female,1,No,6,DSL,Month-to-month,Electronic check,42.66,216.95,2.0,46.0,66944.0,2023-09-28,No
CUST-00117,Male,1,Yes,18,Fiber optic,Month-to-month,Mailed check,63.43,1194.08,4.0,41.0,133788.0,2018-04-01,No
CUST-00118,Male,1,No,38,DSL,One year,Electronic check,82.4,3138.57,0.0,25.0,34417.0,2024-05-07,No
CUST-00119,Male,0,No,0,DSL,Month-to-month,Bank transfer,85.1,0.0,2.0,57.0,18968.0,2022-12-14,Yes
CUST-00120,Female,0,Yes,72,Fiber optic,Two year,Electronic check,36.68,2682.99,3.0,52.0,80025.0,2020-04-22,No
CUST-00121,Male,0,Yes,14,DSL,Month-to-month,Bank transfer,35.31,503.32,1.0,53.0,21410.0,2020-04-09,No
CUST-00122,Male,0,Yes,10,Fiber optic,Month-to-month,Electronic check,37.5,422.64,0.0,29.0,37733.0,2021-02-05,No
CUST-00123,Female,0,No,8,Fiber optic,Month-to-month,Bank transfer,61.66,435.9,0.0,61.0,42000.0,2023-08-14,Yes
CUST-00124,Male,0,No,4,Fiber optic,Two year,Bank transfer,58.7,253.24,0.0,22.0,47014.0,2018-02-11,No
CUST-00125,Male,0,Yes,37,DSL,One year,Bank transfer,36.49,1388.8,2.0,50.0,74124.0,2021-07-08,No
CUST-00126,Male,0,Yes,72,DSL,Month-to-month,Electronic check,73.09,5241.31,1.0,72.0,32526.0,2018-05-12,No
CUST-00127,Male,0,No,12,Fiber optic,One year,Electronic check,120.0,1377.05,1.0,28.0,41596.0,2018-09-28,No
CUST-00128,Male,0,No,72,DSL,Month-to-month,Electronic check,49.86,,1.0,34.0,48602.0,2022-06-07,Yes
CUST-00129,Female,0,No,41,No,Month-to-month,Bank transfer,51.99,2193.0,1.0,43.0,53624.0,2019-07-03,No
CUST-00130,Male,0,No,15,DSL,Month-to-month,Electronic check,81.79,1283.15,4.0,34.0,51984.0,2018-04-08,No
CUST-00131,Female,0,Yes,26,Fiber optic,Month-to-month,Mailed check,48.24,1232.82,0.0,20.0,63678.0,2019-01-20,No
CUST-00132,Female,1,Yes,13,DSL,Month-to-month,Electronic check,85.07,1041.76,1.0,42.0,81332.0,2019-05-04,Yes
CUST-00133,Female,0,Yes,19,Fiber optic,Month-to-month,Electronic check,43.44,803.8,1.0,27.0,62042.0,2022-12-09,Yes
CUST-00134,Female,0,No,1,No,Month-to-month,Bank transfer,119.96,96.54,0.0,48.0,64353.0,2022-01-04,Yes
CUST-00135,Female,0,Yes,28,Fiber optic,Month-to-month,Mailed check,75.34,2131.84,1.0,29.0,18970.0,2022-09-19,No
CUST-00136,Female,0,Yes,1,Fiber optic,Month-to-month,Electronic check,46.4,41.15,3.0,63.0,50520.0,2020-05-16,Yes
CUST-00137,Female,0,Yes,40,DSL,Two year,Bank transfer,47.34,1855.94,2.0,31.0,65362.0,2018-09-23,No
CUST-00138,Male,0,Yes,41,No,One year,Bank transfer,49.59,2088.4,2.0,37.0,75914.0,2023-03-02,No
CUST-00139,Female,0,No,6,Fiber optic,Two year,Electronic check,106.18,644.1,3.0,53.0,32357.0,2018-11-25,No
CUST-00140,Female,0,Yes,9,DSL,Month-to-month,Electronic check,26.94,264.23,2.0,24.0,33010.0,2020-06-15,No
CUST-00141,Male,1,No,15,DSL,Month-to-month,Bank transfer,44.96,588.15,0.0,,34736.0,2019-09-07,No
CUST-00142,Female,0,No,21,DSL,One year,Credit card,48.15,889.94,,60.0,67632.0,2019-11-26,Yes
CUST-00143,Male,0,Yes,8,DSL,One year,Electronic check,64.53,444.36,1.0,19.0,91156.0,2021-11-11,No
CUST-00144,Male,0,Yes,21,No,One year,Bank transfer,56.87,1170.24,,44.0,38388.0,2019-01-21,No
CUST-00145,Male,0,No,8,Fiber optic,One year,Credit card,20.26,190.9,4.0,45.0,84522.0,2020-11-10,No
CUST-00146,Male,0,No,1,DSL,One year,Mailed check,53.01,0.0,2.0,52.0,52790.0,2022-02-05,No
CUST-00147,Female,0,No,0,Fiber optic,One year,Electronic check,62.01,79.64,2.0,24.0,,2023-07-29,No
CUST-00148,Female,0,No,2,Fiber optic,One year,Bank transfer,46.16,100.85,1.0,23.0,43181.0,2020-05-19,No
CUST-00149,Male,0,No,37,DSL,Two year,Electronic check,85.6,,1.0,49.0,76723.0,2020-01-17,No
CUST-00150,Male,0,No,72,DSL,Two year,Mailed check,92.58,,2.0,46.0,59596.0,2020-05-11,No
CUST-00151,Female,0,No,13,DSL,Month-to-month,Electronic check,62.65,839.64,3.0,45.0,192046.0,2021-03-19,Yes
CUST-00152,Male,0,No,17,Fiber optic,Month-to-month,Electronic check,71.92,1226.9,0.0,46.0,29397.0,2020-01-04,No
CUST-00153,Female,1,Yes,3,Fiber optic,Month-to-month,Electronic check,18.0,94.88,3.0,32.0,66893.0,2019-08-10,No
CUST-00154,Female,0,No,19,No,Month-to-month,Bank transfer,52.37,983.34,1.0,45.0,35684.0,2020-05-29,No
CUST-00155,Female,0,No,3,Fiber optic,Month-to-month,Credit card,95.14,309.08,0.0,46.0,29098.0,2022-12-28,No
CUST-00156,Male,1,Yes,22,Fiber optic,Month-to-month,Mailed check,,1205.71,1.0,31.0,48702.0,2019-08-16,No
CUST-00157,Female,0,No,64,No,Month-to-month,Electronic check,42.88,2711.76,0.0,68.0,53231.0,2023-06-02,No
CUST-00158,Male,1,Yes,5,Fiber optic,One year,Bank transfer,120.0,612.11,3.0,48.0,282350.0,2019-10-31,Yes
CUST-00159,Male,0,No,34,Fiber optic,Month-to-month,Mailed check,119.57,3970.99,2.0,25.0,43893.0,2021-11-14,No
CUST-00160,Female,0,No,0,Fiber optic,One year,Bank transfer,79.03,35.13,1.0,51.0,,2024-03-24,No
CUST-00161,Female,0,Yes,11,Fiber optic,Month-to-month,Bank transfer,99.17,1188.6,2.0,28.0,57745.0,2024-02-09,Yes
CUST-00162,Male,0,No,2,Fiber optic,Two year,Credit card,18.0,0.0,2.0,53.0,15000.0,2020-10-15,No
CUST-00163,Female,0,No,10,Fiber optic,One year,Electronic check,41.37,409.13,0.0,58.0,46389.0,2018-06-08,Yes
CUST-00164,Female,0,No,4,Fiber optic,Month-to-month,Electronic check,50.9,247.62,1.0,30.0,49494.0,2023-10-16,Yes
CUST-00165,Female,0,No,11,Fiber optic,Two year,Electronic check,57.92,638.69,0.0,55.0,78965.0,2018-10-25,No
CUST-00166,Female,0,Yes,12,No,Month-to-month,Mailed check,50.3,611.85,1.0,47.0,87919.0,2023-12-04,No
CUST-00167,Female,0,No,8,Fiber optic,Two year,Credit card,18.0,124.45,3.0,53.0,36237.0,2022-09-13,No
CUST-00168,Female,0,Yes,25,DSL,One year,Credit card,76.58,1893.09,2.0,68.0,44785.0,2023-12-29,No
CUST-00169,Female,0,No,60,,Month-to-month,Credit card,81.31,4874.27,1.0,38.0,30956.0,2022-04-09,No
CUST-00170,Female,0,Yes,12,No,Month-to-month,Electronic check,113.06,1358.8,1.0,31.0,24913.0,2024-05-20,Yes
CUST-00171,Male,0,No,5,Fiber optic,Month-to-month,Bank transfer,41.35,147.68,3.0,29.0,59038.0,2020-12-30,No
CUST-00172,Female,0,No,7,DSL,Two year,Mailed check,38.9,269.0,1.0,30.0,22830.0,2020-02-12,No
CUST-00173,Female,0,Yes,46,No,One year,Credit card,18.0,906.43,0.0,40.0,38224.0,2020-07-10,No
CUST-00174,Male,0,Yes,20,DSL,Month-to-month,Electronic check,56.19,1102.84,2.0,46.0,26981.0,2020-03-31,No
CUST-00175,Female,0,No,14,No,Month-to-month,Electronic check,92.03,1226.56,2.0,45.0,68173.0,2020-07-28,No
CUST-00176,Female,0,Yes,3,DSL,Month-to-month,Credit card,46.65,132.38,2.0,53.0,144474.0,2023-09-06,No
CUST-00177,Female,0,No,14,No,Month-to-month,Bank transfer,120.0,1644.27,0.0,42.0,22450.0,2021-10-19,No
CUST-00178,Male,0,Yes,7,DSL,Two year,Credit card,57.3,334.18,1.0,62.0,16126.0,2022-08-28,No
CUST-00179,Female,0,Yes,68,Fiber optic,Month-to-month,Electronic check,69.41,4726.84,0.0,38.0,45481.0,2019-11-06,No
CUST-00180,Male,0,No,51,Fiber optic,Month-to-month,Credit card,24.11,1194.1,1.0,80.0,49484.0,2024-05-08,No
CUST-00181,Male,0,No,2,Fiber optic,Two year,Bank transfer,73.62,116.0,0.0,50.0,55893.0,2019-10-20,No
CUST-00182,Male,0,No,17,Fiber optic,Month-to-month,Bank transfer,18.0,313.67,3.0,29.0,37504.0,2019-01-08,Yes
CUST-00183,Male,0,No,6,Fiber optic,Month-to-month,Bank transfer,85.81,438.2,2.0,27.0,43460.0,2022-12-29,No
CUST-00184,Male,0,No,12,DSL,Month-to-month,Bank transfer,86.73,953.68,2.0,48.0,61114.0,2023-05-20,No
CUST-00185,Male,0,No,50,Fiber optic,One year,Mailed check,105.78,5322.54,3.0,38.0,91515.0,2020-07-11,No
CUST-00186,Female,0,No,17,Fiber optic,One year,Electronic check,34.4,488.26,0.0,51.0,15168.0,2021-06-21,No
CUST-00187,Male,0,Yes,9,Fiber optic,Month-to-month,Mailed check,69.82,579.55,0.0,48.0,,2020-08-28,Yes
CUST-00188,Female,0,Yes,5,DSL,One year,Bank transfer,81.91,319.56,2.0,40.0,55730.0,2019-11-20,No
CUST-00189,Female,0,Yes,38,DSL,One year,Electronic check,78.27,2949.95,1.0,30.0,28260.0,2023-03-21,No
CUST-00190,Male,1,Yes,23,Fiber optic,One year,Electronic check,39.04,919.32,4.0,20.0,138510.0,2022-11-09,No
CUST-00191,Male,0,No,15,Fiber optic,Two year,Bank transfer,18.0,275.62,2.0,35.0,33481.0,2021-02-11,No
CUST-00192,Female,0,No,5,No,Month-to-month,Electronic check,,496.64,3.0,53.0,47821.0,2020-12-03,No
CUST-00193,Male,0,Yes,9,DSL,Month-to-month,Electronic check,60.43,598.22,0.0,44.0,68433.0,2019-02-27,No
CUST-00194,Male,0,Yes,72,No,One year,Credit card,48.0,,1.0,24.0,34379.0,2022-02-02,No
CUST-00195,Female,1,Yes,17,No,Month-to-month,Electronic check,87.92,1434.79,2.0,44.0,16188.0,2023-12-05,Yes
CUST-00196,Male,1,Yes,12,DSL,Month-to-month,Electronic check,63.65,899.13,2.0,47.0,37903.0,2022-08-12,No
CUST-00197,Female,0,Yes,17,Fiber optic,Month-to-month,Mailed check,25.42,485.27,4.0,29.0,90913.0,2021-04-01,Yes
CUST-00198,Female,0,Yes,36,Fiber optic,One year,Mailed check,18.0,677.47,3.0,44.0,40049.0,2018-04-01,No
CUST-00199,Female,0,Yes,9,Fiber optic,Month-to-month,Mailed check,31.13,283.91,1.0,42.0,29499.0,2023-12-20,No
CUST-00200,Male,0,Yes,4,Fiber optic,Month-to-month,Credit card,120.0,493.68,1.0,25.0,85425.0,2019-12-23,Yes
CUST-00201,Male,0,No,21,Fiber optic,Month-to-month,Bank transfer,86.68,1746.18,1.0,47.0,40196.0,2019-12-04,No
CUST-00202,Female,0,No,26,DSL,One year,Mailed check,70.66,1845.01,2.0,49.0,36094.0,2021-01-05,No
CUST-00203,Female,0,Yes,29,DSL,One year,Mailed check,59.55,1730.51,0.0,57.0,53619.0,2020-10-02,No
CUST-00204,Female,0,No,51,DSL,Month-to-month,Mailed check,57.58,2891.37,1.0,56.0,77843.0,2024-03-04,No
CUST-00205,Female,0,No,11,Fiber optic,One year,Electronic check,100.02,1073.29,1.0,22.0,204644.0,2019-01-22,No
CUST-00206,Female,0,Yes,1,DSL,One year,Credit card,50.28,126.04,1.0,28.0,80526.0,2022-06-03,Yes
CUST-00207,Female,1,Yes,72,No,One year,Electronic check,82.31,5920.06,2.0,49.0,98312.0,2018-09-08,No
CUST-00208,Male,0,No,13,Fiber optic,Month-to-month,Bank transfer,54.55,812.71,0.0,49.0,36185.0,2019-10-11,No
CUST-00209,Female,0,Yes,23,Fiber optic,One year,Bank transfer,120.0,2672.97,2.0,49.0,26488.0,2022-08-19,No
CUST-00210,Male,0,Yes,26,No,Two year,Credit card,87.27,2242.91,1.0,85.0,50888.0,2023-02-27,No
CUST-00211,Male,0,No,18,DSL,Month-to-month,Electronic check,102.37,1765.3,0.0,49.0,52276.0,2021-01-03,No
CUST-00212,Female,0,Yes,5,DSL,Month-to-month,Mailed check,,176.88,0.0,57.0,25665.0,2023-01-24,No
CUST-00213,Female,0,Yes,33,No,Month-to-month,Electronic check,96.74,3151.01,0.0,55.0,44126.0,2024-01-01,No
CUST-00214,Male,1,Yes,39,Fiber optic,One year,Credit card,55.62,,1.0,51.0,62292.0,2024-01-02,No
CUST-00215,Female,0,Yes,19,DSL,One year,Mailed check,68.3,1311.04,1.0,37.0,60854.0,2020-03-13,No
CUST-00216,Male,1,No,16,DSL,Month-to-month,Electronic check,114.05,1790.84,1.0,52.0,66341.0,2020-01-02,No
CUST-00217,Male,0,No,2,No,Month-to-month,Bank transfer,33.72,0.0,3.0,31.0,58371.0,2022-08-30,Yes
CUST-00218,Female,0,No,2,Fiber optic,Two year,Electronic check,71.1,216.08,1.0,38.0,36163.0,2022-03-13,No
CUST-00219,Male,0,Yes,9,DSL,One year,Electronic check,78.14,688.97,4.0,35.0,36013.0,2020-07-08,Yes
CUST-00220,Female,0,Yes,8,No,Two year,Mailed check,80.6,588.99,1.0,43.0,23876.0,2019-06-20,No
CUST-00221,Male,1,Yes,72,Fiber optic,Two year,Electronic check,51.48,3720.31,4.0,74.0,143037.0,2021-12-19,No
CUST-00222,Female,0,Yes,36,No,Month-to-month,Credit card,120.0,4330.22,2.0,18.0,49418.0,2020-10-05,No
CUST-00223,Female,0,Yes,25,DSL,Month-to-month,Mailed check,26.15,637.62,4.0,51.0,42834.0,2018-11-06,No
CUST-00224,Female,0,Yes,17,Fiber optic,One year,Bank transfer,108.77,1856.52,0.0,19.0,28077.0,2022-02-06,No
CUST-00225,Female,0,Yes,4,DSL,Month-to-month,Credit card,101.45,348.05,3.0,35.0,285328.0,2022-06-23,Yes
CUST-00226,Female,0,Yes,72,Fiber optic,Month-to-month,Mailed check,120.0,8678.0,3.0,57.0,25745.0,2020-05-03,Yes
CUST-00227,Male,0,No,11,DSL,Month-to-month,Mailed check,18.0,148.16,1.0,42.0,37899.0,2023-05-04,No
CUST-00228,Male,0,Yes,2,DSL,Two year,Electronic check,38.94,47.6,1.0,26.0,62912.0,2018-06-22,Yes
CUST-00229,Female,0,No,16,DSL,Month-to-month,Credit card,109.76,1788.6,3.0,31.0,70271.0,2021-03-07,No
CUST-00230,Male,0,No,49,DSL,Month-to-month,Credit card,18.0,942.2,0.0,51.0,87095.0,2024-02-19,No
CUST-00231,Female,0,Yes,52,No,One year,Electronic check,18.0,1015.29,2.0,31.0,145011.0,2019-03-23,Yes
CUST-00232,Male,0,No,0,DSL,Two year,Electronic check,50.35,52.79,3.0,45.0,66416.0,2019-02-08,No
CUST-00233,Male,1,No,52,Fiber optic,Two year,Credit card,70.76,3663.32,4.0,42.0,26013.0,2020-06-06,No
CUST-00234,Female,0,Yes,7,Fiber optic,One year,Mailed check,112.77,712.34,2.0,32.0,42017.0,2019-09-21,No
CUST-00235,Male,0,No,0,Fiber optic,Month-to-month,Bank transfer,59.44,70.25,2.0,72.0,58965.0,2019-06-04,No
CUST-00236,Male,1,No,45,Fiber optic,Month-to-month,Bank transfer,46.75,2172.28,1.0,50.0,169555.0,2024-02-04,No
CUST-00237,Male,1,Yes,47,Fiber optic,Two year,Bank transfer,74.34,3460.38,0.0,18.0,21190.0,2020-03-18,No
CUST-00238,Female,0,No,21,No,Month-to-month,Credit card,79.09,1706.95,2.0,44.0,100865.0,2018-05-21,No
CUST-00239,Female,0,No,20,Fiber optic,One year,Credit card,78.24,1548.19,2.0,32.0,54608.0,2023-10-10,No
CUST-00240,Male,0,No,40,No,Month-to-month,Credit card,59.66,2461.46,3.0,53.0,81040.0,2020-11-16,Yes
CUST-00241,Female,0,No,37,Fiber optic,Month-to-month,Credit card,18.0,640.26,0.0,30.0,46110.0,2022-09-21,Yes
CUST-00242,Female,0,Yes,52,Fiber optic,One year,Electronic check,37.47,2047.37,1.0,40.0,29570.0,2020-05-10,No
CUST-00243,Female,0,No,19,Fiber optic,Two year,Electronic check,107.61,2083.9,1.0,,76920.0,2024-01-01,No
CUST-00244,Male,0,No,72,DSL,Two year,Credit card,70.61,5173.8,1.0,54.0,72595.0,2019-11-06,No
CUST-00245,Male,0,No,72,DSL,Two year,Electronic check,55.32,3959.85,1.0,25.0,87836.0,2022-04-02,No
CUST-00246,Female,0,No,2,Fiber optic,One year,Bank transfer,98.55,217.35,0.0,37.0,48631.0,2023-04-16,Yes
CUST-00247,Male,0,No,45,DSL,One year,Credit card,31.1,1351.04,5.0,35.0,34204.0,2019-07-12,Yes
CUST-00248,Male,0,No,16,Fiber optic,Two year,Mailed check,58.24,974.04,0.0,32.0,19239.0,2023-02-21,No
CUST-00249,Male,0,No,11,DSL,Month-to-month,Mailed check,69.13,805.38,0.0,66.0,80147.0,2023-01-31,No
CUST-00250,Male,0,No,22,Fiber optic,Two year,Electronic check,51.76,1258.57,1.0,47.0,63217.0,2024-03-09,No
CUST-00251,Female,0,Yes,1,No,One year,Electronic check,68.02,92.12,1.0,24.0,27461.0,2023-12-03,No
CUST-00252,Male,0,Yes,16,Fiber optic,Two year,Bank transfer,59.37,986.12,0.0,54.0,35484.0,2020-06-29,No
CUST-00253,Male,0,Yes,49,DSL,One year,Electronic check,23.02,1104.44,1.0,71.0,37047.0,2021-10-15,No
CUST-00254,Male,0,Yes,5,DSL,Month-to-month,Credit card,70.44,379.27,1.0,56.0,20134.0,2023-12-08,Yes
CUST-00255,Male,0,No,13,No,Month-to-month,Electronic check,25.15,307.96,2.0,20.0,,2018-01-11,No
CUST-00256,Male,0,Yes,67,No,Month-to-month,Bank transfer,69.97,4693.78,1.0,35.0,24827.0,2022-01-09,No
CUST-00257,Female,0,No,13,No,Month-to-month,Electronic check,106.22,1389.59,3.0,59.0,38273.0,2019-05-20,Yes
CUST-00258,Male,0,Yes,10,DSL,Month-to-month,Mailed check,56.57,548.08,0.0,32.0,31469.0,2022-09-27,No
CUST-00259,Male,0,No,13,Fiber optic,One year,Electronic check,29.86,,1.0,48.0,18468.0,2023-02-10,No
CUST-00260,Male,0,Yes,17,No,Month-to-month,Electronic check,61.19,1021.47,0.0,52.0,164975.0,2022-07-29,No
CUST-00261,Male,0,Yes,23,DSL,Month-to-month,Bank transfer,40.04,901.93,1.0,29.0,103935.0,2024-05-22,Yes
CUST-00262,Female,0,Yes,38,DSL,Two year,Credit card,82.84,3201.75,1.0,41.0,30717.0,2021-01-27,No
CUST-00263,Female,0,Yes,14,DSL,Month-to-month,Electronic check,60.56,856.61,6.0,18.0,57725.0,2021-08-08,No
CUST-00264,Female,0,Yes,40,No,Two year,Electronic check,116.29,4668.95,2.0,27.0,62974.0,2020-08-16,No
CUST-00265,Male,0,No,18,Fiber optic,Month-to-month,Bank transfer,99.89,1725.15,0.0,38.0,100172.0,2024-04-01,No
CUST-00266,Male,0,Yes,9,No,Two year,Credit card,60.41,564.86,3.0,24.0,29996.0,2023-12-03,No
CUST-00267,Male,0,No,25,DSL,Month-to-month,Electronic check,86.47,2188.27,1.0,64.0,94396.0,2024-04-30,No
CUST-00268,Female,0,Yes,30,Fiber optic,One year,Electronic check,53.2,1576.08,1.0,21.0,35286.0,2024-04-26,No
CUST-00269,Female,0,Yes,19,DSL,One year,Electronic check,66.02,1358.63,1.0,35.0,21993.0,2023-09-30,No
CUST-00270,Female,0,No,1,DSL,Two year,Electronic check,54.16,0.0,0.0,43.0,75696.0,2023-12-22,No
CUST-00271,Male,1,Yes,4,Fiber optic,Month-to-month,Electronic check,87.99,391.18,1.0,62.0,106346.0,2018-10-08,No
CUST-00272,Male,0,No,8,Fiber optic,Month-to-month,Mailed check,107.99,899.56,1.0,21.0,231594.0,2019-02-11,No
CUST-00273,Female,1,Yes,7,Fiber optic,Two year,Mailed check,88.96,649.8,1.0,58.0,23864.0,2023-09-05,No
CUST-00274,Female,1,No,26,No,Month-to-month,Mailed check,92.66,2417.97,1.0,42.0,74559.0,2022-08-30,No
CUST-00275,Male,0,Yes,0,DSL,Month-to-month,Electronic check,92.69,27.53,2.0,28.0,38335.0,2023-08-13,No
CUST-00276,Male,0,No,33,DSL,Month-to-month,Mailed check,81.54,2734.23,2.0,48.0,78434.0,2022-12-10,No
CUST-00277,Female,0,No,7,Fiber optic,Month-to-month,Electronic check,30.82,179.45,3.0,44.0,20286.0,2018-11-24,Yes
CUST-00278,Male,1,No,8,No,Month-to-month,Electronic check,116.03,943.2,3.0,33.0,22979.0,2023-11-18,No
CUST-00279,Female,0,No,18,Fiber optic,Month-to-month,Mailed check,119.13,2135.17,2.0,42.0,30775.0,2022-12-12,No
CUST-00280,Female,0,No,5,Fiber optic,Month-to-month,Electronic check,57.98,235.21,3.0,36.0,51399.0,2021-08-30,Yes
CUST-00281,Male,0,No,51,Fiber optic,Month-to-month,Credit card,53.88,2783.74,2.0,43.0,33367.0,2021-06-01,No
CUST-00282,Male,0,No,2,DSL,Month-to-month,Electronic check,83.37,,1.0,51.0,72797.0,2021-09-06,Yes
CUST-00283,Female,0,Yes,14,DSL,One year,Bank transfer,81.52,1066.39,0.0,64.0,90774.0,2020-07-03,Yes
CUST-00284,Male,0,No,45,Fiber optic,Two year,Mailed check,58.94,2625.34,2.0,24.0,70245.0,2023-02-25,Yes
CUST-00285,Male,0,Yes,22,No,Month-to-month,Mailed check,27.5,565.06,2.0,71.0,129478.0,2023-10-31,No
CUST-00286,Male,0,Yes,8,Fiber optic,Two year,Bank transfer,74.17,644.78,0.0,18.0,62912.0,2019-08-16,No
CUST-00287,Male,0,Yes,13,Fiber optic,Two year,Electronic check,81.54,1067.68,2.0,39.0,23620.0,2018-03-31,No
CUST-00288,Female,0,No,29,Fiber optic,One year,Electronic check,86.77,2585.45,1.0,50.0,111082.0,2019-04-21,No
CUST-00289,Female,0,No,72,Fiber optic,Two year,Electronic check,75.48,5401.23,2.0,45.0,34095.0,2022-11-10,No
CUST-00290,Male,0,Yes,53,No,Month-to-month,Mailed check,,3057.82,3.0,33.0,84647.0,2023-07-28,No
CUST-00291,Female,0,Yes,10,Fiber optic,Two year,Mailed check,94.82,1090.18,2.0,39.0,126025.0,2020-03-27,No
CUST-00292,Female,1,Yes,72,DSL,One year,Bank transfer,66.98,4840.36,1.0,35.0,64473.0,2018-12-24,No
CUST-00293,Male,0,No,0,Fiber optic,Month-to-month,Electronic check,51.05,43.08,0.0,33.0,19976.0,2023-07-05,No
CUST-00294,Male,0,No,0,Fiber optic,One year,Credit card,59.58,34.68,2.0,53.0,28256.0,2019-05-18,No
CUST-00295,Female,0,Yes,41,Fiber optic,One year,Electronic check,18.0,666.9,3.0,46.0,108406.0,2019-07-21,No
CUST-00296,Male,0,No,5,No,Month-to-month,Electronic check,59.53,326.94,2.0,32.0,44290.0,2018-08-05,No
CUST-00297,Male,0,No,1,DSL,Month-to-month,Credit card,,100.97,1.0,54.0,51418.0,2023-11-03,No
CUST-00298,Male,0,Yes,6,Fiber optic,One year,Electronic check,75.19,438.15,3.0,46.0,77288.0,2020-02-05,No
CUST-00299,Male,0,No,13,Fiber optic,One year,Credit card,110.62,1393.86,1.0,53.0,74443.0,2019-02-07,No
CUST-00300,Female,0,Yes,31,DSL,One year,Electronic check,57.11,,2.0,50.0,57946.0,2024-02-13,No
CUST-00301,Male,0,Yes,23,No,One year,Electronic check,79.62,1782.64,1.0,,43252.0,2020-02-26,No
CUST-00302,Female,0,Yes,6,Fiber optic,Month-to-month,Electronic check,88.78,639.36,3.0,34.0,40635.0,2022-10-18,No
CUST-00303,Male,0,Yes,16,Fiber optic,Month-to-month,Mailed check,120.0,1925.71,2.0,52.0,82021.0,2019-06-24,Yes
CUST-00304,Female,1,No,62,No,Two year,Mailed check,69.34,4237.91,4.0,50.0,68332.0,2022-08-30,No
CUST-00305,Male,0,Yes,40,DSL,Two year,Electronic check,33.67,1321.1,2.0,41.0,42008.0,2019-06-28,No
CUST-00306,Female,0,No,9,Fiber optic,One year,Electronic check,90.44,800.05,3.0,43.0,93832.0,2022-02-03,No
CUST-00307,Male,0,No,72,Fiber optic,Two year,Electronic check,120.0,8760.62,2.0,59.0,45368.0,2020-10-29,No
CUST-00308,Male,0,Yes,29,No,Two year,Electronic check,55.32,1560.05,1.0,33.0,29407.0,2023-02-15,No
CUST-00309,Male,0,Yes,1,Fiber optic,Month-to-month,Credit card,90.23,,4.0,49.0,31089.0,2022-09-08,No
CUST-00310,Female,0,Yes,0,Fiber optic,Month-to-month,Mailed check,101.86,0.0,2.0,39.0,27248.0,2024-01-01,Yes
CUST-00311,Male,1,Yes,4,DSL,Month-to-month,Bank transfer,95.51,407.0,2.0,38.0,41629.0,2020-06-01,No
CUST-00312,Female,0,No,31,No,Month-to-month,Electronic check,68.77,2105.78,1.0,57.0,102768.0,2022-11-03,No
CUST-00313,Male,0,No,4,Fiber optic,One year,Electronic check,44.05,119.25,3.0,53.0,30240.0,2024-03-20,No
CUST-00314,Female,0,No,17,Fiber optic,Month-to-month,Bank transfer,62.56,1053.76,3.0,53.0,54889.0,2020-02-27,No
CUST-00315,Male,0,No,2,DSL,Two year,Credit card,78.76,142.55,2.0,60.0,33056.0,2019-11-11,No
CUST-00316,Male,0,Yes,60,Fiber optic,One year,Credit card,92.25,5505.39,1.0,42.0,41932.0,2022-12-07,No
CUST-00317,Male,0,Yes,10,DSL,One year,Mailed check,75.02,723.26,3.0,51.0,19810.0,2020-11-09,Yes
CUST-00318,Male,0,No,57,No,Month-to-month,Electronic check,53.6,3114.43,1.0,37.0,42945.0,2020-07-23,No
CUST-00319,Female,1,Yes,69,No,Month-to-month,Electronic check,81.66,5618.55,1.0,46.0,43642.0,2021-07-02,No
CUST-00320,Male,0,Yes,0,DSL,One year,Bank transfer,90.8,0.0,,40.0,67790.0,2024-01-01,No
CUST-00321,Female,0,Yes,14,Fiber optic,Two year,Electronic check,76.39,1046.35,0.0,43.0,56048.0,2018-07-16,No
CUST-00322,Male,0,Yes,0,Fiber optic,Two year,Credit card,39.91,2.72,0.0,50.0,23884.0,2020-12-27,No
CUST-00323,Female,0,No,57,No,One year,Bank transfer,59.56,3328.11,2.0,,93950.0,2018-09-16,No
CUST-00324,Female,0,No,17,Fiber optic,Month-to-month,Credit card,93.43,1669.61,2.0,71.0,55613.0,2023-09-02,No
CUST-00325,Female,0,No,1,No,Month-to-month,Bank transfer,23.51,66.89,2.0,27.0,55217.0,2018-11-17,No
CUST-00326,Male,0,No,2,Fiber optic,Two year,Bank transfer,18.0,107.51,1.0,25.0,48751.0,2018-07-30,No
CUST-00327,Female,0,No,11,DSL,Month-to-month,Electronic check,110.24,1232.25,1.0,58.0,35930.0,2024-03-08,Yes
CUST-00328,Male,0,No,67,Fiber optic,One year,Mailed check,80.34,5278.1,3.0,53.0,55864.0,2021-08-12,No
CUST-00329,Male,0,Yes,28,Fiber optic,One year,Electronic check,83.2,2406.37,0.0,50.0,65209.0,2023-04-20,No
CUST-00330,Female,0,No,48,DSL,Month-to-month,Bank transfer,32.7,,2.0,50.0,17186.0,2021-01-06,No
CUST-00331,Male,1,Yes,10,DSL,Month-to-month,Mailed check,87.13,832.19,1.0,41.0,35480.0,2020-10-17,Yes
CUST-00332,Female,0,Yes,1,No,Two year,Bank transfer,73.26,81.08,1.0,29.0,42067.0,2023-11-06,Yes
CUST-00333,Female,0,Yes,72,Fiber optic,Two year,Bank transfer,18.0,1364.91,2.0,43.0,57165.0,2024-05-08,No
CUST-00334,Female,0,Yes,0,DSL,Two year,Bank transfer,107.73,52.66,3.0,32.0,100306.0,2021-12-20,No
CUST-00335,Male,0,No,70,No,Month-to-month,Electronic check,69.76,4928.51,1.0,55.0,30851.0,2023-11-22,Yes
CUST-00336,Female,0,Yes,11,DSL,Month-to-month,Credit card,53.12,568.73,4.0,39.0,36359.0,2023-07-15,Yes
CUST-00337,Male,0,No,0,DSL,Two year,Electronic check,53.66,0.0,2.0,30.0,36043.0,2021-06-28,No
CUST-00338,Male,0,Yes,28,Fiber optic,Month-to-month,Credit card,18.0,521.3,1.0,37.0,30305.0,2024-01-15,No
CUST-00339,Female,0,No,72,No,One year,Mailed check,82.8,5955.1,4.0,47.0,39802.0,2019-05-08,No
CUST-00340,Female,0,Yes,72,Fiber optic,Month-to-month,Credit card,72.86,5290.39,1.0,34.0,77845.0,2023-09-05,No
CUST-00341,Female,0,No,4,Fiber optic,One year,Mailed check,59.18,278.23,2.0,30.0,26048.0,2019-12-26,No
CUST-00342,Male,0,No,4,DSL,Month-to-month,Bank transfer,103.35,442.97,1.0,45.0,63366.0,2018-03-13,No
CUST-00343,Female,0,Yes,20,Fiber optic,Two year,Mailed check,23.48,343.3,0.0,45.0,17656.0,2023-01-19,No
CUST-00344,Female,0,No,24,Fiber optic,Two year,Bank transfer,47.1,1136.8,1.0,34.0,35003.0,2023-12-20,No
CUST-00345,Male,1,Yes,32,No,Month-to-month,Electronic check,39.5,1258.56,1.0,35.0,40227.0,2019-05-23,No
CUST-00346,Male,0,No,4,Fiber optic,Month-to-month,Bank transfer,56.64,234.96,1.0,45.0,133909.0,2021-06-05,No
CUST-00347,Male,0,No,72,DSL,One year,Electronic check,67.02,4787.72,2.0,21.0,41569.0,2022-10-22,No
CUST-00348,Male,1,Yes,24,Fiber optic,Month-to-month,Bank transfer,77.9,1803.36,1.0,22.0,15000.0,2020-02-16,No
CUST-00349,Male,0,No,45,DSL,Two year,Electronic check,54.59,2479.71,1.0,31.0,15000.0,2018-12-11,No
CUST-00350,Female,0,Yes,18,No,Month-to-month,Electronic check,38.68,678.42,3.0,39.0,50031.0,2020-07-08,No
CUST-00351,Male,0,No,12,DSL,Month-to-month,Credit card,115.58,1415.69,0.0,46.0,,2020-12-05,No
CUST-00352,Female,0,Yes,72,DSL,One year,Credit card,120.0,8606.45,2.0,62.0,61406.0,2022-10-06,No
CUST-00353,Female,0,No,20,Fiber optic,One year,Bank transfer,69.3,1456.8,1.0,54.0,54205.0,2019-04-11,No
CUST-00354,Male,1,No,48,,Month-to-month,Credit card,42.3,2080.45,0.0,39.0,98455.0,2023-03-25,No
CUST-00355,Male,0,No,72,DSL,Month-to-month,Electronic check,109.26,7881.56,1.0,41.0,35463.0,2021-03-22,No
CUST-00356,Female,1,Yes,27,Fiber optic,Month-to-month,Electronic check,21.6,572.54,1.0,27.0,83863.0,2023-10-19,No
CUST-00357,Female,0,Yes,19,Fiber optic,Month-to-month,Electronic check,54.96,1086.86,1.0,41.0,18412.0,2021-08-18,No
CUST-00358,Female,0,No,0,Fiber optic,Month-to-month,Electronic check,44.12,19.63,2.0,37.0,28482.0,2020-11-12,Yes
CUST-00359,Male,0,Yes,0,No,Two year,Electronic check,30.21,11.93,0.0,46.0,,2019-11-03,No
CUST-00360,Female,0,No,5,Fiber optic,Month-to-month,Bank transfer,56.6,335.14,0.0,30.0,41568.0,2018-09-06,No
CUST-00361,Female,0,No,4,No,Month-to-month,Electronic check,39.07,227.61,1.0,49.0,47678.0,2020-05-20,No
CUST-00362,Male,1,Yes,7,DSL,One year,Electronic check,65.38,395.04,2.0,63.0,52494.0,2020-08-27,No
CUST-00363,Male,1,No,8,DSL,Month-to-month,Bank transfer,65.82,474.04,0.0,40.0,50875.0,2021-08-24,Yes
CUST-00364,Female,0,No,10,Fiber optic,Two year,Electronic check,46.36,424.59,1.0,47.0,28098.0,2023-07-08,No
CUST-00365,Male,0,Yes,13,DSL,One year,Mailed check,53.88,625.32,1.0,51.0,43732.0,2020-12-22,No
CUST-00366,Female,0,Yes,2,DSL,Month-to-month,Electronic check,58.07,113.0,0.0,36.0,19960.0,2020-01-07,Yes
CUST-00367,Female,1,Yes,1,No,Two year,Credit card,89.3,119.31,3.0,45.0,111072.0,2023-08-09,No
CUST-00368,Female,0,Yes,26,Fiber optic,Month-to-month,Electronic check,60.55,1573.23,2.0,42.0,40856.0,2022-09-16,No
CUST-00369,Female,0,No,18,DSL,One year,Credit card,89.74,1588.61,1.0,,36558.0,2019-12-21,No
CUST-00370,Male,0,Yes,14,Fiber optic,Two year,Mailed check,82.57,1212.3,1.0,31.0,127180.0,2019-01-27,No
CUST-00371,Female,0,Yes,24,DSL,Two year,Electronic check,82.15,1978.63,1.0,42.0,23263.0,2019-11-13,No
CUST-00372,Male,0,Yes,42,Fiber optic,Month-to-month,Electronic check,106.64,4496.03,,48.0,24950.0,2018-10-17,Yes
CUST-00373,Female,0,Yes,13,DSL,Month-to-month,Bank transfer,31.42,466.17,3.0,62.0,25393.0,2023-10-18,No
CUST-00374,Female,1,No,24,DSL,Month-to-month,Credit card,50.8,1213.04,3.0,55.0,47064.0,2021-12-04,No
CUST-00375,Male,0,No,72,DSL,One year,Electronic check,117.9,8591.81,2.0,72.0,63511.0,2023-07-17,No
CUST-00376,Male,0,No,43,No,Two year,Electronic check,57.28,2440.65,4.0,31.0,76405.0,2023-04-07,Yes
CUST-00377,Female,0,Yes,13,DSL,Month-to-month,Mailed check,18.0,,0.0,54.0,229394.0,2018-12-26,No
CUST-00378,Male,0,No,24,Fiber optic,Month-to-month,Mailed check,58.91,1365.1,0.0,44.0,15000.0,2020-11-03,No
CUST-00379,Male,0,No,4,DSL,Two year,Credit card,69.05,302.07,,72.0,70632.0,2024-03-27,No
CUST-00380,Female,0,Yes,19,Fiber optic,Month-to-month,Mailed check,18.0,309.87,1.0,30.0,35091.0,2019-07-02,No
CUST-00381,Female,1,Yes,72,Fiber optic,Month-to-month,Electronic check,105.02,7617.42,0.0,30.0,34480.0,2018-04-28,Yes
CUST-00382,Male,0,Yes,17,Fiber optic,Month-to-month,Credit card,43.59,717.12,3.0,33.0,33797.0,2020-03-21,No
CUST-00383,Female,0,Yes,63,Fiber optic,Month-to-month,Mailed check,74.86,4730.72,1.0,18.0,28416.0,2021-04-12,Yes
CUST-00384,Male,0,No,12,No,Two year,Bank transfer,58.22,666.11,2.0,34.0,,2018-05-11,No
CUST-00385,Female,0,No,72,DSL,Two year,Bank transfer,26.35,1944.06,3.0,31.0,81257.0,2020-09-26,No
CUST-00386,Male,0,Yes,20,DSL,Month-to-month,Electronic check,32.88,624.81,4.0,44.0,49707.0,2019-08-17,Yes
CUST-00387,Male,1,Yes,1,No,Two year,Electronic check,36.95,121.12,0.0,46.0,,2019-05-12,Yes
CUST-00388,Male,0,Yes,21,No,Month-to-month,Electronic check,97.57,1999.17,0.0,68.0,19781.0,2019-09-11,Yes
CUST-00389,Female,1,Yes,7,Fiber optic,Two year,Credit card,60.57,356.71,0.0,55.0,,2018-09-04,No
CUST-00390,Female,0,No,0,Fiber optic,Month-to-month,Bank transfer,49.34,47.58,1.0,33.0,15000.0,2018-06-29,Yes
CUST-00391,Male,0,No,41,DSL,Two year,Electronic check,36.96,1485.78,,29.0,32220.0,2021-10-28,No
CUST-00392,Male,0,Yes,7,Fiber optic,Month-to-month,Bank transfer,100.88,705.8,0.0,48.0,54015.0,2024-01-30,No
CUST-00393,Female,0,Yes,38,DSL,Month-to-month,Bank transfer,108.93,4123.23,1.0,23.0,52141.0,2023-03-01,No
CUST-00394,Male,0,No,8,No,Two year,Electronic check,,738.69,3.0,67.0,53616.0,2023-05-08,No
CUST-00395,Male,0,No,5,DSL,Month-to-month,Mailed check,79.77,395.0,2.0,58.0,21022.0,2022-09-19,Yes
CUST-00396,Female,0,No,72,Fiber optic,Two year,Bank transfer,73.69,5368.93,2.0,35.0,79371.0,2024-02-18,No
CUST-00397,Female,0,Yes,10,Fiber optic,Month-to-month,Electronic check,28.52,335.36,1.0,18.0,56600.0,2024-02-06,No
CUST-00398,Male,1,Yes,22,DSL,Month-to-month,Credit card,57.63,1279.45,0.0,60.0,76102.0,2022-12-29,No
CUST-00399,Female,0,No,22,Fiber optic,Two year,Bank transfer,44.48,1034.17,1.0,40.0,15746.0,2022-08-05,No
CUST-00400,Female,0,No,19,No,One year,Electronic check,18.0,289.02,1.0,59.0,59094.0,2019-12-17,Yes
CUST-00401,Female,0,Yes,59,Fiber optic,Month-to-month,Credit card,96.71,5689.62,1.0,19.0,24036.0,2018-08-02,No
CUST-00402,Female,0,Yes,26,No,Month-to-month,Electronic check,44.13,1167.17,5.0,33.0,38623.0,2018-08-06,No
CUST-00403,Female,0,Yes,12,DSL,One year,Credit card,100.88,1204.04,2.0,42.0,67549.0,2022-09-22,No
CUST-00404,Female,0,No,47,DSL,Month-to-month,Electronic check,91.45,4285.81,,42.0,51774.0,2018-03-08,No
CUST-00405,Female,0,Yes,4,No,Month-to-month,Bank transfer,81.7,266.77,2.0,35.0,29409.0,2023-03-28,No
CUST-00406,Female,0,No,18,DSL,One year,Bank transfer,83.39,1396.95,4.0,50.0,49205.0,2020-05-08,No
CUST-00407,Female,0,Yes,72,Fiber optic,One year,Electronic check,,3391.77,0.0,27.0,19556.0,2019-03-27,No
CUST-00408,Male,0,No,23,Fiber optic,Two year,Mailed check,120.0,2772.16,1.0,40.0,97749.0,2020-08-12,No
CUST-00409,Male,0,Yes,40,Fiber optic,One year,Mailed check,66.29,2696.7,1.0,43.0,43339.0,2022-07-06,No
CUST-00410,Female,1,Yes,25,Fiber optic,Month-to-month,Bank transfer,74.06,1829.64,0.0,49.0,95906.0,2019-10-07,No
CUST-00411,Female,0,Yes,43,Fiber optic,Month-to-month,Electronic check,45.53,1922.15,0.0,51.0,35741.0,2019-02-11,No
CUST-00412,Female,0,Yes,69,No,Month-to-month,Credit card,37.07,2558.16,2.0,26.0,35805.0,2022-09-25,No
CUST-00413,Male,0,Yes,7,DSL,Month-to-month,Bank transfer,79.32,597.95,0.0,20.0,30992.0,2023-08-26,Yes
CUST-00414,Male,0,Yes,4,Fiber optic,Month-to-month,Electronic check,71.53,274.55,4.0,59.0,82926.0,2021-10-03,Yes
CUST-00415,Male,0,No,15,DSL,Two year,Bank transfer,41.32,659.89,4.0,,32027.0,2021-05-12,No
CUST-00416,Female,0,No,29,Fiber optic,Two year,Mailed check,21.85,583.33,2.0,31.0,72168.0,2022-11-04,No
CUST-00417,Male,0,Yes,6,DSL,One year,Credit card,26.9,153.33,4.0,63.0,38969.0,2022-09-13,Yes
CUST-00418,Female,0,Yes,0,Fiber optic,One year,Electronic check,100.88,0.0,0.0,43.0,15000.0,2018-01-15,No
CUST-00419,Female,0,No,10,DSL,Month-to-month,Electronic check,46.6,527.32,0.0,58.0,34815.0,2019-10-23,No
CUST-00420,Female,0,No,72,DSL,One year,Electronic check,54.83,3958.14,2.0,42.0,24161.0,2023-12-24,No
CUST-00421,Female,1,No,28,Fiber optic,Two year,Credit card,108.51,3125.58,3.0,70.0,50028.0,2024-02-28,No
CUST-00422,Female,1,No,12,DSL,One year,Mailed check,31.34,,0.0,66.0,23998.0,2021-04-10,No
CUST-00423,Female,1,Yes,5,Fiber optic,Month-to-month,Electronic check,43.19,222.45,2.0,38.0,85441.0,2021-08-05,No
CUST-00424,Male,0,Yes,10,Fiber optic,One year,Mailed check,41.94,428.37,1.0,55.0,46413.0,2018-01-02,No
CUST-00425,Female,0,No,4,DSL,One year,Electronic check,113.54,485.16,,51.0,44065.0,2022-04-25,No
CUST-00426,Male,0,No,2,Fiber optic,Month-to-month,Electronic check,120.0,199.33,2.0,61.0,72659.0,2019-05-13,Yes
CUST-00427,Male,0,Yes,56,No,Month-to-month,Bank transfer,87.55,4987.02,1.0,28.0,87408.0,2018-10-27,No
CUST-00428,Female,0,Yes,72,No,One year,Electronic check,,6372.65,0.0,51.0,48433.0,2019-12-15,No
CUST-00429,Male,0,No,4,Fiber optic,One year,Mailed check,47.59,,0.0,56.0,30861.0,2022-04-07,No
CUST-00430,Female,0,No,1,DSL,Two year,Mailed check,,119.2,3.0,18.0,16909.0,2020-10-19,No
CUST-00431,Male,0,Yes,9,DSL,Month-to-month,Mailed check,73.03,641.61,0.0,25.0,32479.0,2020-03-28,No
CUST-00432,Female,0,Yes,14,Fiber optic,Month-to-month,Electronic check,90.59,1407.42,2.0,18.0,33849.0,2022-08-30,No
CUST-00433,Female,1,No,5,Fiber optic,Month-to-month,Bank transfer,61.83,361.65,1.0,38.0,52272.0,2023-03-22,No
CUST-00434,Female,1,Yes,8,DSL,Month-to-month,Electronic check,56.96,458.16,1.0,52.0,39851.0,2023-07-30,No
CUST-00435,Male,0,No,5,Fiber optic,One year,Mailed check,114.89,568.85,0.0,63.0,74069.0,2020-11-08,No
CUST-00436,Male,0,Yes,35,No,Two year,Electronic check,81.19,2889.2,1.0,,33935.0,2022-08-09,No
CUST-00437,Female,0,No,29,Fiber optic,One year,Mailed check,108.54,3197.6,0.0,64.0,47371.0,2023-09-06,Yes
CUST-00438,Female,0,Yes,24,Fiber optic,Two year,Mailed check,72.66,1598.26,1.0,22.0,99747.0,2023-10-31,No
CUST-00439,Male,0,No,11,DSL,Month-to-month,Bank transfer,39.55,467.2,1.0,18.0,60179.0,2021-02-27,No
CUST-00440,Female,0,Yes,57,Fiber optic,Month-to-month,Bank transfer,47.5,2708.9,,41.0,47286.0,2020-04-12,No
CUST-00441,Male,0,No,72,Fiber optic,Month-to-month,Mailed check,68.09,4836.92,0.0,47.0,34160.0,2023-10-11,No
CUST-00442,Male,0,No,4,Fiber optic,One year,Electronic check,46.2,228.81,2.0,41.0,33525.0,2019-09-05,No
CUST-00443,Female,1,No,6,Fiber optic,Month-to-month,Bank transfer,31.78,302.99,0.0,18.0,29425.0,2023-02-11,Yes
CUST-00444,Male,0,Yes,17,Fiber optic,One year,Credit card,101.04,1745.52,0.0,40.0,,2023-10-30,No
CUST-00445,Male,0,No,2,Fiber optic,Month-to-month,Electronic check,48.65,152.32,2.0,23.0,77141.0,2022-09-30,No
CUST-00446,Female,0,Yes,13,DSL,Month-to-month,Electronic check,69.15,989.16,2.0,51.0,42910.0,2022-05-12,No
CUST-00447,Female,1,No,20,No,Month-to-month,Electronic check,73.88,1436.09,2.0,47.0,21810.0,2018-04-29,No
CUST-00448,Female,0,Yes,17,No,Month-to-month,Mailed check,47.36,712.24,0.0,28.0,141619.0,2019-04-22,No
CUST-00449,Male,0,No,9,Fiber optic,Two year,Electronic check,108.52,1009.52,1.0,34.0,59395.0,2022-04-11,Yes
CUST-00450,Female,0,No,18,DSL,Two year,Credit card,31.49,554.44,4.0,27.0,21074.0,2023-01-14,Yes
CUST-00451,Female,0,Yes,72,DSL,Month-to-month,Mailed check,72.85,5176.49,1.0,41.0,37604.0,2018-05-29,No
CUST-00452,Female,0,Yes,5,No,Two year,Electronic check,72.38,357.99,2.0,55.0,52393.0,2018-02-14,No
CUST-00453,Male,0,No,25,No,One year,Credit card,63.37,1620.63,1.0,28.0,136319.0,2019-12-31,No
CUST-00454,Male,0,Yes,1,DSL,One year,Electronic check,26.09,,2.0,49.0,25213.0,2022-02-20,No
CUST-00455,Female,1,No,1,Fiber optic,Month-to-month,Electronic check,91.12,51.78,4.0,34.0,88046.0,2021-04-14,No
CUST-00456,Male,0,Yes,19,Fiber optic,One year,Electronic check,87.31,1647.71,2.0,30.0,113515.0,2018-01-20,No
CUST-00457,Male,1,No,2,DSL,Month-to-month,Electronic check,44.73,88.49,1.0,40.0,33617.0,2018-12-22,Yes
CUST-00458,Male,0,No,0,Fiber optic,Month-to-month,Bank transfer,86.22,0.0,2.0,27.0,41501.0,2022-10-29,No
CUST-00459,Male,0,No,4,Fiber optic,Month-to-month,Electronic check,76.25,297.86,2.0,34.0,26323.0,2019-11-29,No
CUST-00460,Male,0,No,19,DSL,One year,Bank transfer,26.58,437.8,0.0,25.0,43387.0,2018-10-02,No
CUST-00461,Female,0,No,29,DSL,One year,Bank transfer,39.38,1174.97,2.0,69.0,47956.0,2018-04-30,No
CUST-00462,Female,1,Yes,5,DSL,Two year,Electronic check,99.15,417.7,1.0,42.0,,2023-06-16,No
CUST-00463,Male,0,Yes,26,No,One year,Mailed check,74.28,1981.91,1.0,32.0,94288.0,2021-01-10,No
CUST-00464,Female,0,Yes,4,Fiber optic,Two year,Mailed check,48.07,171.82,1.0,44.0,,2021-03-26,No
CUST-00465,Female,0,Yes,22,Fiber optic,One year,Credit card,39.25,836.35,2.0,40.0,15057.0,2018-05-24,Yes
CUST-00466,Male,0,Yes,12,Fiber optic,Month-to-month,Electronic check,49.54,609.2,2.0,38.0,48399.0,2021-02-18,No
CUST-00467,Female,0,No,25,No,One year,Electronic check,51.67,1248.45,2.0,50.0,58461.0,2022-02-22,No
CUST-00468,Male,0,Yes,72,DSL,Month-to-month,Credit card,39.62,2866.58,2.0,52.0,56934.0,2018-10-15,No
CUST-00469,Male,0,Yes,66,DSL,One year,Electronic check,18.0,1151.39,1.0,34.0,40295.0,2023-10-16,No
CUST-00470,Female,0,No,0,DSL,One year,Electronic check,99.2,0.0,2.0,33.0,52830.0,2023-01-10,No
CUST-00471,Female,0,No,51,,One year,Bank transfer,94.12,4820.39,2.0,38.0,121694.0,2023-02-22,Yes
CUST-00472,Male,0,Yes,1,Fiber optic,Month-to-month,Electronic check,26.8,0.0,4.0,18.0,61638.0,2021-06-11,Yes
CUST-00473,Male,0,Yes,72,Fiber optic,One year,Mailed check,69.09,4911.26,0.0,20.0,39182.0,2020-02-22,No
CUST-00474,Male,0,Yes,7,DSL,Month-to-month,Credit card,37.93,277.92,1.0,61.0,36311.0,2022-02-09,No
CUST-00475,Female,0,Yes,11,Fiber optic,Month-to-month,Mailed check,57.15,627.31,0.0,65.0,44271.0,2019-06-13,No
CUST-00476,Male,0,No,2,DSL,One year,Mailed check,54.66,117.75,2.0,38.0,130881.0,2018-11-17,No
CUST-00477,Female,0,No,2,Fiber optic,One year,Electronic check,52.16,120.7,2.0,50.0,43915.0,2021-06-15,No
CUST-00478,Male,1,No,31,DSL,Month-to-month,Bank transfer,120.0,3722.87,1.0,46.0,48442.0,2021-01-26,No
CUST-00479,Male,0,No,69,Fiber optic,One year,Bank transfer,51.79,3603.91,0.0,85.0,36702.0,2018-12-19,No
CUST-00480,Female,0,No,22,Fiber optic,One year,Electronic check,40.75,901.37,3.0,57.0,94787.0,2021-05-27,Yes
CUST-00481,Male,0,No,30,No,Month-to-month,Electronic check,42.12,1163.23,3.0,40.0,158879.0,2021-07-04,No
CUST-00482,Female,1,Yes,34,DSL,One year,Bank transfer,96.31,3187.15,1.0,28.0,64239.0,2023-08-04,No
CUST-00483,Female,0,Yes,7,Fiber optic,Month-to-month,Mailed check,18.0,222.4,0.0,19.0,51516.0,2022-11-14,No
CUST-00484,Female,0,No,1,No,One year,Mailed check,42.12,42.12,2.0,,50114.0,2019-05-25,No
CUST-00485,Female,0,No,0,DSL,Month-to-month,Mailed check,108.4,47.51,1.0,31.0,,2023-04-01,No
CUST-00486,Female,0,No,10,Fiber optic,Month-to-month,Electronic check,72.32,705.91,1.0,22.0,76656.0,2024-03-20,No
CUST-00487,Male,0,No,6,Fiber optic,Two year,Electronic check,70.76,421.66,1.0,32.0,53130.0,2022-08-07,No
CUST-00488,Female,0,Yes,1,DSL,Two year,Credit card,120.0,97.33,0.0,26.0,63386.0,2023-01-18,No
CUST-00489,Female,1,Yes,4,DSL,One year,Mailed check,72.39,,2.0,65.0,31988.0,2019-09-17,No
CUST-00490,Male,1,No,3,DSL,Month-to-month,Mailed check,43.75,143.91,1.0,54.0,38922.0,2024-05-13,No
CUST-00491,Male,0,No,59,Fiber optic,Month-to-month,Electronic check,56.54,3309.12,3.0,41.0,38306.0,2019-02-18,Yes
CUST-00492,Male,1,Yes,3,DSL,One year,Electronic check,30.94,10.24,1.0,62.0,90488.0,2022-10-26,No
CUST-00493,Male,0,Yes,18,DSL,Month-to-month,Electronic check,102.68,1946.93,3.0,43.0,39055.0,2020-07-14,No
CUST-00494,Male,0,Yes,21,Fiber optic,Two year,Electronic check,82.24,1718.88,3.0,29.0,171030.0,2020-04-16,No
CUST-00495,Male,0,Yes,18,Fiber optic,Month-to-month,Mailed check,98.73,,3.0,63.0,63482.0,2019-10-31,No
CUST-00496,Female,0,Yes,2,DSL,Month-to-month,Mailed check,101.39,245.58,5.0,49.0,22801.0,2020-10-30,No
CUST-00497,Female,0,Yes,9,Fiber optic,One year,Electronic check,52.57,449.99,4.0,27.0,45382.0,2023-01-28,No
CUST-00498,Female,0,Yes,1,No,One year,Credit card,36.66,70.28,1.0,39.0,33156.0,2024-01-14,No
CUST-00499,Female,0,No,12,DSL,Month-to-month,Mailed check,63.45,731.19,1.0,29.0,15000.0,2020-09-02,No
CUST-00500,Male,0,Yes,5,DSL,Two year,Bank transfer,38.82,144.58,0.0,22.0,,2022-03-07,No
CUST-00501,Male,0,No,19,DSL,One year,Electronic check,69.95,1387.27,2.0,54.0,74748.0,2023-01-21,No
CUST-00502,Female,0,No,28,DSL,Two year,Electronic check,98.96,2762.97,2.0,68.0,67502.0,2018-08-22,No
CUST-00503,Female,0,Yes,18,Fiber optic,One year,Bank transfer,59.96,1105.21,1.0,22.0,54135.0,2024-02-29,No
CUST-00504,Female,0,Yes,13,No,One year,Electronic check,69.5,924.05,2.0,49.0,21392.0,2019-05-11,No
CUST-00505,Female,0,Yes,11,Fiber optic,Month-to-month,Electronic check,62.18,715.88,1.0,32.0,36674.0,2023-11-15,Yes
CUST-00506,Female,0,Yes,44,Fiber optic,One year,Electronic check,89.08,3841.69,0.0,,81232.0,2024-04-30,No
CUST-00507,Female,1,Yes,5,Fiber optic,One year,Electronic check,44.97,195.59,1.0,33.0,26088.0,2018-08-24,No
CUST-00508,Male,0,Yes,31,DSL,Month-to-month,Mailed check,18.0,541.78,1.0,,15000.0,2023-09-23,No
CUST-00509,Male,0,Yes,34,DSL,Month-to-month,Bank transfer,79.13,2648.85,3.0,42.0,42776.0,2022-02-10,Yes
CUST-00510,Female,1,No,13,Fiber optic,One year,Electronic check,94.64,,2.0,30.0,45023.0,2023-04-01,No
CUST-00511,Male,0,No,8,Fiber optic,Month-to-month,Electronic check,78.39,686.46,1.0,45.0,,2018-09-13,No
CUST-00512,Female,0,No,15,DSL,Month-to-month,Credit card,45.79,754.11,1.0,41.0,75895.0,2023-05-09,No
CUST-00513,Male,0,No,2,DSL,Month-to-month,Electronic check,30.95,44.94,1.0,,71866.0,2022-01-06,Yes
CUST-00514,Male,0,No,1,Fiber optic,Month-to-month,Bank transfer,79.83,94.43,,29.0,57254.0,2021-04-11,Yes
CUST-00515,Female,0,No,2,Fiber optic,One year,Credit card,69.24,160.76,1.0,33.0,100440.0,2021-08-05,No
CUST-00516,Female,0,No,4,Fiber optic,Month-to-month,Electronic check,61.23,275.98,2.0,52.0,,2022-10-11,No
CUST-00517,Male,0,Yes,16,Fiber optic,Month-to-month,Electronic check,119.67,1870.81,1.0,49.0,66353.0,2019-11-29,No
CUST-00518,Female,1,No,45,Fiber optic,Month-to-month,Credit card,36.6,1738.03,0.0,28.0,71390.0,2024-01-20,No
CUST-00519,Male,0,Yes,6,DSL,Month-to-month,Electronic check,118.25,755.83,2.0,43.0,23301.0,2019-12-22,Yes
CUST-00520,Female,0,Yes,65,No,One year,Electronic check,65.95,4334.38,2.0,52.0,19896.0,2023-08-17,No
CUST-00521,Female,0,Yes,72,DSL,Month-to-month,Mailed check,18.0,1356.17,3.0,18.0,31333.0,2018-01-29,No
CUST-00522,Male,0,Yes,72,,Month-to-month,Electronic check,59.62,4319.35,0.0,49.0,32960.0,2023-11-18,No
CUST-00523,Female,0,No,43,No,Month-to-month,Credit card,93.78,3981.17,0.0,32.0,77037.0,2023-06-19,No
CUST-00524,Female,0,No,10,DSL,Two year,Electronic check,54.05,533.55,0.0,49.0,33903.0,2018-10-18,No
CUST-00525,Male,1,No,1,Fiber optic,Month-to-month,Mailed check,20.76,0.0,1.0,31.0,29324.0,2022-09-23,Yes
CUST-00526,Female,0,Yes,20,No,Two year,Mailed check,60.06,1221.95,1.0,18.0,33962.0,2020-05-26,No
CUST-00527,Female,0,No,19,Fiber optic,Month-to-month,Mailed check,39.28,737.86,3.0,19.0,95911.0,2021-01-29,No
CUST-00528,Female,0,No,45,DSL,One year,Mailed check,79.75,3586.72,3.0,42.0,49405.0,2018-06-10,No
CUST-00529,Female,1,Yes,72,Fiber optic,Month-to-month,Credit card,88.2,6410.6,2.0,45.0,44022.0,2019-05-14,No
CUST-00530,Male,1,No,17,No,Month-to-month,Credit card,33.31,543.42,4.0,29.0,45889.0,2024-02-13,No
CUST-00531,Male,0,Yes,10,Fiber optic,One year,Electronic check,43.83,425.69,1.0,50.0,106429.0,2020-09-06,No
CUST-00532,Female,0,Yes,4,Fiber optic,One year,Bank transfer,87.7,351.9,1.0,18.0,31272.0,2018-03-02,Yes
CUST-00533,Female,0,No,0,No,Month-to-month,Electronic check,39.23,0.0,1.0,41.0,107937.0,2021-04-21,No
CUST-00534,Female,0,No,17,No,Month-to-month,Mailed check,32.54,539.88,1.0,25.0,55619.0,2024-05-19,No
CUST-00535,Male,0,Yes,19,Fiber optic,Month-to-month,Electronic check,29.64,438.87,1.0,32.0,44522.0,2020-02-19,Yes
CUST-00536,Male,0,No,41,DSL,Two year,Bank transfer,75.56,3068.68,2.0,42.0,219814.0,2018-11-27,No
CUST-00537,Male,0,No,16,Fiber optic,Two year,Electronic check,74.27,1231.08,1.0,29.0,26019.0,2022-02-16,No
CUST-00538,Male,1,Yes,59,DSL,Month-to-month,Bank transfer,44.48,2646.68,0.0,36.0,39647.0,2023-11-26,No
CUST-00539,Male,0,No,23,Fiber optic,One year,Electronic check,65.15,1468.71,1.0,56.0,23401.0,2023-07-06,Yes
CUST-00540,Female,0,No,44,Fiber optic,Month-to-month,Credit card,110.81,4877.68,1.0,33.0,86810.0,2022-03-20,No
CUST-00541,Male,0,Yes,3,Fiber optic,One year,Mailed check,35.78,53.59,1.0,53.0,135065.0,2019-03-08,No
CUST-00542,Female,0,No,46,Fiber optic,One year,Credit card,18.0,827.88,0.0,,133512.0,2023-01-12,No
CUST-00543,Female,0,Yes,26,No,Month-to-month,Bank transfer,78.65,2191.42,0.0,49.0,102167.0,2023-04-13,No
CUST-00544,Female,0,No,4,DSL,Month-to-month,Credit card,61.69,339.05,0.0,62.0,43539.0,2023-06-14,No
CUST-00545,Male,0,No,5,DSL,Two year,Bank transfer,43.7,221.13,2.0,18.0,39373.0,2020-08-04,Yes
CUST-00546,Female,0,No,62,Fiber optic,Two year,Bank transfer,84.56,5250.73,1.0,30.0,17985.0,2020-08-15,Yes
CUST-00547,Female,0,Yes,0,Fiber optic,One year,Electronic check,90.18,0.0,1.0,50.0,166295.0,2018-12-30,No
CUST-00548,Female,0,No,14,Fiber optic,Month-to-month,Mailed check,18.0,211.91,1.0,39.0,64950.0,2022-12-16,No
CUST-00549,Female,0,No,9,No,Month-to-month,Electronic check,45.42,426.89,1.0,47.0,36491.0,2022-09-24,No
CUST-00550,Female,0,No,26,Fiber optic,One year,Electronic check,120.0,3093.76,1.0,33.0,108752.0,2018-08-22,No
CUST-00551,Female,0,No,43,Fiber optic,Two year,Bank transfer,82.5,3592.71,1.0,43.0,27346.0,2018-02-17,No
CUST-00552,Male,0,Yes,10,DSL,Two year,Electronic check,85.28,931.28,0.0,39.0,62565.0,2024-02-08,No
CUST-00553,Female,1,Yes,13,Fiber optic,Month-to-month,Mailed check,100.19,1319.1,2.0,58.0,44197.0,2018-02-10,No
CUST-00554,Female,0,Yes,72,Fiber optic,One year,Electronic check,65.51,4721.81,1.0,45.0,71912.0,2022-01-12,No
CUST-00555,Male,0,No,36,Fiber optic,One year,Electronic check,88.9,3116.36,2.0,46.0,47186.0,2020-11-28,Yes
CUST-00556,Female,0,No,54,No,Month-to-month,Electronic check,86.54,4710.54,1.0,36.0,20525.0,2022-12-27,No
CUST-00557,Female,0,No,13,Fiber optic,Month-to-month,Electronic check,81.17,998.03,2.0,35.0,51294.0,2018-07-25,Yes
CUST-00558,Female,0,Yes,6,No,Month-to-month,Electronic check,55.34,311.14,5.0,35.0,91979.0,2022-05-18,No
CUST-00559,Male,0,No,12,Fiber optic,One year,Mailed check,70.16,889.9,2.0,,48168.0,2021-12-11,No
CUST-00560,Male,0,No,30,Fiber optic,Two year,Electronic check,47.35,1471.99,2.0,36.0,78047.0,2023-06-23,No
CUST-00561,Male,1,Yes,2,Fiber optic,Two year,Credit card,65.38,107.43,2.0,46.0,26178.0,2021-04-29,No
CUST-00562,Male,0,No,7,Fiber optic,One year,Credit card,29.95,189.2,3.0,71.0,48254.0,2022-09-03,No
CUST-00563,Female,0,No,1,DSL,Month-to-month,Electronic check,41.28,6.31,2.0,54.0,33701.0,2020-10-22,Yes
CUST-00564,Male,0,No,13,DSL,One year,Electronic check,56.53,675.0,1.0,37.0,76740.0,2024-04-24,No
CUST-00565,Female,0,Yes,42,DSL,Two year,Electronic check,36.69,1509.24,1.0,58.0,49955.0,2021-08-03,No
CUST-00566,Female,0,Yes,0,No,One year,Credit card,49.85,0.0,3.0,36.0,74164.0,2022-11-01,No
CUST-00567,Male,0,No,26,DSL,Month-to-month,Bank transfer,60.08,1596.23,2.0,18.0,94148.0,2018-08-06,No
CUST-00568,Male,0,No,64,Fiber optic,Two year,Bank transfer,77.07,4952.21,1.0,27.0,74233.0,2020-12-20,No
CUST-00569,Female,0,No,6,Fiber optic,Two year,Credit card,93.48,588.91,3.0,18.0,57749.0,2018-05-31,No
CUST-00570,Female,0,Yes,28,Fiber optic,Two year,Credit card,51.09,1382.8,1.0,37.0,26932.0,2018-10-13,No
CUST-00571,Male,0,No,72,Fiber optic,Two year,Credit card,105.05,7503.85,2.0,42.0,48938.0,2021-03-31,No
CUST-00572,Male,0,Yes,72,DSL,Month-to-month,Bank transfer,93.16,6710.2,0.0,65.0,35601.0,2020-04-05,No
CUST-00573,Female,0,No,6,No,Two year,Credit card,80.12,483.93,,,39877.0,2020-12-13,Yes
CUST-00574,Male,0,Yes,2,No,One year,Credit card,69.61,131.86,1.0,38.0,39154.0,2021-03-08,No
CUST-00575,Female,0,Yes,3,Fiber optic,Month-to-month,Mailed check,74.57,209.24,3.0,53.0,,2019-01-10,Yes
CUST-00576,Male,0,Yes,29,No,One year,Credit card,100.61,,1.0,18.0,15147.0,2020-05-07,No
CUST-00577,Male,0,Yes,31,DSL,Month-to-month,Bank transfer,101.71,3174.31,2.0,45.0,32830.0,2023-07-10,No
CUST-00578,Female,1,No,26,DSL,Month-to-month,Mailed check,105.05,2829.83,0.0,52.0,55051.0,2023-07-01,Yes
CUST-00579,Male,0,Yes,9,Fiber optic,Two year,Mailed check,66.24,659.61,0.0,21.0,21831.0,2021-02-23,Yes
CUST-00580,Male,0,Yes,4,No,Month-to-month,Bank transfer,81.65,411.76,3.0,58.0,49484.0,2022-10-22,No
CUST-00581,Male,0,No,20,DSL,Two year,Mailed check,105.31,2052.48,2.0,46.0,153301.0,2022-11-01,No
CUST-00582,Female,0,No,15,Fiber optic,Month-to-month,Credit card,46.29,724.01,1.0,36.0,90565.0,2018-04-14,No
CUST-00583,Male,0,No,31,DSL,Month-to-month,Electronic check,55.45,1697.36,2.0,50.0,131416.0,2021-12-02,Yes
CUST-00584,Male,0,Yes,13,No,Month-to-month,Credit card,65.48,768.07,2.0,73.0,61986.0,2023-03-01,No
CUST-00585,Male,0,Yes,9,Fiber optic,One year,Electronic check,91.99,902.71,2.0,44.0,98765.0,2021-10-23,No
CUST-00586,Male,0,Yes,8,Fiber optic,Month-to-month,Electronic check,92.46,725.0,0.0,45.0,31749.0,2021-06-22,No
CUST-00587,Male,0,Yes,5,No,Two year,Credit card,58.07,237.59,1.0,35.0,33302.0,2021-05-29,No
CUST-00588,Female,0,No,7,DSL,One year,Electronic check,19.74,117.45,3.0,30.0,15000.0,2021-04-05,No
CUST-00589,Male,0,No,2,Fiber optic,One year,Credit card,72.39,104.97,2.0,53.0,99876.0,2022-12-29,No
CUST-00590,Female,0,Yes,10,DSL,Month-to-month,Electronic check,37.45,339.82,3.0,30.0,123524.0,2022-02-14,No
CUST-00591,Male,0,Yes,0,DSL,Month-to-month,Credit card,20.3,0.0,1.0,43.0,35175.0,2019-05-20,Yes
CUST-00592,Male,0,No,4,DSL,Two year,Electronic check,27.08,194.86,1.0,35.0,42092.0,2020-10-12,No
CUST-00593,Male,0,Yes,32,DSL,Month-to-month,Electronic check,74.79,2359.96,1.0,48.0,31184.0,2021-05-23,No
CUST-00594,Male,0,No,9,No,Month-to-month,Credit card,105.83,1035.43,3.0,46.0,61672.0,2020-09-08,Yes
CUST-00595,Male,1,Yes,26,Fiber optic,Month-to-month,Electronic check,66.17,1762.86,2.0,56.0,96274.0,2019-07-11,No
CUST-00596,Female,1,Yes,30,DSL,Two year,Credit card,71.34,2160.01,3.0,34.0,17228.0,2018-10-20,No
CUST-00597,Female,0,No,20,Fiber optic,Month-to-month,Credit card,100.49,,1.0,38.0,62671.0,2018-10-02,No
CUST-00598,Male,0,Yes,72,Fiber optic,Month-to-month,Electronic check,18.67,1344.92,1.0,28.0,41522.0,2019-11-26,No
CUST-00599,Female,0,No,0,No,One year,Mailed check,80.61,64.3,0.0,35.0,52472.0,2020-08-01,No
CUST-00600,Male,0,Yes,32,Fiber optic,Two year,Electronic check,64.65,2097.15,3.0,47.0,64562.0,2022-05-19,Yes
CUST-00601,Male,0,Yes,72,Fiber optic,Month-to-month,Electronic check,81.98,5819.33,2.0,52.0,43786.0,2024-04-26,No
CUST-00602,Male,0,Yes,47,Fiber optic,Month-to-month,Mailed check,50.5,2388.31,2.0,29.0,46066.0,2023-10-04,Yes
CUST-00603,Male,0,Yes,4,DSL,Month-to-month,Bank transfer,40.46,201.04,2.0,54.0,43117.0,2023-03-22,No
CUST-00604,Male,1,Yes,9,Fiber optic,Month-to-month,Credit card,69.22,608.53,1.0,60.0,87744.0,2023-03-22,Yes
CUST-00605,Female,1,No,4,Fiber optic,Month-to-month,Electronic check,114.48,464.23,1.0,47.0,63023.0,2021-10-28,No
CUST-00606,Male,0,No,22,Fiber optic,Month-to-month,Electronic check,90.83,1967.62,2.0,68.0,55957.0,2019-08-16,Yes
CUST-00607,Male,0,Yes,29,Fiber optic,One year,Bank transfer,49.77,1374.45,4.0,31.0,22866.0,2021-01-10,No
CUST-00608,Female,0,Yes,9,Fiber optic,Month-to-month,Electronic check,24.77,145.41,0.0,24.0,39059.0,2018-12-01,Yes
CUST-00609,Male,0,No,18,No,Month-to-month,Bank transfer,18.0,247.15,2.0,18.0,84052.0,2021-08-20,No
CUST-00610,Female,1,No,28,No,Two year,Mailed check,104.48,2958.89,1.0,62.0,50142.0,2018-02-23,No
CUST-00611,Male,0,No,13,Fiber optic,Month-to-month,Credit card,36.35,348.04,0.0,51.0,,2019-03-20,No
CUST-00612,Male,0,No,46,Fiber optic,Month-to-month,Bank transfer,55.23,2507.26,1.0,41.0,141479.0,2022-07-27,No
CUST-00613,Female,0,No,35,Fiber optic,Month-to-month,Mailed check,104.64,3624.12,3.0,45.0,91414.0,2019-10-11,No
CUST-00614,Male,0,Yes,1,Fiber optic,One year,Bank transfer,18.0,3.89,1.0,26.0,51838.0,2020-09-10,No
CUST-00615,Female,0,Yes,23,No,One year,Credit card,109.77,2431.89,1.0,76.0,36076.0,2023-05-04,No
CUST-00616,Male,0,No,6,DSL,Two year,Credit card,57.39,364.53,4.0,43.0,15000.0,2018-04-15,No
CUST-00617,Male,0,Yes,19,Fiber optic,One year,Electronic check,30.54,516.6,1.0,43.0,,2018-02-23,No
CUST-00618,Male,0,No,72,DSL,Two year,Mailed check,57.58,,1.0,52.0,40311.0,2019-06-21,No
CUST-00619,Male,0,No,50,Fiber optic,One year,Mailed check,43.32,2134.91,1.0,48.0,61958.0,2022-05-23,No
CUST-00620,Male,0,No,12,DSL,Month-to-month,Mailed check,78.22,933.86,2.0,45.0,44696.0,2019-07-08,No
CUST-00621,Male,1,No,8,No,Month-to-month,Electronic check,45.56,364.67,0.0,30.0,40447.0,2023-07-17,No
CUST-00622,Male,0,Yes,6,Fiber optic,One year,Bank transfer,18.0,120.21,2.0,48.0,16854.0,2020-04-04,No
CUST-00623,Male,0,Yes,18,No,Two year,Electronic check,58.38,1052.69,2.0,68.0,27889.0,2019-10-27,No
CUST-00624,Female,0,No,2,No,Month-to-month,Electronic check,24.3,27.24,1.0,60.0,65250.0,2019-06-30,No
CUST-00625,Male,0,Yes,19,Fiber optic,Month-to-month,Electronic check,71.13,1368.62,1.0,64.0,137247.0,2021-09-06,No
CUST-00626,Female,0,Yes,0,Fiber optic,Two year,Electronic check,29.39,23.31,0.0,34.0,46234.0,2023-06-30,No
CUST-00627,Female,1,No,9,DSL,Month-to-month,Electronic check,50.36,414.98,1.0,28.0,59676.0,2020-08-09,No
CUST-00628,Male,0,No,5,No,One year,Bank transfer,70.48,373.72,1.0,40.0,86810.0,2019-08-15,No
CUST-00629,Male,0,Yes,72,Fiber optic,Month-to-month,Credit card,58.63,4280.95,1.0,42.0,30135.0,2020-09-13,No
CUST-00630,Male,0,Yes,31,DSL,Month-to-month,Mailed check,72.51,2283.1,1.0,57.0,61089.0,2023-10-21,No
CUST-00631,Male,0,Yes,10,Fiber optic,Month-to-month,Electronic check,85.41,900.72,4.0,18.0,,2020-02-23,Yes
CUST-00632,Male,1,No,2,DSL,One year,Credit card,30.26,69.12,0.0,63.0,82363.0,2022-03-17,No
CUST-00633,Male,0,No,17,Fiber optic,Month-to-month,Electronic check,63.07,1025.38,1.0,,53682.0,2020-02-12,No
CUST-00634,Male,0,No,5,DSL,One year,Electronic check,18.0,49.52,5.0,36.0,58634.0,2022-04-30,No
CUST-00635,Male,0,No,18,Fiber optic,Month-to-month,Electronic check,72.42,1319.55,3.0,27.0,30651.0,2023-08-27,Yes
CUST-00636,Male,0,No,43,Fiber optic,One year,Mailed check,55.98,2454.28,1.0,18.0,74923.0,2021-11-03,No
CUST-00637,Male,0,No,22,DSL,Month-to-month,Bank transfer,35.5,920.3,0.0,53.0,171241.0,2024-01-29,No
CUST-00638,Male,0,Yes,24,No,One year,Credit card,74.47,1836.37,1.0,43.0,26775.0,2021-11-10,No
CUST-00639,Female,0,Yes,18,Fiber optic,Two year,Mailed check,100.18,1744.72,2.0,23.0,39980.0,2024-04-03,No
CUST-00640,Female,0,No,62,Fiber optic,Month-to-month,Mailed check,50.72,3106.28,0.0,23.0,,2022-08-23,No
CUST-00641,Male,0,No,64,No,Month-to-month,Electronic check,36.66,2460.17,2.0,,78577.0,2022-03-10,No
CUST-00642,Female,0,No,17,No,Two year,Mailed check,69.95,1178.43,1.0,65.0,35040.0,2023-04-29,No
CUST-00643,Male,0,Yes,8,Fiber optic,Month-to-month,Credit card,24.93,201.82,2.0,38.0,15000.0,2018-01-26,No
CUST-00644,Female,0,No,14,DSL,Month-to-month,Mailed check,45.19,584.64,4.0,20.0,110803.0,2019-08-26,Yes
CUST-00645,Male,0,No,4,Fiber optic,Month-to-month,Electronic check,101.67,484.94,4.0,38.0,77366.0,2019-05-22,Yes
CUST-00646,Male,0,No,24,No,Two year,Electronic check,66.87,1629.9,1.0,38.0,17226.0,2018-09-17,Yes
CUST-00647,Female,0,No,16,Fiber optic,Two year,Mailed check,18.0,249.27,0.0,18.0,34045.0,2024-01-07,No
CUST-00648,Female,1,No,2,Fiber optic,Month-to-month,Bank transfer,18.0,0.0,2.0,41.0,125606.0,2018-11-03,No
CUST-00649,Female,0,Yes,5,No,One year,Mailed check,69.86,364.66,1.0,38.0,116853.0,2019-09-08,No
CUST-00650,Male,0,Yes,15,DSL,Two year,Bank transfer,90.87,1365.26,3.0,51.0,86093.0,2020-02-25,No
CUST-00651,Male,0,No,52,DSL,Month-to-month,Bank transfer,18.0,977.61,6.0,67.0,44105.0,2022-01-03,No
CUST-00652,Male,1,Yes,20,No,Month-to-month,Bank transfer,78.49,1597.15,2.0,57.0,51523.0,2022-12-04,No
CUST-00653,Female,0,No,27,DSL,Month-to-month,Credit card,,2819.35,1.0,38.0,,2021-11-17,No
CUST-00654,Male,1,Yes,9,DSL,Month-to-month,Credit card,120.0,1052.81,2.0,26.0,96465.0,2022-10-21,No
CUST-00655,Female,0,No,20,No,One year,Electronic check,74.94,1490.8,1.0,78.0,28983.0,2020-07-31,Yes
CUST-00656,Female,0,No,14,Fiber optic,Month-to-month,Bank transfer,80.2,1095.27,1.0,42.0,30227.0,2024-05-22,No
CUST-00657,Female,0,No,25,Fiber optic,One year,Bank transfer,18.0,443.49,0.0,42.0,89874.0,2019-02-03,No
CUST-00658,Female,1,Yes,1,Fiber optic,Month-to-month,Electronic check,120.0,120.82,1.0,41.0,47733.0,2020-07-25,No
CUST-00659,Female,0,Yes,16,DSL,One year,Credit card,47.74,718.94,2.0,44.0,112092.0,2023-05-04,Yes
CUST-00660,Male,0,No,8,Fiber optic,One year,Electronic check,37.0,327.53,3.0,39.0,32764.0,2019-08-02,No
CUST-00661,Female,0,Yes,9,Fiber optic,One year,Bank transfer,,497.54,1.0,33.0,47435.0,2022-10-26,No
CUST-00662,Female,0,No,72,DSL,Two year,Electronic check,110.35,7903.11,2.0,34.0,28185.0,2020-05-03,No
CUST-00663,Female,0,No,4,Fiber optic,Month-to-month,Bank transfer,120.0,462.42,3.0,41.0,49237.0,2019-02-21,Yes
CUST-00664,Male,1,No,8,DSL,One year,Electronic check,68.76,562.19,0.0,34.0,20188.0,2020-08-03,No
CUST-00665,Female,1,Yes,17,DSL,One year,Mailed check,94.94,1618.13,1.0,32.0,36585.0,2023-01-13,No
CUST-00666,Female,0,No,47,DSL,Month-to-month,Electronic check,66.3,3137.21,1.0,43.0,20707.0,2018-09-20,No
CUST-00667,Female,1,No,12,Fiber optic,Month-to-month,Electronic check,33.87,451.36,1.0,38.0,74336.0,2021-04-24,No
CUST-00668,Male,1,Yes,32,No,Month-to-month,Credit card,109.3,3562.85,1.0,63.0,75354.0,2022-10-03,No
CUST-00669,Female,0,No,46,Fiber optic,Two year,Electronic check,46.34,2145.91,4.0,18.0,17358.0,2022-10-27,No
CUST-00670,Male,0,Yes,8,DSL,One year,Mailed check,111.07,835.09,2.0,57.0,109133.0,2020-07-01,No
CUST-00671,Male,0,Yes,11,DSL,One year,Bank transfer,103.96,1130.1,2.0,59.0,219355.0,2020-12-28,No
CUST-00672,Male,0,Yes,10,Fiber optic,Month-to-month,Electronic check,83.42,783.98,0.0,18.0,50392.0,2023-07-01,No
CUST-00673,Male,1,Yes,42,DSL,Two year,Electronic check,119.87,,2.0,37.0,33367.0,2019-05-04,No
CUST-00674,Male,0,No,1,DSL,Month-to-month,Electronic check,120.0,219.37,4.0,36.0,266891.0,2024-05-14,Yes
CUST-00675,Male,0,Yes,8,Fiber optic,One year,Bank transfer,59.74,510.44,2.0,22.0,22217.0,2020-09-09,No
CUST-00676,Female,0,Yes,27,Fiber optic,Two year,Credit card,40.74,1142.9,1.0,31.0,49615.0,2019-10-08,No
CUST-00677,Female,1,Yes,20,No,Month-to-month,Credit card,18.0,372.55,1.0,26.0,54599.0,2018-01-07,No
CUST-00678,Female,0,No,13,No,One year,Credit card,120.0,1578.3,0.0,66.0,109873.0,2018-10-20,Yes
CUST-00679,Female,1,No,18,Fiber optic,Month-to-month,Bank transfer,51.81,852.71,2.0,55.0,60830.0,2022-11-08,No
CUST-00680,Male,0,Yes,5,Fiber optic,Month-to-month,Credit card,99.05,491.55,0.0,59.0,36345.0,2022-03-02,Yes
CUST-00681,Male,0,Yes,13,Fiber optic,One year,Electronic check,42.76,511.82,2.0,52.0,27702.0,2019-08-01,No
CUST-00682,Female,0,No,16,DSL,Month-to-month,Mailed check,111.15,,0.0,26.0,39930.0,2023-12-12,No
CUST-00683,Female,0,Yes,55,Fiber optic,Month-to-month,Mailed check,44.0,2417.02,2.0,34.0,26791.0,2023-05-13,Yes
CUST-00684,Female,0,Yes,7,DSL,Month-to-month,Electronic check,29.25,302.09,,48.0,50447.0,2019-09-23,No
CUST-00685,Male,1,Yes,48,DSL,Month-to-month,Credit card,58.74,2865.35,1.0,24.0,34943.0,2020-02-13,Yes
CUST-00686,Male,0,Yes,24,DSL,Month-to-month,Electronic check,49.05,1191.43,2.0,51.0,20001.0,2019-03-09,No
CUST-00687,Male,0,No,0,No,One year,Bank transfer,82.89,0.0,2.0,38.0,104097.0,2022-02-14,No
CUST-00688,Male,0,No,30,No,Month-to-month,Mailed check,63.46,1987.6,4.0,36.0,36366.0,2022-07-01,No
CUST-00689,Female,1,Yes,0,Fiber optic,Two year,Electronic check,83.83,0.0,1.0,51.0,22905.0,2020-07-16,No
CUST-00690,Female,0,No,72,DSL,One year,Electronic check,56.27,4068.02,3.0,48.0,44313.0,2022-09-24,No
CUST-00691,Female,0,Yes,49,DSL,Month-to-month,Electronic check,45.05,2209.56,5.0,36.0,51073.0,2024-05-12,No
CUST-00692,Male,0,No,8,Fiber optic,Two year,Credit card,47.49,359.71,0.0,58.0,17190.0,2021-12-04,No
CUST-00693,Female,1,No,7,Fiber optic,Month-to-month,Bank transfer,120.0,841.83,0.0,26.0,59813.0,2022-03-02,Yes
CUST-00694,Female,1,No,11,Fiber optic,Month-to-month,Mailed check,71.76,691.26,1.0,50.0,,2020-05-25,No
CUST-00695,Male,0,No,10,DSL,Month-to-month,Electronic check,18.0,102.61,2.0,50.0,136846.0,2018-01-25,No
CUST-00696,Male,0,No,11,Fiber optic,Month-to-month,Mailed check,49.39,,0.0,37.0,67129.0,2024-02-14,No
CUST-00697,Male,1,No,9,No,Two year,Electronic check,67.91,689.6,0.0,46.0,38563.0,2022-12-15,No
CUST-00698,Male,0,Yes,23,DSL,Month-to-month,Bank transfer,120.0,2777.41,,24.0,31347.0,2022-06-18,Yes
CUST-00699,Female,1,No,4,Fiber optic,Two year,Electronic check,95.86,347.42,0.0,54.0,46028.0,2018-03-11,No
CUST-00700,Male,0,Yes,44,DSL,One year,Bank transfer,37.35,1571.26,2.0,39.0,70804.0,2022-11-14,No
CUST-00701,Female,1,No,40,DSL,Month-to-month,Bank transfer,120.0,4839.23,0.0,34.0,48276.0,2022-04-20,No
CUST-00702,Male,0,Yes,15,No,Two year,Mailed check,64.07,932.69,2.0,56.0,43032.0,2021-08-25,No
CUST-00703,Male,0,Yes,45,Fiber optic,Two year,Bank transfer,102.39,4639.71,2.0,32.0,50768.0,2022-01-01,No
CUST-00704,Female,0,No,6,Fiber optic,Two year,Bank transfer,,201.59,1.0,22.0,34121.0,2023-11-22,No
CUST-00705,Male,0,No,0,Fiber optic,One year,Electronic check,18.0,23.92,2.0,20.0,39897.0,2018-01-16,No
CUST-00706,Female,0,No,23,No,Month-to-month,Bank transfer,22.75,524.93,1.0,50.0,15000.0,2019-01-03,Yes
CUST-00707,Male,0,No,14,DSL,Month-to-month,Bank transfer,18.0,271.18,2.0,24.0,87924.0,2023-09-28,No
CUST-00708,Female,0,Yes,20,DSL,One year,Mailed check,120.0,2394.03,0.0,66.0,,2018-01-20,No
CUST-00709,Female,0,No,55,No,Month-to-month,Electronic check,71.44,3897.43,1.0,18.0,30820.0,2023-10-19,No
CUST-00710,Male,1,Yes,72,No,One year,Electronic check,37.26,2634.55,0.0,65.0,153160.0,2018-03-11,No
CUST-00711,Male,0,Yes,24,Fiber optic,One year,Credit card,78.58,1766.67,1.0,44.0,51648.0,2022-12-31,No
CUST-00712,Female,0,Yes,34,Fiber optic,Month-to-month,Mailed check,70.68,2394.06,1.0,40.0,26326.0,2023-09-19,No
CUST-00713,Male,0,No,2,DSL,Month-to-month,Electronic check,83.63,243.23,0.0,34.0,,2021-12-06,No
CUST-00714,Female,0,Yes,4,No,Two year,Electronic check,101.29,441.66,1.0,47.0,62244.0,2022-02-11,Yes
CUST-00715,Female,0,Yes,31,Fiber optic,Month-to-month,Electronic check,56.3,1756.69,3.0,41.0,62115.0,2018-04-29,No
CUST-00716,Female,0,No,13,DSL,Month-to-month,Electronic check,38.6,465.1,1.0,57.0,37969.0,2019-05-10,Yes
CUST-00717,Female,0,No,14,Fiber optic,Month-to-month,Mailed check,,1307.49,1.0,43.0,64234.0,2023-10-09,Yes
CUST-00718,Male,1,No,8,DSL,Month-to-month,Electronic check,89.07,706.59,1.0,44.0,41895.0,2023-04-14,Yes
CUST-00719,Female,1,No,22,DSL,Month-to-month,Credit card,68.02,1575.19,0.0,36.0,68429.0,2018-05-20,No
CUST-00720,Male,0,No,4,DSL,Month-to-month,Credit card,120.0,430.95,1.0,41.0,15631.0,2023-03-20,Yes
CUST-00721,Male,0,No,23,DSL,Month-to-month,Mailed check,51.87,1155.51,,46.0,37785.0,2020-09-19,No
CUST-00722,Female,0,Yes,4,DSL,One year,Credit card,38.0,109.64,0.0,18.0,137763.0,2021-08-06,No
CUST-00723,Female,1,No,1,DSL,Month-to-month,Mailed check,77.54,3.43,2.0,,30938.0,2018-09-11,No
CUST-00724,Female,0,No,9,DSL,Month-to-month,Bank transfer,44.75,355.9,2.0,52.0,34121.0,2020-07-23,No
CUST-00725,Female,0,Yes,6,DSL,Two year,Electronic check,79.87,484.38,2.0,44.0,37467.0,2020-10-15,No
CUST-00726,Female,0,Yes,52,DSL,One year,Electronic check,40.01,2044.91,2.0,39.0,23649.0,2022-04-18,No
CUST-00727,Male,1,No,1,DSL,Month-to-month,Electronic check,52.99,0.0,0.0,42.0,15000.0,2022-03-21,Yes
CUST-00728,Female,0,No,4,Fiber optic,Two year,Electronic check,,533.71,1.0,46.0,42686.0,2021-07-10,No
CUST-00729,Male,0,No,19,Fiber optic,Month-to-month,Bank transfer,52.83,919.57,0.0,34.0,53184.0,2018-03-15,No
CUST-00730,Male,0,Yes,15,DSL,Month-to-month,Electronic check,41.03,644.91,2.0,31.0,47500.0,2019-01-14,Yes
CUST-00731,Female,0,No,1,DSL,Two year,Electronic check,100.12,101.68,1.0,44.0,44939.0,2019-01-11,Yes
CUST-00732,Female,0,No,0,No,Month-to-month,Credit card,33.47,105.87,4.0,28.0,50303.0,2023-09-11,No
CUST-00733,Female,0,No,72,Fiber optic,Two year,Bank transfer,44.21,3232.97,2.0,47.0,90554.0,2023-10-14,No
CUST-00734,Male,0,Yes,25,Fiber optic,Two year,Mailed check,82.3,2032.27,2.0,18.0,43727.0,2023-03-05,No
CUST-00735,Female,0,No,10,Fiber optic,Month-to-month,Electronic check,93.15,896.4,1.0,56.0,34736.0,2019-02-14,Yes
CUST-00736,Female,0,No,15,DSL,Month-to-month,Credit card,101.61,1599.29,2.0,48.0,41411.0,2023-05-23,No
CUST-00737,Male,0,Yes,7,Fiber optic,Month-to-month,Electronic check,42.58,224.27,2.0,45.0,69397.0,2019-03-16,Yes
CUST-00738,Male,0,Yes,10,Fiber optic,Month-to-month,Bank transfer,82.88,838.34,2.0,,114372.0,2021-07-23,No
CUST-00739,Male,1,Yes,25,Fiber optic,Two year,Bank transfer,51.02,1268.94,2.0,65.0,33627.0,2022-09-16,No
CUST-00740,Male,0,No,51,Fiber optic,Month-to-month,Mailed check,46.83,2371.17,0.0,56.0,52018.0,2018-05-01,No
CUST-00741,Male,0,No,4,Fiber optic,Month-to-month,Credit card,101.1,422.08,2.0,18.0,60054.0,2021-11-01,No
CUST-00742,Male,0,Yes,44,Fiber optic,One year,Electronic check,48.51,2143.92,0.0,24.0,27023.0,2019-08-12,No
CUST-00743,Female,0,No,3,DSL,Month-to-month,Credit card,73.35,242.92,0.0,33.0,49625.0,2021-03-12,Yes
CUST-00744,Female,0,No,5,DSL,Month-to-month,Bank transfer,69.67,355.3,1.0,42.0,20345.0,2020-06-18,No
CUST-00745,Female,0,Yes,0,DSL,Month-to-month,Bank transfer,32.88,20.88,2.0,49.0,16959.0,2022-05-28,No
CUST-00746,Male,0,No,3,DSL,One year,Credit card,,286.61,1.0,31.0,,2021-02-20,Yes
CUST-00747,Male,0,No,59,Fiber optic,Month-to-month,Bank transfer,81.81,4793.82,2.0,44.0,38936.0,2019-12-08,Yes
CUST-00748,Male,0,Yes,14,DSL,Month-to-month,Bank transfer,18.0,252.2,2.0,31.0,55346.0,2023-11-03,Yes
CUST-00749,Female,0,No,1,No,Month-to-month,Electronic check,73.32,37.6,1.0,33.0,48497.0,2024-02-26,Yes
CUST-00750,Male,0,No,72,Fiber optic,One year,Credit card,41.81,2971.3,2.0,22.0,27286.0,2023-02-22,No
CUST-00751,Male,0,Yes,50,Fiber optic,Month-to-month,Bank transfer,97.91,4878.69,1.0,29.0,47707.0,2021-09-22,No
CUST-00752,Female,0,No,33,DSL,Month-to-month,Credit card,,708.15,1.0,23.0,23391.0,2023-09-04,No
CUST-00753,Male,0,No,65,DSL,Month-to-month,Credit card,54.31,3531.91,1.0,28.0,112936.0,2021-11-10,No
CUST-00754,Female,0,No,5,Fiber optic,One year,Electronic check,75.86,425.12,0.0,56.0,21729.0,2018-12-15,No
CUST-00755,Male,0,Yes,43,Fiber optic,Month-to-month,Mailed check,66.63,2840.17,0.0,28.0,43587.0,2018-02-10,Yes
CUST-00756,Female,0,Yes,28,DSL,One year,Credit card,87.89,2470.76,0.0,78.0,26229.0,2022-08-28,No
CUST-00757,Female,0,Yes,48,No,Month-to-month,Bank transfer,19.45,939.5,0.0,48.0,69026.0,2022-10-30,No
CUST-00758,Male,0,Yes,38,DSL,One year,Mailed check,114.56,,3.0,44.0,40180.0,2023-12-10,No
CUST-00759,Male,0,No,10,Fiber optic,One year,Electronic check,80.75,811.19,0.0,29.0,35911.0,2023-04-16,Yes
CUST-00760,Male,0,No,35,No,Two year,Mailed check,105.79,3752.79,1.0,51.0,81790.0,2022-02-07,No
CUST-00761,Female,1,Yes,7,DSL,One year,Bank transfer,91.23,647.94,3.0,33.0,49894.0,2019-03-22,Yes
CUST-00762,Female,0,No,9,Fiber optic,Month-to-month,Bank transfer,64.65,593.18,1.0,43.0,66835.0,2021-10-23,No
CUST-00763,Female,1,Yes,2,No,Two year,Mailed check,26.47,17.67,3.0,77.0,27206.0,2020-10-15,No
CUST-00764,Male,0,Yes,65,DSL,One year,Electronic check,48.09,3224.29,2.0,40.0,21101.0,2019-06-28,No
CUST-00765,Female,0,Yes,8,No,Two year,Bank transfer,112.69,869.1,1.0,58.0,,2023-02-16,No
CUST-00766,Male,0,Yes,17,Fiber optic,Month-to-month,Credit card,106.56,1728.13,1.0,,40485.0,2018-12-17,No
CUST-00767,Male,0,Yes,11,No,One year,Mailed check,46.41,553.52,0.0,41.0,71386.0,2022-01-16,No
CUST-00768,Male,0,Yes,72,DSL,Month-to-month,Credit card,18.0,1290.26,1.0,66.0,46725.0,2021-12-01,No
CUST-00769,Female,0,No,9,No,One year,Mailed check,58.62,512.43,0.0,33.0,55439.0,2019-12-13,No
CUST-00770,Female,0,Yes,36,Fiber optic,Two year,Credit card,56.37,2002.04,3.0,67.0,18508.0,2020-10-02,No
CUST-00771,Male,0,No,46,Fiber optic,One year,Bank transfer,57.51,2739.05,3.0,51.0,152216.0,2018-10-01,No
CUST-00772,Female,0,No,13,No,One year,Credit card,80.86,1068.91,0.0,34.0,44420.0,2018-03-01,No
CUST-00773,Male,0,Yes,11,Fiber optic,Month-to-month,Bank transfer,91.29,1031.68,0.0,50.0,74499.0,2018-01-31,No
CUST-00774,Female,0,No,33,DSL,Month-to-month,Electronic check,94.71,3133.56,2.0,55.0,29683.0,2019-02-13,Yes
CUST-00775,Female,0,Yes,58,DSL,Month-to-month,Credit card,78.37,4558.96,1.0,,58971.0,2023-07-25,No
CUST-00776,Female,0,No,33,DSL,Month-to-month,Bank transfer,18.0,663.93,2.0,20.0,22433.0,2021-05-09,No
CUST-00777,Female,0,Yes,6,Fiber optic,Month-to-month,Electronic check,54.76,316.02,0.0,31.0,64295.0,2018-10-02,No
CUST-00778,Male,0,No,52,No,Month-to-month,Electronic check,120.0,6167.15,1.0,38.0,39593.0,2023-10-23,No
CUST-00779,Male,0,No,11,Fiber optic,Month-to-month,Mailed check,76.23,881.93,4.0,40.0,49886.0,2021-08-25,No
CUST-00780,Female,0,Yes,20,Fiber optic,Month-to-month,Bank transfer,76.03,1545.44,2.0,50.0,74517.0,2018-03-07,Yes
CUST-00781,Female,0,Yes,42,Fiber optic,One year,Bank transfer,75.78,3188.16,2.0,44.0,23399.0,2022-11-23,No
CUST-00782,Male,0,No,5,DSL,One year,Mailed check,77.46,410.84,0.0,23.0,32510.0,2021-01-14,No
CUST-00783,Female,0,Yes,36,Fiber optic,Month-to-month,Electronic check,18.0,629.46,1.0,47.0,64498.0,2021-06-02,No
CUST-00784,Male,0,Yes,21,DSL,Month-to-month,Mailed check,57.81,1215.04,0.0,50.0,172634.0,2021-12-07,No
CUST-00785,Female,0,Yes,53,DSL,Two year,Electronic check,63.86,3377.99,4.0,49.0,45123.0,2018-08-10,No
CUST-00786,Female,0,Yes,4,Fiber optic,Month-to-month,Mailed check,103.44,384.19,3.0,57.0,69890.0,2024-01-30,No
CUST-00787,Male,0,Yes,13,DSL,Two year,Credit card,66.43,923.05,3.0,53.0,45973.0,2019-08-22,No
CUST-00788,Female,0,No,42,DSL,Month-to-month,Credit card,18.0,685.39,1.0,48.0,157211.0,2021-12-27,No
CUST-00789,Female,0,Yes,0,Fiber optic,Month-to-month,Electronic check,77.9,118.04,2.0,41.0,17182.0,2023-06-28,Yes
CUST-00790,Male,0,No,2,Fiber optic,Month-to-month,Bank transfer,40.89,125.65,1.0,,51884.0,2020-02-17,Yes
CUST-00791,Male,0,No,72,Fiber optic,Month-to-month,Mailed check,28.5,1963.1,1.0,48.0,18484.0,2022-01-10,No
CUST-00792,Male,0,No,7,No,Month-to-month,Electronic check,39.98,268.65,2.0,44.0,15000.0,2024-05-05,No
CUST-00793,Female,0,Yes,72,Fiber optic,Month-to-month,Credit card,81.28,5843.73,0.0,45.0,58599.0,2023-06-19,No
CUST-00794,Male,0,No,4,Fiber optic,One year,Mailed check,102.76,430.63,4.0,24.0,53300.0,2022-12-31,No
CUST-00795,Female,1,No,10,Fiber optic,Month-to-month,Mailed check,79.49,745.43,6.0,26.0,41319.0,2020-10-26,Yes
CUST-00796,Female,0,No,33,Fiber optic,One year,Bank transfer,83.96,2772.28,2.0,56.0,45994.0,2020-11-23,No
CUST-00797,Male,0,No,25,DSL,Two year,Electronic check,79.19,1973.69,2.0,,314575.0,2021-02-11,Yes
CUST-00798,Female,0,No,20,Fiber optic,One year,Electronic check,68.04,1323.92,0.0,51.0,41986.0,2022-06-06,No
CUST-00799,Female,0,No,18,DSL,Month-to-month,Electronic check,85.91,1502.54,0.0,42.0,66574.0,2018-12-05,No
CUST-00800,Female,0,Yes,44,DSL,Month-to-month,Mailed check,18.0,837.94,2.0,42.0,33202.0,2023-07-11,No
CUST-00801,Female,0,Yes,6,Fiber optic,Month-to-month,Electronic check,68.33,325.15,2.0,,58520.0,2018-02-12,No
CUST-00802,Female,0,No,14,Fiber optic,One year,Credit card,33.65,494.99,0.0,34.0,42491.0,2019-02-03,No
CUST-00803,Female,0,Yes,4,Fiber optic,One year,Bank transfer,99.89,439.44,2.0,43.0,38318.0,2021-02-02,Yes
CUST-00804,Male,1,Yes,21,Fiber optic,Month-to-month,Credit card,60.59,1261.46,3.0,35.0,145996.0,2019-08-14,No
CUST-00805,Male,1,No,6,Fiber optic,Month-to-month,Credit card,65.93,398.2,0.0,35.0,99340.0,2020-05-06,No
CUST-00806,Female,0,No,9,Fiber optic,Month-to-month,Bank transfer,19.85,236.82,1.0,,53212.0,2020-02-19,No
CUST-00807,Male,0,Yes,15,DSL,Two year,Electronic check,95.5,,1.0,45.0,15000.0,2019-09-23,Yes
CUST-00808,Female,0,No,0,Fiber optic,Month-to-month,Bank transfer,83.82,0.0,1.0,35.0,39473.0,2020-06-09,No
CUST-00809,Female,0,No,2,DSL,Two year,Electronic check,81.71,138.65,4.0,59.0,248156.0,2021-03-29,No
CUST-00810,Male,0,No,27,DSL,Two year,Electronic check,40.61,1154.74,2.0,29.0,42685.0,2021-01-21,No
CUST-00811,Male,1,Yes,13,Fiber optic,Two year,Bank transfer,41.79,607.88,2.0,39.0,95028.0,2023-03-18,No
CUST-00812,Male,0,No,48,DSL,Month-to-month,Bank transfer,,3372.29,1.0,35.0,116443.0,2019-12-23,No
CUST-00813,Male,0,Yes,28,Fiber optic,Month-to-month,Electronic check,44.17,,2.0,62.0,55903.0,2019-10-23,Yes
CUST-00814,Male,0,No,0,No,Month-to-month,Mailed check,78.05,40.95,2.0,44.0,29581.0,2021-03-27,No
CUST-00815,Female,0,Yes,23,Fiber optic,Two year,Electronic check,18.0,491.68,1.0,56.0,15000.0,2018-04-23,No
CUST-00816,Female,0,No,2,Fiber optic,Month-to-month,Bank transfer,50.37,120.0,3.0,21.0,73902.0,2018-09-19,No
CUST-00817,Male,1,Yes,36,Fiber optic,One year,Credit card,118.9,4278.19,1.0,45.0,30065.0,2023-02-25,No
CUST-00818,Male,0,No,72,No,Two year,Bank transfer,78.18,5686.22,1.0,54.0,54485.0,2021-03-02,No
CUST-00819,Male,0,No,18,DSL,Two year,Credit card,70.0,1294.95,0.0,43.0,23158.0,2018-06-05,No
CUST-00820,Female,0,Yes,27,Fiber optic,One year,Mailed check,120.0,3352.24,0.0,56.0,41808.0,2020-10-28,No
CUST-00821,Male,0,No,6,Fiber optic,Month-to-month,Electronic check,18.0,155.94,2.0,34.0,50022.0,2020-07-22,No
CUST-00822,Male,0,No,13,No,Month-to-month,Bank transfer,40.54,534.7,0.0,61.0,57592.0,2019-07-31,No
CUST-00823,Female,1,No,46,DSL,Month-to-month,Electronic check,52.96,2377.45,4.0,74.0,25112.0,2020-05-21,No
CUST-00824,Female,0,No,4,DSL,Two year,Mailed check,90.75,333.95,3.0,36.0,100523.0,2019-03-18,Yes
CUST-00825,Male,0,No,7,No,Two year,Bank transfer,91.27,567.09,2.0,35.0,34264.0,2020-11-18,No
CUST-00826,Female,0,No,14,DSL,Month-to-month,Credit card,39.02,535.53,3.0,62.0,17949.0,2020-08-15,No
CUST-00827,Female,0,Yes,29,DSL,Month-to-month,Mailed check,94.94,2799.56,,64.0,45916.0,2021-11-24,No
CUST-00828,Male,0,Yes,11,Fiber optic,One year,Credit card,52.9,581.72,2.0,34.0,50042.0,2024-01-17,No
CUST-00829,Female,0,Yes,63,Fiber optic,Month-to-month,Mailed check,101.35,6436.14,4.0,36.0,53979.0,2019-03-11,No
CUST-00830,Male,0,Yes,2,No,Month-to-month,Electronic check,34.02,84.92,3.0,38.0,110999.0,2020-09-05,Yes
CUST-00831,Male,0,Yes,11,Fiber optic,Month-to-month,Mailed check,61.3,654.15,1.0,23.0,42537.0,2021-08-10,No
CUST-00832,Female,0,No,29,Fiber optic,Two year,Credit card,50.29,1462.79,3.0,29.0,,2021-07-05,No
CUST-00833,Female,0,Yes,6,DSL,Two year,Mailed check,96.68,603.68,1.0,27.0,25288.0,2022-03-30,Yes
CUST-00834,Male,0,Yes,25,Fiber optic,One year,Bank transfer,49.32,1239.96,3.0,31.0,80204.0,2019-09-20,No
CUST-00835,Male,1,Yes,4,DSL,One year,Mailed check,63.73,262.45,1.0,41.0,54752.0,2022-01-26,No
CUST-00836,Female,0,Yes,1,DSL,Month-to-month,Mailed check,80.2,41.75,2.0,45.0,38100.0,2019-04-17,No
CUST-00837,Female,0,No,3,No,One year,Electronic check,81.36,222.43,2.0,63.0,15633.0,2018-10-21,Yes
CUST-00838,Female,0,No,63,DSL,Month-to-month,Electronic check,91.61,5884.35,1.0,28.0,116616.0,2023-05-03,No
CUST-00839,Female,0,No,19,Fiber optic,Month-to-month,Electronic check,71.33,1416.69,3.0,55.0,23467.0,2021-01-14,Yes
CUST-00840,Male,0,Yes,38,No,Month-to-month,Mailed check,52.45,1919.41,1.0,39.0,34380.0,2020-07-19,Yes
CUST-00841,Female,0,No,9,DSL,Month-to-month,Credit card,54.51,372.24,0.0,41.0,60779.0,2023-12-16,No
CUST-00842,Female,1,No,21,DSL,Two year,Credit card,65.77,1384.98,1.0,51.0,23910.0,2022-07-21,No
CUST-00843,Male,1,Yes,16,Fiber optic,Two year,Electronic check,72.49,1204.51,2.0,26.0,20008.0,2022-05-06,No
CUST-00844,Male,0,No,69,DSL,One year,Bank transfer,60.58,4154.02,1.0,47.0,15000.0,2019-04-01,No
CUST-00845,Male,0,No,33,Fiber optic,One year,Mailed check,65.58,2215.22,0.0,44.0,75553.0,2019-05-06,No
CUST-00846,Male,0,No,31,DSL,Month-to-month,Bank transfer,19.48,606.86,1.0,48.0,35344.0,2021-02-05,No
CUST-00847,Male,0,Yes,1,No,One year,Bank transfer,85.02,76.87,1.0,46.0,283895.0,2022-03-09,No
CUST-00848,Male,0,No,19,No,One year,Electronic check,70.43,1375.98,1.0,76.0,26994.0,2020-07-15,No
CUST-00849,Male,0,Yes,15,No,Month-to-month,Credit card,95.06,1399.31,2.0,33.0,28201.0,2018-05-31,No
CUST-00850,Female,0,No,63,DSL,Month-to-month,Credit card,65.0,4080.66,0.0,34.0,34918.0,2022-05-20,No
CUST-00851,Male,0,No,7,DSL,One year,Electronic check,18.0,159.51,1.0,33.0,56719.0,2022-12-18,No
CUST-00852,Female,0,Yes,7,DSL,Month-to-month,Bank transfer,54.25,378.18,1.0,34.0,36970.0,2024-01-22,No
CUST-00853,Female,0,Yes,12,Fiber optic,Month-to-month,Electronic check,59.0,803.44,2.0,33.0,70784.0,2020-08-15,No
CUST-00854,Male,0,Yes,6,DSL,Month-to-month,Electronic check,87.29,558.43,0.0,58.0,27251.0,2019-08-28,No
CUST-00855,Male,0,No,3,No,Month-to-month,Credit card,18.0,85.44,1.0,,21397.0,2023-12-10,Yes
CUST-00856,Female,0,No,46,Fiber optic,One year,Bank transfer,66.24,3044.56,2.0,34.0,16665.0,2022-08-03,No
CUST-00857,Male,0,No,19,Fiber optic,One year,Electronic check,80.41,1571.53,0.0,30.0,15000.0,2018-05-30,No
CUST-00858,Female,0,No,47,Fiber optic,Month-to-month,Bank transfer,45.16,2106.39,1.0,48.0,35923.0,2021-09-21,No
CUST-00859,Male,0,No,42,Fiber optic,Two year,Credit card,67.24,2838.2,0.0,34.0,40921.0,2018-03-08,No
CUST-00860,Male,1,No,7,DSL,Two year,Credit card,46.19,277.52,2.0,50.0,33561.0,2019-06-15,Yes
CUST-00861,Male,0,Yes,19,DSL,Month-to-month,Electronic check,43.11,871.06,0.0,44.0,103367.0,2018-06-16,No
CUST-00862,Female,0,Yes,2,Fiber optic,One year,Credit card,52.75,120.03,1.0,20.0,102418.0,2019-04-26,No
CUST-00863,Female,0,No,59,Fiber optic,Month-to-month,Credit card,43.68,2676.25,2.0,63.0,40099.0,2021-02-21,No
CUST-00864,Male,0,Yes,12,DSL,One year,Bank transfer,85.51,1145.73,2.0,67.0,16708.0,2019-12-02,No
CUST-00865,Female,1,No,12,No,Two year,Mailed check,42.95,553.57,1.0,33.0,34890.0,2018-07-26,No
CUST-00866,Male,0,No,8,No,Month-to-month,Electronic check,37.91,306.7,2.0,36.0,34204.0,2021-02-03,Yes
CUST-00867,Female,0,No,14,DSL,One year,Electronic check,118.04,1605.26,3.0,46.0,33048.0,2022-07-18,No
CUST-00868,Male,1,No,6,Fiber optic,Two year,Mailed check,93.82,608.16,1.0,46.0,32253.0,2018-05-05,No
CUST-00869,Female,0,Yes,11,DSL,Month-to-month,Credit card,18.0,208.51,0.0,51.0,33120.0,2023-08-30,No
CUST-00870,Female,0,No,38,DSL,Month-to-month,Credit card,42.06,1625.18,2.0,70.0,38873.0,2022-03-11,No
CUST-00871,Male,0,Yes,43,No,Month-to-month,Mailed check,72.27,3194.1,3.0,39.0,33479.0,2021-05-02,No
CUST-00872,Female,0,Yes,8,No,Month-to-month,Bank transfer,74.71,556.46,2.0,30.0,55547.0,2020-07-17,No
CUST-00873,Female,0,No,15,Fiber optic,Month-to-month,Bank transfer,20.29,258.13,3.0,22.0,60853.0,2020-07-10,Yes
CUST-00874,Female,0,No,49,No,Month-to-month,Bank transfer,99.76,4876.42,1.0,31.0,28384.0,2020-02-26,No
CUST-00875,Female,0,No,1,Fiber optic,Month-to-month,Electronic check,89.76,130.82,3.0,41.0,105097.0,2018-09-29,Yes
CUST-00876,Female,1,No,52,Fiber optic,Month-to-month,Electronic check,79.46,4159.66,0.0,67.0,27226.0,2018-07-05,No
CUST-00877,Female,0,Yes,5,Fiber optic,One year,Electronic check,105.7,483.72,0.0,34.0,18570.0,2019-12-25,Yes
CUST-00878,Female,0,No,27,DSL,Two year,Electronic check,78.57,2159.22,,45.0,61603.0,2022-04-12,No
CUST-00879,Female,0,No,20,DSL,Two year,Electronic check,78.46,1509.14,2.0,41.0,30018.0,2019-11-07,No
CUST-00880,Female,0,Yes,19,Fiber optic,Month-to-month,Bank transfer,111.73,2080.98,1.0,58.0,59443.0,2023-03-19,Yes
CUST-00881,Female,0,No,47,Fiber optic,One year,Electronic check,98.04,4602.11,2.0,77.0,15000.0,2020-06-10,No
CUST-00882,Female,0,Yes,2,Fiber optic,Two year,Mailed check,39.75,51.83,0.0,34.0,113037.0,2022-01-18,No
CUST-00883,Male,0,No,10,Fiber optic,Two year,Credit card,84.0,884.49,3.0,35.0,73377.0,2020-10-08,Yes
CUST-00884,Female,0,No,18,DSL,Two year,Bank transfer,45.07,825.58,,56.0,19924.0,2021-03-12,No
CUST-00885,Male,0,No,40,Fiber optic,One year,Bank transfer,80.12,3293.08,4.0,,20185.0,2019-08-10,Yes
CUST-00886,Male,0,No,5,Fiber optic,Month-to-month,Electronic check,79.3,384.14,1.0,67.0,133700.0,2021-04-18,Yes
CUST-00887,Female,0,Yes,38,DSL,Month-to-month,Bank transfer,23.5,886.89,0.0,50.0,31494.0,2018-09-17,No
CUST-00888,Male,0,No,12,No,Month-to-month,Mailed check,61.34,796.6,1.0,36.0,,2020-06-25,No
CUST-00889,Female,0,Yes,5,Fiber optic,Month-to-month,Bank transfer,72.96,360.25,3.0,50.0,15000.0,2020-11-16,Yes
CUST-00890,Female,0,No,34,DSL,Two year,Mailed check,51.91,1839.64,0.0,57.0,39716.0,2022-07-08,No
CUST-00891,Male,0,Yes,2,Fiber optic,Month-to-month,Mailed check,74.44,175.92,0.0,53.0,42760.0,2020-07-26,Yes
CUST-00892,Male,0,No,17,Fiber optic,Two year,Credit card,89.18,1398.42,2.0,49.0,75304.0,2022-04-09,Yes
CUST-00893,Female,0,Yes,1,Fiber optic,One year,Electronic check,64.08,122.96,2.0,56.0,21174.0,2019-02-14,Yes
CUST-00894,Female,0,No,10,No,Month-to-month,Electronic check,71.74,763.04,2.0,58.0,19689.0,2018-03-01,Yes
CUST-00895,Female,1,No,22,Fiber optic,Month-to-month,Mailed check,106.5,2390.57,3.0,61.0,64252.0,2021-03-31,Yes
CUST-00896,Female,0,Yes,19,No,Month-to-month,Mailed check,79.2,1409.25,1.0,51.0,89683.0,2021-01-15,No
CUST-00897,Male,0,No,12,No,One year,Electronic check,71.02,819.09,1.0,39.0,19097.0,2022-04-19,No
CUST-00898,Male,0,No,13,DSL,Two year,Credit card,36.26,441.94,0.0,44.0,93798.0,2020-01-05,No
CUST-00899,Female,0,No,6,DSL,Two year,Mailed check,85.13,468.72,3.0,58.0,50137.0,2018-03-11,No
CUST-00900,Female,0,No,14,Fiber optic,Month-to-month,Mailed check,74.9,1135.7,3.0,30.0,94379.0,2022-08-23,Yes
CUST-00901,Male,0,Yes,72,Fiber optic,Month-to-month,Bank transfer,103.51,7452.13,0.0,47.0,46998.0,2024-01-17,Yes
CUST-00902,Male,0,No,45,No,Month-to-month,Bank transfer,66.41,2986.62,3.0,36.0,15000.0,2020-07-12,No
CUST-00903,Male,0,Yes,3,Fiber optic,Month-to-month,Credit card,18.0,81.6,2.0,42.0,44748.0,2021-12-02,No
CUST-00904,Female,0,No,0,Fiber optic,Two year,Electronic check,18.0,28.47,1.0,59.0,92603.0,2021-06-30,No
CUST-00905,Female,1,No,65,Fiber optic,Month-to-month,Electronic check,87.07,5492.81,0.0,44.0,28674.0,2021-08-19,No
CUST-00906,Male,0,Yes,17,Fiber optic,One year,Electronic check,47.89,781.81,3.0,42.0,38840.0,2023-07-26,No
CUST-00907,Male,1,No,18,DSL,Month-to-month,Credit card,78.1,1335.16,1.0,22.0,44104.0,2022-09-22,No
CUST-00908,Male,0,Yes,36,DSL,Month-to-month,Mailed check,68.43,2483.5,2.0,52.0,15000.0,2022-12-09,Yes
CUST-00909,Female,0,Yes,9,Fiber optic,One year,Credit card,59.99,,2.0,51.0,133627.0,2018-07-30,No
CUST-00910,Female,0,Yes,15,Fiber optic,One year,Credit card,62.11,932.42,1.0,72.0,28543.0,2018-12-10,No
CUST-00911,Female,0,No,72,Fiber optic,Month-to-month,Bank transfer,39.04,2706.95,0.0,37.0,66399.0,2022-04-04,No
CUST-00912,Male,0,Yes,26,DSL,One year,Electronic check,64.53,1662.29,2.0,45.0,46535.0,2021-06-20,No
CUST-00913,Male,0,Yes,4,DSL,Month-to-month,Mailed check,47.47,245.64,1.0,45.0,104252.0,2022-12-20,No
CUST-00914,Male,0,Yes,3,Fiber optic,One year,Electronic check,53.83,231.96,0.0,64.0,62544.0,2018-08-07,No
CUST-00915,Female,0,Yes,5,No,Two year,Credit card,55.29,312.39,2.0,40.0,42575.0,2021-08-20,No
CUST-00916,Male,0,No,34,No,One year,Electronic check,58.2,1912.03,3.0,45.0,28678.0,2021-02-12,No
CUST-00917,Female,1,Yes,8,Fiber optic,Month-to-month,Bank transfer,92.67,804.33,2.0,50.0,79119.0,2023-06-26,Yes
CUST-00918,Male,0,Yes,0,No,One year,Electronic check,61.11,36.2,1.0,44.0,15929.0,2019-03-15,Yes
CUST-00919,Female,0,Yes,69,DSL,Two year,Electronic check,95.71,6598.13,0.0,35.0,,2020-03-28,No
CUST-00920,Female,0,No,4,No,Month-to-month,Electronic check,111.14,343.31,1.0,44.0,25350.0,2018-12-19,No
CUST-00921,Female,1,Yes,0,Fiber optic,One year,Bank transfer,90.65,47.68,2.0,57.0,103919.0,2020-11-24,No
CUST-00922,Female,0,No,6,Fiber optic,Month-to-month,Electronic check,,456.57,1.0,27.0,54002.0,2023-08-28,No
CUST-00923,Female,0,Yes,6,DSL,Two year,Bank transfer,74.8,466.11,3.0,43.0,72147.0,2022-04-20,No
CUST-00924,Male,0,No,13,No,Month-to-month,Bank transfer,90.96,1185.9,0.0,32.0,,2022-10-10,No
CUST-00925,Male,0,Yes,60,Fiber optic,Two year,Credit card,67.68,4137.72,1.0,58.0,17129.0,2018-08-07,No
CUST-00926,Female,0,No,50,DSL,One year,Credit card,94.54,4720.73,1.0,20.0,29247.0,2020-11-25,No
CUST-00927,Male,0,No,14,DSL,Month-to-month,Bank transfer,83.42,1167.12,3.0,34.0,73381.0,2023-05-20,No
CUST-00928,Female,0,No,12,DSL,Month-to-month,Bank transfer,54.2,729.33,0.0,47.0,54176.0,2023-05-17,No
CUST-00929,Female,0,No,19,Fiber optic,Month-to-month,Mailed check,91.88,1712.81,1.0,63.0,99567.0,2024-05-03,No
CUST-00930,Female,1,Yes,6,DSL,Month-to-month,Bank transfer,67.74,447.16,2.0,41.0,62440.0,2021-05-17,No
CUST-00931,Female,0,Yes,1,Fiber optic,Month-to-month,Mailed check,61.82,51.89,2.0,34.0,27446.0,2018-01-05,Yes
CUST-00932,Male,0,Yes,67,No,Month-to-month,Electronic check,50.71,3347.44,2.0,68.0,30404.0,2023-10-08,No
CUST-00933,Female,0,No,4,No,Month-to-month,Bank transfer,69.98,,2.0,21.0,52143.0,2024-02-19,No
CUST-00934,Female,0,Yes,5,DSL,Month-to-month,Electronic check,94.89,509.04,0.0,18.0,15000.0,2023-12-14,No
CUST-00935,Female,0,No,15,DSL,Month-to-month,Mailed check,91.67,1442.74,2.0,48.0,133795.0,2022-12-14,No
CUST-00936,Male,0,No,16,Fiber optic,One year,Mailed check,75.6,1283.33,1.0,34.0,63898.0,2019-05-12,Yes
CUST-00937,Male,1,No,0,DSL,Month-to-month,Credit card,82.99,0.0,5.0,27.0,102356.0,2018-11-22,Yes
CUST-00938,Female,0,No,3,No,Month-to-month,Electronic check,103.15,260.09,1.0,51.0,18989.0,2022-07-01,Yes
CUST-00939,Female,0,Yes,11,Fiber optic,Month-to-month,Mailed check,60.5,649.56,,45.0,103439.0,2018-11-26,No
CUST-00940,Male,0,No,27,Fiber optic,One year,Credit card,31.54,792.5,2.0,34.0,187006.0,2024-02-12,No
CUST-00941,Male,0,Yes,6,DSL,Month-to-month,Electronic check,104.03,613.31,2.0,24.0,22191.0,2020-11-10,Yes
CUST-00942,Female,0,No,13,Fiber optic,Month-to-month,Credit card,49.11,621.35,3.0,54.0,77873.0,2018-03-14,No
CUST-00943,Female,0,No,19,No,Month-to-month,Credit card,44.29,877.88,2.0,51.0,49053.0,2018-12-19,No
CUST-00944,Female,0,No,52,Fiber optic,Month-to-month,Mailed check,18.0,825.7,1.0,40.0,19406.0,2019-11-12,Yes
CUST-00945,Male,0,Yes,9,No,Month-to-month,Bank transfer,82.14,702.58,2.0,,65889.0,2022-07-07,Yes
CUST-00946,Female,0,Yes,3,DSL,Month-to-month,Credit card,18.0,,1.0,27.0,80834.0,2022-09-24,No
CUST-00947,Male,0,No,16,DSL,Two year,Bank transfer,42.49,739.2,2.0,20.0,34177.0,2019-05-15,No
CUST-00948,Male,1,No,32,No,One year,Electronic check,82.65,2589.11,0.0,32.0,,2022-02-28,Yes
CUST-00949,Female,1,Yes,2,Fiber optic,Two year,Credit card,86.66,184.65,2.0,41.0,18032.0,2018-03-16,No
CUST-00950,Male,0,No,13,DSL,One year,Electronic check,45.45,584.44,2.0,45.0,19993.0,2018-08-29,No
CUST-00951,Female,0,Yes,0,Fiber optic,One year,Electronic check,60.98,52.15,0.0,38.0,53207.0,2021-06-07,No
CUST-00952,Female,0,No,0,Fiber optic,Two year,Credit card,,29.79,1.0,46.0,49773.0,2022-07-08,No
CUST-00953,Female,0,No,15,Fiber optic,Month-to-month,Electronic check,48.55,734.31,4.0,24.0,31890.0,2023-11-13,No
CUST-00954,Female,0,No,8,No,One year,Bank transfer,72.99,556.19,2.0,62.0,79678.0,2020-10-22,Yes
CUST-00955,Male,0,Yes,44,DSL,Month-to-month,Mailed check,49.95,2105.18,1.0,40.0,67409.0,2018-10-09,Yes
CUST-00956,Male,0,No,22,Fiber optic,One year,Bank transfer,57.67,1281.09,2.0,57.0,82033.0,2023-12-17,No
CUST-00957,Male,1,Yes,14,Fiber optic,Month-to-month,Electronic check,21.06,,1.0,46.0,45529.0,2020-10-21,Yes
CUST-00958,Female,0,Yes,12,Fiber optic,One year,Mailed check,98.99,1109.14,3.0,48.0,70371.0,2021-03-11,No
CUST-00959,Female,0,Yes,16,Fiber optic,Two year,Electronic check,80.3,1223.12,4.0,49.0,37519.0,2023-06-25,Yes
CUST-00960,Male,0,Yes,0,Fiber optic,Month-to-month,Electronic check,88.79,12.62,4.0,48.0,168096.0,2021-10-04,No
CUST-00961,Male,0,Yes,53,DSL,Two year,Electronic check,103.71,5513.59,1.0,50.0,30105.0,2019-12-08,No
CUST-00962,Female,0,No,72,Fiber optic,Month-to-month,Electronic check,40.24,2847.75,,60.0,,2021-06-21,No
CUST-00963,Female,0,No,4,DSL,Month-to-month,Credit card,54.25,188.3,6.0,44.0,50057.0,2022-01-04,No
CUST-00964,Female,0,No,3,DSL,One year,Mailed check,18.0,0.0,5.0,51.0,21476.0,2023-09-16,No
CUST-00965,Female,0,No,3,Fiber optic,Month-to-month,Mailed check,120.0,428.86,3.0,40.0,111396.0,2019-07-05,Yes
CUST-00966,Female,1,No,25,DSL,Month-to-month,Mailed check,60.51,1447.76,3.0,62.0,,2021-08-03,Yes
CUST-00967,Male,0,Yes,25,Fiber optic,Month-to-month,Credit card,96.16,2431.11,1.0,32.0,81688.0,2023-11-27,Yes
CUST-00968,Female,0,Yes,45,DSL,One year,Bank transfer,27.86,1251.95,1.0,67.0,102161.0,2018-04-17,No
CUST-00969,Male,0,No,33,Fiber optic,Month-to-month,Bank transfer,94.89,3195.85,0.0,41.0,60040.0,2019-04-01,No
CUST-00970,Female,0,No,14,No,Two year,Electronic check,120.0,1640.39,0.0,,34360.0,2020-03-22,No
CUST-00971,Male,0,Yes,22,DSL,One year,Mailed check,63.19,1393.24,4.0,43.0,88029.0,2022-05-09,No
CUST-00972,Male,0,No,27,Fiber optic,Month-to-month,Electronic check,34.67,851.17,1.0,32.0,49043.0,2023-05-27,Yes
CUST-00973,Female,0,No,17,Fiber optic,Month-to-month,Bank transfer,60.84,937.35,1.0,53.0,73977.0,2019-04-12,No
CUST-00974,Female,0,No,15,DSL,Two year,Electronic check,18.0,299.82,1.0,32.0,15000.0,2019-08-02,No
CUST-00975,Female,0,No,24,Fiber optic,One year,Bank transfer,63.86,1443.39,0.0,35.0,64099.0,2023-04-13,No
CUST-00976,Female,0,No,19,DSL,One year,Electronic check,89.63,1691.56,0.0,18.0,33417.0,2018-12-14,Yes
CUST-00977,Female,0,No,24,DSL,One year,Mailed check,63.93,1584.88,2.0,35.0,132188.0,2019-09-04,No
CUST-00978,Female,1,Yes,22,No,Month-to-month,Mailed check,56.48,1279.89,1.0,18.0,71243.0,2022-09-13,No
CUST-00979,Female,1,No,30,DSL,One year,Electronic check,80.83,2391.67,4.0,19.0,56608.0,2019-01-25,No
CUST-00980,Female,0,No,24,Fiber optic,One year,Electronic check,83.12,1915.45,0.0,52.0,65629.0,2023-04-25,No
CUST-00981,Female,0,Yes,17,DSL,Month-to-month,Electronic check,18.0,331.47,0.0,53.0,26928.0,2021-02-23,No
CUST-00982,Female,0,No,27,DSL,Two year,Mailed check,67.66,,2.0,47.0,129826.0,2020-11-14,No
CUST-00983,Male,0,Yes,14,DSL,Month-to-month,Bank transfer,120.0,1646.89,0.0,28.0,161914.0,2018-11-13,No
CUST-00984,Male,0,No,6,DSL,Month-to-month,Mailed check,24.95,109.53,1.0,41.0,62053.0,2022-05-12,No
CUST-00985,Male,0,Yes,0,Fiber optic,Month-to-month,Mailed check,62.44,0.0,3.0,41.0,127292.0,2023-09-03,No
CUST-00986,Female,0,Yes,19,Fiber optic,One year,Mailed check,120.0,2308.58,1.0,25.0,34839.0,2022-06-10,No
CUST-00987,Male,0,Yes,21,Fiber optic,Month-to-month,Mailed check,98.13,2122.16,2.0,63.0,30385.0,2020-01-13,Yes
CUST-00988,Male,0,Yes,72,Fiber optic,Month-to-month,Electronic check,49.6,3509.22,1.0,,50239.0,2022-06-26,Yes
CUST-00989,Male,0,No,10,No,Two year,Mailed check,71.18,636.89,1.0,38.0,63637.0,2021-04-09,No
CUST-00990,Female,0,Yes,12,No,Month-to-month,Electronic check,64.94,,1.0,42.0,38700.0,2023-06-24,No
CUST-00991,Male,1,Yes,5,Fiber optic,Month-to-month,Mailed check,42.56,203.93,1.0,44.0,67687.0,2020-12-12,No
CUST-00992,Male,0,No,1,No,Month-to-month,Bank transfer,62.77,75.41,0.0,18.0,58913.0,2019-07-11,Yes
CUST-00993,Male,0,No,35,Fiber optic,Month-to-month,Bank transfer,56.6,1946.4,3.0,38.0,26930.0,2018-08-26,No
CUST-00994,Male,0,No,6,Fiber optic,Month-to-month,Electronic check,68.38,434.78,2.0,32.0,66921.0,2019-10-21,No
CUST-00995,Female,0,No,22,Fiber optic,Month-to-month,Electronic check,42.55,984.1,0.0,27.0,82299.0,2021-08-13,Yes
CUST-00996,Female,1,No,27,No,Month-to-month,Electronic check,26.7,735.89,1.0,38.0,54332.0,2019-02-03,No
CUST-00997,Female,1,Yes,15,Fiber optic,Two year,Mailed check,63.76,1043.44,5.0,67.0,97888.0,2018-04-04,No
CUST-00998,Female,0,No,50,Fiber optic,Month-to-month,Mailed check,116.45,5806.16,1.0,50.0,23613.0,2020-11-17,No
CUST-00999,Female,0,No,14,Fiber optic,One year,Electronic check,67.47,931.44,2.0,34.0,64910.0,2020-03-25,No
CUST-01000,Male,0,Yes,8,No,Month-to-month,Bank transfer,55.05,451.97,0.0,50.0,24290.0,2020-09-11,No
CUST-01001,Male,0,Yes,54,No,Month-to-month,Mailed check,,4754.73,1.0,61.0,25123.0,2020-11-30,No
CUST-01002,Female,0,No,47,DSL,Month-to-month,Bank transfer,60.25,2843.15,2.0,54.0,33571.0,2022-11-30,No
CUST-01003,Female,0,Yes,4,Fiber optic,Month-to-month,Bank transfer,120.0,415.78,1.0,42.0,27854.0,2024-03-01,No
CUST-01004,Female,0,Yes,0,DSL,One year,Bank transfer,64.88,15.63,3.0,32.0,35284.0,2019-09-07,No
CUST-01005,Male,0,No,2,DSL,Month-to-month,Credit card,86.01,153.31,2.0,51.0,43109.0,2024-01-18,No
CUST-01006,Female,1,Yes,8,No,Two year,Electronic check,42.36,309.83,0.0,47.0,81007.0,2019-06-20,No
CUST-01007,Female,0,No,72,Fiber optic,One year,Electronic check,80.09,5768.1,,54.0,40429.0,2022-11-04,No
CUST-01008,Female,0,No,19,Fiber optic,Month-to-month,Bank transfer,73.25,1343.67,0.0,50.0,18932.0,2022-05-16,Yes
CUST-01009,Male,1,Yes,11,Fiber optic,Month-to-month,Mailed check,63.3,639.53,1.0,56.0,97152.0,2018-05-03,No
CUST-01010,Male,0,Yes,52,Fiber optic,Month-to-month,Credit card,49.95,,3.0,34.0,29665.0,2022-08-26,No
CUST-01011,Male,0,No,14,,Month-to-month,Electronic check,45.86,729.4,2.0,60.0,47323.0,2023-10-13,No
CUST-01012,Female,0,Yes,9,DSL,One year,Electronic check,73.47,689.02,2.0,44.0,64082.0,2023-12-20,No
CUST-01013,Male,0,Yes,68,Fiber optic,Two year,Bank transfer,83.87,5697.32,0.0,71.0,55257.0,2022-05-25,No
CUST-01014,Female,0,No,45,DSL,Month-to-month,Electronic check,61.19,2720.19,1.0,32.0,94514.0,2023-01-17,No
CUST-01015,Male,0,Yes,44,DSL,Month-to-month,Electronic check,73.62,3095.48,3.0,66.0,65342.0,2018-06-17,No
CUST-01016,Male,0,Yes,17,DSL,Month-to-month,Credit card,63.86,1049.19,2.0,44.0,29237.0,2019-01-13,No
CUST-01017,Male,0,Yes,37,No,One year,Electronic check,67.96,2550.31,1.0,32.0,181160.0,2019-09-07,No
CUST-01018,Male,0,No,4,DSL,Month-to-month,Mailed check,58.99,283.07,2.0,35.0,,2021-05-29,Yes
CUST-01019,Male,0,No,20,No,Two year,Electronic check,65.54,1342.91,3.0,37.0,44873.0,2020-06-23,No
CUST-01020,Male,0,No,72,Fiber optic,One year,Electronic check,120.0,8647.92,0.0,47.0,87409.0,2022-03-20,No
CUST-01021,Male,1,Yes,8,DSL,Two year,Electronic check,74.35,659.99,0.0,49.0,56935.0,2020-11-10,No
CUST-01022,Male,0,Yes,37,Fiber optic,Month-to-month,Electronic check,84.36,3104.89,1.0,33.0,62288.0,2022-12-21,No
CUST-01023,Female,0,No,16,Fiber optic,One year,Electronic check,78.14,1304.5,2.0,41.0,218668.0,2022-07-30,No
CUST-01024,Male,0,No,0,No,One year,Credit card,57.12,0.0,3.0,71.0,41561.0,2022-10-17,No
CUST-01025,Male,0,Yes,34,No,One year,Bank transfer,103.82,3485.82,0.0,66.0,40511.0,2023-04-26,No
CUST-01026,Female,0,No,4,DSL,Month-to-month,Bank transfer,56.27,174.79,2.0,48.0,52572.0,2023-05-09,No
CUST-01027,Male,0,No,23,Fiber optic,Two year,Electronic check,96.65,2169.73,3.0,42.0,93237.0,2023-01-01,No
CUST-01028,Female,0,No,2,DSL,Two year,Electronic check,54.97,142.89,4.0,43.0,19852.0,2018-06-04,No
CUST-01029,Male,0,No,70,DSL,Month-to-month,Bank transfer,36.2,2496.86,4.0,50.0,,2021-12-31,No
CUST-01030,Female,0,Yes,8,DSL,One year,Bank transfer,75.96,556.03,2.0,27.0,34466.0,2018-02-16,No
CUST-01031,Male,0,No,6,Fiber optic,Month-to-month,Mailed check,31.86,226.85,4.0,38.0,18391.0,2022-10-09,Yes
CUST-01032,Male,0,Yes,3,DSL,Two year,Mailed check,81.07,259.61,3.0,18.0,37990.0,2018-05-24,Yes
CUST-01033,Female,0,No,70,Fiber optic,One year,Mailed check,29.18,2090.73,3.0,47.0,66270.0,2024-04-22,Yes
CUST-01034,Male,0,No,29,No,Month-to-month,Electronic check,55.43,1633.1,0.0,51.0,28725.0,2021-12-09,Yes
CUST-01035,Female,0,No,32,Fiber optic,Month-to-month,Bank transfer,22.05,667.94,4.0,35.0,20824.0,2019-03-03,Yes
CUST-01036,Male,0,No,16,No,Month-to-month,Electronic check,120.0,1923.81,6.0,64.0,,2021-01-02,Yes
CUST-01037,Male,0,Yes,15,DSL,Month-to-month,Electronic check,18.0,276.26,1.0,24.0,82250.0,2023-04-21,No
CUST-01038,Female,0,No,2,Fiber optic,Month-to-month,Bank transfer,65.29,,1.0,21.0,17730.0,2019-02-26,No
CUST-01039,Male,1,Yes,19,No,One year,Electronic check,99.3,1831.47,1.0,45.0,80188.0,2021-06-11,No
CUST-01040,Male,0,Yes,6,DSL,One year,Bank transfer,96.09,542.5,3.0,56.0,80048.0,2018-01-09,No
CUST-01041,Male,0,No,72,Fiber optic,Month-to-month,Credit card,90.54,6620.71,0.0,65.0,86894.0,2023-01-22,No
CUST-01042,Female,0,No,38,DSL,One year,Electronic check,55.48,2087.6,2.0,35.0,101832.0,2019-04-01,No
CUST-01043,Male,0,Yes,12,Fiber optic,Month-to-month,Bank transfer,105.53,1328.0,2.0,57.0,183727.0,2020-06-26,Yes
CUST-01044,Female,1,No,3,Fiber optic,Month-to-month,Mailed check,92.4,253.77,0.0,41.0,39590.0,2021-05-27,No
CUST-01045,Male,0,No,36,No,One year,Electronic check,71.37,,1.0,39.0,52351.0,2018-12-06,Yes
CUST-01046,Female,0,No,3,Fiber optic,Month-to-month,Bank transfer,72.22,261.78,2.0,54.0,38182.0,2023-12-12,No
CUST-01047,Female,1,Yes,5,,Month-to-month,Bank transfer,55.88,327.03,0.0,51.0,49078.0,2021-01-03,No
CUST-01048,Male,0,No,5,DSL,Month-to-month,Bank transfer,37.71,207.94,2.0,19.0,122973.0,2019-06-28,No
CUST-01049,Female,0,No,19,Fiber optic,One year,Credit card,102.11,2008.96,1.0,62.0,21872.0,2022-09-19,No
CUST-01050,Female,0,No,37,Fiber optic,Two year,Electronic check,104.37,3880.61,1.0,61.0,29242.0,2023-09-27,No
CUST-01051,Female,0,No,9,Fiber optic,Month-to-month,Bank transfer,38.48,432.0,1.0,33.0,112006.0,2023-11-09,No
CUST-01052,Male,0,No,2,Fiber optic,Month-to-month,Bank transfer,60.39,,2.0,47.0,90402.0,2020-10-07,No
CUST-01053,Male,0,No,14,No,Two year,Electronic check,60.7,867.21,1.0,48.0,39423.0,2020-04-22,No
CUST-01054,Male,1,No,33,DSL,Month-to-month,Credit card,64.02,2126.83,0.0,45.0,81849.0,2023-12-18,No
CUST-01055,Male,0,No,6,DSL,Month-to-month,Electronic check,66.93,354.75,,34.0,60157.0,2018-05-04,Yes
CUST-01056,Female,0,Yes,5,No,Month-to-month,Bank transfer,93.41,496.03,2.0,32.0,120591.0,2022-10-25,Yes
CUST-01057,Female,0,Yes,70,Fiber optic,Two year,Bank transfer,42.58,2906.1,1.0,,51262.0,2019-02-20,No
CUST-01058,Male,0,No,72,Fiber optic,One year,Mailed check,39.61,2819.21,2.0,58.0,90706.0,2020-12-26,No
CUST-01059,Female,0,Yes,72,DSL,One year,Electronic check,102.1,7251.25,1.0,49.0,239236.0,2024-02-13,No
CUST-01060,Male,0,Yes,39,DSL,One year,Electronic check,51.12,2071.61,1.0,36.0,70182.0,2021-09-23,No
CUST-01061,Male,0,No,5,DSL,One year,Electronic check,27.11,123.97,2.0,52.0,50493.0,2021-05-11,No
CUST-01062,Female,0,No,5,DSL,Month-to-month,Mailed check,50.45,360.59,1.0,18.0,75619.0,2018-05-25,No
CUST-01063,Female,0,Yes,9,Fiber optic,One year,Electronic check,55.1,536.05,5.0,58.0,,2019-10-12,Yes
CUST-01064,Female,0,No,9,Fiber optic,Month-to-month,Mailed check,111.65,1027.25,1.0,18.0,205413.0,2018-01-08,No
CUST-01065,Female,0,No,72,No,One year,Electronic check,92.74,6647.97,0.0,36.0,,2023-08-13,No
CUST-01066,Male,0,No,37,DSL,Month-to-month,Electronic check,99.43,3626.59,,26.0,41616.0,2022-02-19,No
CUST-01067,Male,0,Yes,30,DSL,Month-to-month,Mailed check,89.6,2714.15,,23.0,,2018-10-04,No
CUST-01068,Female,0,No,4,Fiber optic,One year,Bank transfer,93.39,369.98,2.0,58.0,,2020-05-01,Yes
CUST-01069,Male,0,No,57,DSL,Month-to-month,Bank transfer,44.36,2461.56,1.0,35.0,82480.0,2023-03-17,No
CUST-01070,Female,0,No,42,No,Month-to-month,Electronic check,59.04,2403.84,1.0,46.0,36373.0,2018-11-25,No
CUST-01071,Male,0,Yes,4,Fiber optic,Month-to-month,Electronic check,35.3,93.26,2.0,41.0,69277.0,2019-06-24,No
CUST-01072,Female,0,No,49,No,One year,Credit card,58.69,2966.86,0.0,48.0,19828.0,2021-06-22,No
CUST-01073,Female,0,No,7,DSL,Month-to-month,Electronic check,85.52,709.3,1.0,43.0,54774.0,2018-12-06,No
CUST-01074,Female,1,No,2,DSL,Month-to-month,Bank transfer,69.04,148.33,2.0,24.0,64321.0,2020-06-15,No
CUST-01075,Female,0,No,25,DSL,One year,Mailed check,104.34,2615.95,2.0,55.0,136543.0,2024-04-20,No
CUST-01076,Male,0,Yes,25,DSL,Month-to-month,Electronic check,30.76,752.18,2.0,35.0,30869.0,2021-06-28,No
CUST-01077,Male,0,Yes,2,Fiber optic,Two year,Bank transfer,80.01,113.3,1.0,20.0,22765.0,2022-07-02,No
CUST-01078,Female,0,No,9,No,Month-to-month,Credit card,27.55,316.71,0.0,36.0,28645.0,2022-04-04,No
CUST-01079,Male,1,No,72,DSL,Two year,Credit card,67.83,4977.44,1.0,63.0,21983.0,2019-05-12,No
CUST-01080,Female,1,Yes,27,DSL,One year,Bank transfer,87.21,2310.0,0.0,53.0,109315.0,2023-06-06,No
CUST-01081,Male,0,Yes,31,DSL,Month-to-month,Mailed check,58.56,1811.22,1.0,37.0,124142.0,2018-10-13,No
CUST-01082,Female,0,Yes,5,Fiber optic,Two year,Electronic check,81.53,385.16,0.0,37.0,59404.0,2023-11-30,Yes
CUST-01083,Male,0,Yes,1,Fiber optic,One year,Mailed check,36.21,15.2,0.0,37.0,,2019-05-22,No
CUST-01084,Female,0,Yes,7,Fiber optic,Two year,Electronic check,18.0,185.3,3.0,71.0,53123.0,2024-02-15,No
CUST-01085,Male,0,No,6,Fiber optic,Month-to-month,Credit card,81.71,424.66,0.0,47.0,46301.0,2023-02-13,No
CUST-01086,Male,0,No,6,Fiber optic,Month-to-month,Electronic check,117.32,727.24,0.0,48.0,40141.0,2019-02-05,No
CUST-01087,Male,0,No,5,Fiber optic,One year,Mailed check,35.12,212.01,2.0,56.0,40691.0,2019-01-11,No
CUST-01088,Female,0,No,20,No,Month-to-month,Mailed check,101.67,2026.29,3.0,45.0,19366.0,2018-07-18,No
CUST-01089,Female,1,No,9,Fiber optic,Two year,Mailed check,66.3,641.35,0.0,38.0,57443.0,2019-08-03,No
CUST-01090,Male,0,No,41,DSL,One year,Electronic check,24.93,1029.51,1.0,39.0,47848.0,2022-03-25,No
CUST-01091,Male,0,No,4,DSL,One year,Electronic check,31.05,,2.0,40.0,76666.0,2021-05-04,No
CUST-01092,Male,0,Yes,14,DSL,Two year,Mailed check,65.47,840.47,1.0,41.0,51850.0,2021-12-08,No
CUST-01093,Female,1,Yes,0,,Two year,Bank transfer,52.87,0.0,0.0,52.0,44461.0,2018-03-14,No
CUST-01094,Female,0,Yes,15,Fiber optic,Month-to-month,Bank transfer,25.61,380.56,1.0,42.0,29064.0,2018-07-07,No
CUST-01095,Male,0,Yes,1,DSL,One year,Mailed check,18.0,0.0,3.0,52.0,51189.0,2022-06-10,No
CUST-01096,Female,1,Yes,72,Fiber optic,One year,Bank transfer,39.6,2796.9,1.0,40.0,76339.0,2023-06-10,No
CUST-01097,Male,0,Yes,37,Fiber optic,Month-to-month,Bank transfer,70.81,2579.29,2.0,43.0,24686.0,2020-04-22,No
CUST-01098,Male,0,Yes,16,DSL,Two year,Electronic check,64.81,1084.37,2.0,18.0,51662.0,2019-01-26,No
CUST-01099,Male,0,No,2,Fiber optic,Two year,Electronic check,49.96,64.58,1.0,54.0,56377.0,2019-12-24,Yes
CUST-01100,Female,1,No,21,Fiber optic,One year,Credit card,71.06,1451.36,1.0,46.0,31861.0,2020-08-23,No
CUST-01101,Female,0,No,34,DSL,Month-to-month,Mailed check,96.2,3311.67,3.0,55.0,34450.0,2022-01-16,No
CUST-01102,Male,1,Yes,5,No,One year,Electronic check,76.82,303.2,1.0,18.0,56295.0,2020-08-17,No
CUST-01103,Female,0,Yes,20,DSL,One year,Electronic check,61.36,1123.64,3.0,71.0,24833.0,2023-10-03,No
CUST-01104,Male,0,Yes,40,Fiber optic,Month-to-month,Bank transfer,92.84,3695.52,1.0,40.0,60473.0,2020-07-29,Yes
CUST-01105,Male,0,No,35,No,Month-to-month,Bank transfer,36.2,1194.61,1.0,57.0,28646.0,2019-03-01,No
CUST-01106,Female,1,No,38,Fiber optic,Month-to-month,Credit card,58.25,2143.02,1.0,27.0,92754.0,2019-08-05,No
CUST-01107,Female,0,Yes,50,Fiber optic,One year,Mailed check,58.97,2977.17,3.0,50.0,199325.0,2020-12-25,No
CUST-01108,Male,0,Yes,66,No,One year,Electronic check,27.89,1884.54,2.0,27.0,29247.0,2023-01-08,Yes
CUST-01109,Female,0,Yes,12,DSL,Month-to-month,Bank transfer,52.4,668.24,3.0,33.0,67543.0,2023-07-31,No
CUST-01110,Female,0,Yes,20,DSL,One year,Electronic check,18.0,415.44,2.0,68.0,31696.0,2019-03-11,No
CUST-01111,Male,0,Yes,37,Fiber optic,Month-to-month,Electronic check,120.0,4502.06,1.0,39.0,91543.0,2018-01-09,No
CUST-01112,Male,0,Yes,28,No,One year,Electronic check,36.88,926.21,0.0,45.0,22944.0,2023-07-31,No
CUST-01113,Male,0,Yes,72,Fiber optic,One year,Electronic check,112.58,8128.28,0.0,54.0,65404.0,2019-06-19,No
CUST-01114,Female,0,No,0,No,One year,Credit card,66.14,0.0,2.0,48.0,29033.0,2023-04-10,No
CUST-01115,Female,0,No,10,DSL,One year,Bank transfer,81.95,782.13,1.0,,43295.0,2021-07-14,No
CUST-01116,Male,0,No,7,No,Month-to-month,Electronic check,50.34,380.4,2.0,47.0,26407.0,2020-08-04,Yes
CUST-01117,Male,0,No,7,No,Month-to-month,Bank transfer,71.24,412.17,2.0,75.0,80290.0,2018-12-10,No
CUST-01118,Female,0,Yes,6,Fiber optic,One year,Bank transfer,84.51,419.5,1.0,41.0,29667.0,2022-04-24,Yes
CUST-01119,Female,0,Yes,29,No,One year,Credit card,84.94,2494.94,0.0,44.0,68266.0,2023-04-01,No
CUST-01120,Female,0,Yes,2,DSL,Month-to-month,Credit card,88.24,200.87,2.0,56.0,,2020-12-16,No
CUST-01121,Male,0,No,32,No,Month-to-month,Electronic check,53.95,1733.24,3.0,57.0,45766.0,2020-11-11,No
CUST-01122,Male,1,No,28,No,Month-to-month,Credit card,50.59,1372.52,1.0,58.0,53565.0,2022-11-05,No
CUST-01123,Male,0,Yes,6,DSL,Month-to-month,Electronic check,18.0,145.19,1.0,50.0,31036.0,2021-03-17,Yes
CUST-01124,Female,0,Yes,6,Fiber optic,Month-to-month,Electronic check,80.7,518.22,1.0,25.0,55615.0,2023-01-15,No
CUST-01125,Female,1,No,23,Fiber optic,Month-to-month,Electronic check,97.47,2246.08,,64.0,122786.0,2018-05-07,No
CUST-01126,Female,0,Yes,34,DSL,One year,Electronic check,113.48,3799.45,0.0,25.0,30734.0,2023-07-03,No
CUST-01127,Male,1,No,50,DSL,Month-to-month,Credit card,74.16,3686.74,1.0,46.0,99020.0,2019-09-07,Yes
CUST-01128,Female,0,No,45,DSL,Two year,Bank transfer,42.01,1932.34,3.0,31.0,120434.0,2019-02-01,No
CUST-01129,Female,0,Yes,72,Fiber optic,Month-to-month,Bank transfer,18.0,1362.36,1.0,41.0,30040.0,2018-03-17,Yes
CUST-01130,Female,0,No,20,Fiber optic,Month-to-month,Credit card,96.25,1908.67,2.0,46.0,20475.0,2023-05-09,Yes
CUST-01131,Female,0,Yes,57,No,Month-to-month,Mailed check,18.0,,2.0,46.0,58757.0,2018-05-21,No
CUST-01132,Male,0,Yes,39,DSL,One year,Electronic check,54.78,2128.34,0.0,,35297.0,2024-02-15,No
CUST-01133,Male,0,No,54,Fiber optic,One year,Bank transfer,58.27,3160.32,3.0,64.0,150416.0,2021-08-16,No
CUST-01134,Male,0,Yes,0,DSL,One year,Credit card,62.92,0.0,2.0,48.0,50055.0,2022-06-26,No
CUST-01135,Female,0,Yes,72,Fiber optic,Two year,Credit card,66.07,4612.33,0.0,38.0,30293.0,2022-08-27,No
CUST-01136,Male,0,Yes,15,No,One year,Mailed check,,1096.74,4.0,55.0,24629.0,2019-11-17,Yes
CUST-01137,Male,0,Yes,38,Fiber optic,Two year,Credit card,18.0,773.73,3.0,58.0,94272.0,2023-03-05,No
CUST-01138,Female,0,Yes,3,DSL,Month-to-month,Credit card,65.44,165.7,2.0,24.0,34797.0,2024-01-27,Yes
CUST-01139,Female,0,Yes,12,Fiber optic,Month-to-month,Electronic check,18.0,,2.0,50.0,,2020-05-16,No
CUST-01140,Male,0,No,7,DSL,Month-to-month,Bank transfer,86.97,601.93,,51.0,86984.0,2023-05-12,No
CUST-01141,Female,0,Yes,8,Fiber optic,One year,Electronic check,48.35,377.42,0.0,37.0,36660.0,2022-12-14,No
CUST-01142,Female,1,No,3,DSL,Month-to-month,Mailed check,18.0,103.78,2.0,,47688.0,2021-10-13,No
CUST-01143,Male,0,Yes,39,DSL,One year,Credit card,40.57,1584.96,2.0,39.0,48535.0,2020-05-11,No
CUST-01144,Female,0,No,0,Fiber optic,Month-to-month,Bank transfer,47.9,0.0,0.0,43.0,73865.0,2020-08-30,No
CUST-01145,Male,0,Yes,8,No,Month-to-month,Bank transfer,100.72,739.84,3.0,39.0,69873.0,2019-12-22,Yes
CUST-01146,Female,0,Yes,4,Fiber optic,Month-to-month,Credit card,70.9,326.88,1.0,,42956.0,2020-09-25,No
CUST-01147,Female,1,Yes,21,DSL,Month-to-month,Electronic check,75.33,1611.91,0.0,26.0,50929.0,2024-05-07,No
CUST-01148,Male,1,No,7,DSL,Month-to-month,Electronic check,100.44,756.11,3.0,21.0,39219.0,2020-05-01,No
CUST-01149,Female,0,Yes,7,No,Month-to-month,Electronic check,62.12,386.43,1.0,64.0,20199.0,2022-04-09,No
CUST-01150,Female,0,Yes,16,No,Month-to-month,Bank transfer,87.63,1494.0,1.0,30.0,57214.0,2020-01-19,No
CUST-01151,Male,0,Yes,25,DSL,One year,Credit card,85.52,2050.82,3.0,28.0,152560.0,2020-12-29,No
CUST-01152,Male,0,No,3,No,Month-to-month,Bank transfer,26.41,114.71,0.0,18.0,28847.0,2018-07-16,No
CUST-01153,Male,0,No,4,No,Month-to-month,Credit card,109.19,341.28,1.0,33.0,30828.0,2022-11-24,No
CUST-01154,Male,0,Yes,6,DSL,Month-to-month,Bank transfer,22.39,94.82,1.0,23.0,29072.0,2022-03-29,No
CUST-01155,Male,0,No,72,Fiber optic,Two year,Bank transfer,92.52,6739.49,3.0,64.0,75716.0,2020-03-25,Yes
CUST-01156,Male,0,Yes,12,Fiber optic,One year,Bank transfer,19.49,275.45,1.0,56.0,64157.0,2021-05-14,No
CUST-01157,Female,0,No,21,DSL,Two year,Credit card,83.04,1716.53,1.0,32.0,44572.0,2023-08-06,No
CUST-01158,Female,0,No,6,DSL,One year,Electronic check,120.0,694.06,2.0,73.0,28259.0,2018-04-15,No
CUST-01159,Male,0,Yes,16,Fiber optic,Two year,Electronic check,58.61,942.79,2.0,55.0,51814.0,2023-12-20,No
CUST-01160,Female,0,Yes,1,No,Month-to-month,Electronic check,57.31,83.02,0.0,37.0,19172.0,2021-01-08,No
CUST-01161,Female,0,Yes,0,No,Month-to-month,Credit card,83.31,62.58,1.0,18.0,53426.0,2023-07-08,Yes
CUST-01162,Male,0,No,15,DSL,One year,Credit card,55.12,803.99,6.0,74.0,82695.0,2023-07-12,Yes
CUST-01163,Female,0,Yes,12,Fiber optic,Two year,Mailed check,119.55,1354.01,0.0,22.0,23139.0,2018-05-18,No
CUST-01164,Female,0,No,3,Fiber optic,Two year,Credit card,70.77,220.16,4.0,18.0,19545.0,2023-01-06,No
CUST-01165,Female,0,No,27,Fiber optic,One year,Mailed check,55.39,1472.66,2.0,,126457.0,2022-09-14,No
CUST-01166,Male,0,Yes,72,Fiber optic,Month-to-month,Mailed check,48.79,3447.85,0.0,76.0,33960.0,2018-04-12,No
CUST-01167,Male,0,No,12,Fiber optic,Month-to-month,Credit card,37.01,459.0,2.0,61.0,96912.0,2024-01-13,No
CUST-01168,Male,0,No,23,DSL,Month-to-month,Mailed check,46.17,1051.25,3.0,49.0,44694.0,2022-01-26,No
CUST-01169,Male,0,Yes,72,DSL,Month-to-month,Mailed check,54.48,3937.89,0.0,50.0,44481.0,2019-01-28,No
CUST-01170,Male,1,No,42,Fiber optic,Month-to-month,Electronic check,50.37,2070.82,0.0,53.0,63770.0,2018-10-16,No
CUST-01171,Male,0,Yes,14,Fiber optic,Month-to-month,Electronic check,45.25,657.84,2.0,52.0,28842.0,2021-08-09,No
CUST-01172,Male,0,Yes,32,Fiber optic,Two year,Bank transfer,120.0,3774.15,0.0,45.0,53076.0,2018-05-18,No
CUST-01173,Female,0,No,3,Fiber optic,Month-to-month,Electronic check,34.1,60.91,2.0,43.0,38991.0,2019-01-21,No
CUST-01174,Female,0,No,17,Fiber optic,Month-to-month,Bank transfer,69.4,1167.65,4.0,41.0,22196.0,2024-02-01,Yes
CUST-01175,Male,0,No,7,Fiber optic,Month-to-month,Bank transfer,82.78,666.55,1.0,31.0,60023.0,2022-10-11,No
CUST-01176,Female,0,Yes,4,No,Month-to-month,Mailed check,83.9,374.84,2.0,38.0,41857.0,2021-12-08,Yes
CUST-01177,Female,0,Yes,13,DSL,Month-to-month,Bank transfer,63.24,875.98,1.0,18.0,44613.0,2019-05-05,No
CUST-01178,Male,0,Yes,3,No,Month-to-month,Credit card,57.78,244.19,0.0,40.0,23715.0,2019-05-27,No
CUST-01179,Female,0,No,28,DSL,Two year,Electronic check,78.55,2379.54,3.0,28.0,127368.0,2020-11-10,No
CUST-01180,Female,0,No,14,Fiber optic,Month-to-month,Bank transfer,73.0,1024.08,0.0,26.0,82952.0,2022-11-02,Yes
CUST-01181,Male,0,Yes,18,Fiber optic,Month-to-month,Credit card,57.23,,0.0,44.0,87421.0,2018-01-10,No
CUST-01182,Male,0,Yes,3,Fiber optic,Month-to-month,Electronic check,18.14,105.05,3.0,61.0,40812.0,2018-04-14,No
CUST-01183,Male,0,No,3,No,Month-to-month,Electronic check,50.96,202.68,2.0,54.0,17369.0,2023-08-01,No
CUST-01184,Male,0,No,21,DSL,Month-to-month,Mailed check,30.6,731.31,2.0,20.0,158221.0,2023-03-23,No
CUST-01185,Female,0,No,72,Fiber optic,Month-to-month,Bank transfer,44.99,3218.31,1.0,28.0,47256.0,2022-06-16,No
CUST-01186,Female,0,No,2,No,Month-to-month,Electronic check,66.0,107.07,2.0,55.0,31279.0,2021-03-16,Yes
CUST-01187,Male,0,No,8,DSL,One year,Mailed check,75.76,622.07,0.0,28.0,62949.0,2018-12-07,Yes
CUST-01188,Female,1,Yes,48,No,One year,Mailed check,118.41,5674.55,1.0,38.0,98742.0,2018-08-28,No
CUST-01189,Male,0,Yes,1,Fiber optic,Month-to-month,Mailed check,48.88,64.81,0.0,49.0,48347.0,2023-10-23,No
CUST-01190,Male,0,No,50,No,One year,Bank transfer,88.24,4490.14,1.0,28.0,105571.0,2020-06-15,No
CUST-01191,Male,0,No,17,Fiber optic,Month-to-month,Bank transfer,74.18,1237.15,1.0,43.0,93882.0,2022-06-19,No
CUST-01192,Male,0,No,12,Fiber optic,Month-to-month,Mailed check,103.88,1231.33,2.0,23.0,25698.0,2020-12-04,No
CUST-01193,Male,0,Yes,8,DSL,Month-to-month,Mailed check,82.29,667.04,0.0,33.0,32719.0,2022-09-09,No
CUST-01194,Female,0,Yes,8,Fiber optic,One year,Bank transfer,34.75,266.58,2.0,46.0,87074.0,2019-03-29,No
CUST-01195,Male,0,No,8,DSL,Month-to-month,Bank transfer,18.0,48.3,2.0,19.0,15000.0,2021-02-09,No
CUST-01196,Female,0,No,51,Fiber optic,One year,Credit card,74.34,3762.33,2.0,48.0,44816.0,2020-06-01,No
CUST-01197,Male,0,Yes,30,DSL,One year,Mailed check,49.15,1508.87,2.0,41.0,,2019-07-29,No
CUST-01198,Female,0,No,26,DSL,Two year,Bank transfer,35.59,997.22,2.0,49.0,36829.0,2021-11-01,No
CUST-01199,Female,0,No,38,DSL,Month-to-month,Electronic check,26.97,967.13,0.0,45.0,40974.0,2021-06-12,No
CUST-01200,Male,0,Yes,7,No,Month-to-month,Credit card,69.83,430.85,2.0,61.0,39539.0,2021-03-07,No
CUST-01201,Female,1,Yes,23,Fiber optic,Month-to-month,Mailed check,110.23,2536.8,3.0,43.0,35194.0,2021-10-16,Yes
CUST-01202,Female,0,No,14,Fiber optic,Two year,Bank transfer,52.74,634.58,2.0,35.0,25379.0,2018-11-30,No
CUST-01203,Male,0,No,36,No,One year,Mailed check,82.71,2955.31,2.0,43.0,193909.0,2020-05-18,No
CUST-01204,Male,0,Yes,8,Fiber optic,Two year,Electronic check,61.93,408.64,0.0,49.0,150313.0,2020-01-31,No
CUST-01205,Female,0,No,24,DSL,One year,Mailed check,26.32,700.13,0.0,42.0,,2022-12-08,No
CUST-01206,Male,0,Yes,51,Fiber optic,One year,Electronic check,87.04,4400.57,0.0,42.0,126661.0,2018-03-25,No
CUST-01207,Male,0,Yes,12,No,Month-to-month,Mailed check,32.16,468.56,2.0,32.0,38573.0,2019-10-23,No
CUST-01208,Female,0,Yes,1,DSL,Two year,Electronic check,65.65,121.33,2.0,32.0,52971.0,2023-11-22,Yes
CUST-01209,Female,0,No,17,Fiber optic,Two year,Electronic check,54.75,898.43,4.0,22.0,47194.0,2019-12-05,Yes
CUST-01210,Male,0,No,10,Fiber optic,Month-to-month,Electronic check,91.79,864.3,3.0,66.0,32996.0,2018-12-22,Yes
CUST-01211,Female,1,No,26,Fiber optic,Month-to-month,Bank transfer,33.26,,0.0,24.0,88460.0,2022-11-10,No
CUST-01212,Female,0,Yes,72,No,One year,Bank transfer,76.73,5519.33,2.0,32.0,52866.0,2018-04-23,No
CUST-01213,Male,0,No,15,Fiber optic,Month-to-month,Electronic check,39.81,614.46,1.0,31.0,36830.0,2020-09-25,No
CUST-01214,Female,0,Yes,15,,Two year,Mailed check,49.67,706.22,1.0,54.0,22409.0,2023-06-28,No
CUST-01215,Male,1,No,25,No,Month-to-month,Mailed check,18.0,487.32,0.0,37.0,28676.0,2024-02-14,No
CUST-01216,Female,0,Yes,2,Fiber optic,Month-to-month,Mailed check,120.0,253.27,5.0,59.0,18309.0,2019-08-07,No
CUST-01217,Male,1,Yes,7,,One year,Electronic check,81.52,553.62,0.0,32.0,49381.0,2019-11-26,Yes
CUST-01218,Male,1,No,60,DSL,One year,Electronic check,41.98,2483.2,0.0,45.0,23908.0,2021-08-22,No
CUST-01219,Female,1,No,26,No,Month-to-month,Credit card,31.26,803.52,1.0,30.0,41800.0,2019-06-15,No
CUST-01220,Female,0,Yes,0,DSL,Two year,Credit card,50.13,0.0,3.0,72.0,111531.0,2018-12-20,No
CUST-01221,Male,0,Yes,5,Fiber optic,Two year,Mailed check,86.51,435.47,0.0,25.0,100667.0,2020-09-25,Yes
CUST-01222,Female,0,No,27,DSL,One year,Bank transfer,18.0,490.27,2.0,46.0,48080.0,2018-06-19,No
CUST-01223,Female,0,Yes,34,No,One year,Mailed check,60.75,2078.59,3.0,50.0,46525.0,2023-09-27,No
CUST-01224,Female,0,Yes,43,Fiber optic,One year,Electronic check,118.12,5167.47,1.0,47.0,151436.0,2020-02-23,No
CUST-01225,Female,0,Yes,8,Fiber optic,Month-to-month,Credit card,30.98,241.22,5.0,39.0,67000.0,2020-02-27,Yes
CUST-01226,Female,0,No,64,Fiber optic,Two year,Electronic check,67.41,4364.47,3.0,40.0,40268.0,2023-01-29,Yes
CUST-01227,Female,0,No,19,No,Month-to-month,Bank transfer,120.0,2291.48,1.0,42.0,20834.0,2020-03-11,No
CUST-01228,Female,0,No,28,No,Month-to-month,Mailed check,83.96,2338.97,3.0,39.0,62088.0,2022-11-18,Yes
CUST-01229,Female,0,No,21,Fiber optic,Two year,Bank transfer,68.78,1438.42,5.0,55.0,80627.0,2019-03-01,Yes
CUST-01230,Female,0,Yes,3,No,Month-to-month,Mailed check,80.2,237.66,1.0,72.0,33557.0,2021-05-24,No
CUST-01231,Female,0,No,72,Fiber optic,One year,Bank transfer,52.97,3827.83,0.0,34.0,58379.0,2022-12-06,No
CUST-01232,Female,0,No,3,Fiber optic,Month-to-month,Electronic check,103.99,264.0,0.0,22.0,39413.0,2020-11-20,No
CUST-01233,Male,0,No,7,No,Two year,Electronic check,53.02,297.87,1.0,40.0,43896.0,2018-06-18,No
CUST-01234,Male,0,No,40,Fiber optic,One year,Credit card,18.0,752.71,0.0,78.0,15000.0,2022-09-23,No
CUST-01235,Female,0,No,23,No,Two year,Bank transfer,53.26,1269.89,1.0,30.0,42913.0,2021-03-03,No
CUST-01236,Female,1,Yes,43,DSL,Two year,Credit card,36.0,1585.28,2.0,64.0,87695.0,2020-01-12,No
CUST-01237,Female,0,No,17,Fiber optic,Month-to-month,Mailed check,56.56,969.27,0.0,65.0,33562.0,2024-05-15,No
CUST-01238,Female,0,No,11,Fiber optic,Month-to-month,Mailed check,57.23,,1.0,34.0,50590.0,2023-08-15,Yes
CUST-01239,Male,0,No,61,Fiber optic,One year,Mailed check,100.92,6191.79,2.0,49.0,31145.0,2018-03-30,Yes
CUST-01240,Male,0,No,0,DSL,Two year,Electronic check,85.86,39.38,2.0,64.0,60855.0,2021-10-22,No
CUST-01241,Female,0,No,46,No,Month-to-month,Bank transfer,72.9,3310.42,0.0,36.0,43048.0,2020-04-10,Yes
CUST-01242,Male,0,No,6,DSL,Two year,Credit card,64.91,334.61,1.0,39.0,27902.0,2018-03-29,No
CUST-01243,Female,0,No,45,Fiber optic,Month-to-month,Credit card,33.23,1475.92,1.0,33.0,109046.0,2018-01-27,Yes
CUST-01244,Female,0,No,3,,Two year,Mailed check,18.0,53.13,2.0,27.0,85593.0,2021-09-29,No
CUST-01245,Female,0,Yes,20,Fiber optic,One year,Mailed check,68.39,1355.7,0.0,32.0,34100.0,2020-01-21,No
CUST-01246,Male,0,No,52,Fiber optic,One year,Credit card,88.84,,0.0,24.0,66083.0,2022-07-06,No
CUST-01247,Male,0,No,15,No,Month-to-month,Bank transfer,61.75,1012.33,1.0,42.0,67673.0,2020-11-30,No
CUST-01248,Male,0,No,32,DSL,Month-to-month,Credit card,48.95,1552.7,2.0,31.0,72069.0,2022-12-01,No
CUST-01249,Female,1,Yes,39,Fiber optic,Month-to-month,Bank transfer,78.94,3087.3,1.0,45.0,17737.0,2023-03-21,No
CUST-01250,Male,0,Yes,32,DSL,Month-to-month,Credit card,62.5,2062.23,1.0,20.0,89676.0,2022-03-20,No
CUST-01251,Female,0,No,62,No,Month-to-month,Electronic check,115.57,7048.09,1.0,46.0,34828.0,2020-09-06,No
CUST-01252,Male,0,No,14,Fiber optic,One year,Bank transfer,101.98,1402.14,2.0,53.0,39549.0,2024-05-05,No
CUST-01253,Female,0,No,4,Fiber optic,Month-to-month,Electronic check,93.79,355.8,1.0,18.0,,2019-12-20,No
CUST-01254,Female,0,Yes,1,Fiber optic,Month-to-month,Bank transfer,87.73,70.91,3.0,47.0,58754.0,2021-04-20,No
CUST-01255,Male,0,No,6,Fiber optic,Two year,Bank transfer,26.29,149.07,2.0,59.0,38878.0,2021-05-04,No
CUST-01256,Female,0,Yes,3,DSL,One year,Electronic check,84.89,327.03,2.0,25.0,15000.0,2020-09-30,No
CUST-01257,Male,0,No,19,No,Month-to-month,Bank transfer,76.29,,1.0,65.0,112854.0,2018-10-12,No
CUST-01258,Female,0,Yes,4,Fiber optic,Two year,Electronic check,83.19,380.66,2.0,47.0,21870.0,2020-04-09,No
CUST-01259,Male,0,Yes,0,Fiber optic,Two year,Electronic check,,2.36,2.0,32.0,26847.0,2019-05-20,No
CUST-01260,Female,0,No,0,Fiber optic,Two year,Electronic check,78.58,0.0,0.0,41.0,40182.0,2023-10-10,No
CUST-01261,Male,0,Yes,42,No,Two year,Mailed check,120.0,4936.02,2.0,49.0,114673.0,2022-03-16,No
CUST-01262,Female,0,Yes,21,DSL,One year,Electronic check,62.71,1240.44,2.0,43.0,77959.0,2019-11-06,No
CUST-01263,Male,0,No,10,DSL,Month-to-month,Electronic check,93.09,948.89,3.0,49.0,44591.0,2021-08-18,Yes
CUST-01264,Female,0,Yes,53,Fiber optic,One year,Electronic check,50.87,2697.7,3.0,29.0,58981.0,2023-06-23,Yes
CUST-01265,Male,1,Yes,1,Fiber optic,One year,Electronic check,88.72,78.21,1.0,44.0,34192.0,2023-12-30,Yes
CUST-01266,Male,0,Yes,72,DSL,Month-to-month,Electronic check,93.18,6690.53,1.0,22.0,53305.0,2018-06-25,No
CUST-01267,Female,0,Yes,22,Fiber optic,Month-to-month,Bank transfer,75.93,1771.05,,40.0,51225.0,2023-01-18,Yes
CUST-01268,Female,0,Yes,4,DSL,Month-to-month,Bank transfer,115.08,419.17,1.0,29.0,87663.0,2024-03-14,Yes
CUST-01269,Female,0,Yes,27,Fiber optic,One year,Credit card,38.47,1085.08,1.0,31.0,87579.0,2020-12-30,No
CUST-01270,Male,0,Yes,34,Fiber optic,Month-to-month,Electronic check,50.38,1713.02,0.0,59.0,65932.0,2024-05-21,Yes
CUST-01271,Female,0,No,13,DSL,One year,Credit card,71.37,924.76,1.0,57.0,39442.0,2024-02-21,No
CUST-01272,Female,1,Yes,47,DSL,Two year,Mailed check,91.42,4355.57,2.0,50.0,76503.0,2022-03-20,No
CUST-01273,Male,0,No,3,No,Month-to-month,Mailed check,70.38,284.27,1.0,26.0,46389.0,2023-06-09,No
CUST-01274,Female,0,No,7,Fiber optic,Two year,Electronic check,103.57,713.01,0.0,37.0,25612.0,2019-11-26,Yes
CUST-01275,Female,1,No,2,No,Month-to-month,Electronic check,45.15,130.26,0.0,58.0,38485.0,2023-11-20,No
CUST-01276,Female,0,Yes,5,DSL,Month-to-month,Mailed check,30.78,172.09,1.0,43.0,51571.0,2021-10-18,Yes
CUST-01277,Female,0,Yes,6,No,Month-to-month,Bank transfer,74.24,445.81,1.0,74.0,84637.0,2021-04-09,Yes
CUST-01278,Female,0,Yes,59,Fiber optic,Month-to-month,Credit card,62.68,3708.33,1.0,47.0,43909.0,2023-05-12,No
CUST-01279,Female,0,No,1,DSL,Month-to-month,Credit card,81.29,46.89,2.0,44.0,23729.0,2023-09-16,No
CUST-01280,Female,0,No,13,Fiber optic,Two year,Bank transfer,64.18,819.04,3.0,37.0,50718.0,2022-07-02,No
CUST-01281,Male,0,No,18,Fiber optic,One year,Bank transfer,54.8,957.37,2.0,43.0,52474.0,2018-02-28,Yes
CUST-01282,Female,0,No,54,DSL,Two year,Mailed check,62.75,3433.57,3.0,39.0,54803.0,2021-10-31,No
CUST-01283,Female,0,No,72,No,One year,Credit card,65.87,4737.88,1.0,51.0,85128.0,2023-04-10,No
CUST-01284,Male,1,No,33,Fiber optic,Month-to-month,Bank transfer,55.85,1778.16,2.0,55.0,90341.0,2021-07-01,Yes
CUST-01285,Female,1,No,72,DSL,Month-to-month,Electronic check,58.91,4205.35,1.0,30.0,34319.0,2023-12-31,No
CUST-01286,Female,0,Yes,37,No,One year,Bank transfer,52.89,1796.97,1.0,23.0,33870.0,2023-10-04,No
CUST-01287,Female,0,No,72,Fiber optic,One year,Mailed check,90.7,6505.68,2.0,18.0,26262.0,2021-05-26,No
CUST-01288,Female,0,No,29,Fiber optic,Month-to-month,Bank transfer,70.82,2055.66,2.0,49.0,74554.0,2020-08-04,Yes
CUST-01289,Male,0,No,1,Fiber optic,Two year,Credit card,120.0,113.19,2.0,26.0,116925.0,2018-05-10,No
CUST-01290,Female,0,Yes,12,Fiber optic,One year,Bank transfer,69.82,936.85,0.0,18.0,40576.0,2022-01-22,No
CUST-01291,Male,0,Yes,24,Fiber optic,Two year,Credit card,48.47,,1.0,47.0,42410.0,2019-09-16,No
CUST-01292,Female,0,No,10,DSL,One year,Credit card,120.0,1226.52,0.0,76.0,118192.0,2022-04-16,No
CUST-01293,Male,0,Yes,7,Fiber optic,Month-to-month,Electronic check,77.41,459.71,0.0,41.0,66392.0,2023-02-15,No
CUST-01294,Female,0,Yes,20,Fiber optic,One year,Electronic check,94.7,1875.77,2.0,,63687.0,2020-08-15,No
CUST-01295,Male,0,No,65,Fiber optic,Month-to-month,Mailed check,82.76,5355.07,5.0,43.0,23991.0,2018-02-06,No
CUST-01296,Male,0,Yes,0,Fiber optic,One year,Credit card,83.69,0.0,,40.0,73661.0,2023-07-21,No
CUST-01297,Male,0,Yes,35,Fiber optic,Month-to-month,Electronic check,81.07,2797.46,3.0,54.0,28071.0,2021-07-10,No
CUST-01298,Female,0,No,30,Fiber optic,Month-to-month,Bank transfer,31.94,867.79,2.0,37.0,24824.0,2020-01-08,No
CUST-01299,Male,0,Yes,72,Fiber optic,Month-to-month,Mailed check,76.03,5410.37,1.0,45.0,39812.0,2022-01-24,Yes
CUST-01300,Male,0,Yes,64,DSL,Month-to-month,Bank transfer,25.25,1659.7,3.0,46.0,34493.0,2022-04-30,No
CUST-01301,Female,0,Yes,34,DSL,Month-to-month,Electronic check,59.77,2025.03,1.0,32.0,42917.0,2018-12-12,No
CUST-01302,Female,0,No,17,Fiber optic,Two year,Electronic check,43.23,709.59,0.0,,20648.0,2022-02-23,No
CUST-01303,Female,0,Yes,5,DSL,Month-to-month,Electronic check,75.72,378.33,1.0,,87141.0,2019-11-03,No
CUST-01304,Male,1,No,18,DSL,Month-to-month,Mailed check,75.02,1408.73,1.0,31.0,96433.0,2023-02-26,No
CUST-01305,Female,1,Yes,34,DSL,One year,Electronic check,79.43,2700.83,1.0,49.0,15238.0,2024-01-15,No
CUST-01306,Female,0,Yes,54,DSL,One year,Credit card,73.62,4002.5,0.0,,88174.0,2018-08-29,No
CUST-01307,Female,1,Yes,37,Fiber optic,Month-to-month,Electronic check,46.8,1689.27,,42.0,30142.0,2023-11-20,No
CUST-01308,Male,1,No,5,Fiber optic,One year,Bank transfer,57.17,254.92,0.0,41.0,81976.0,2023-10-18,Yes
CUST-01309,Female,0,Yes,21,DSL,Month-to-month,Credit card,92.61,1962.51,0.0,57.0,47048.0,2020-03-14,No
CUST-01310,Female,1,No,9,DSL,Two year,Bank transfer,97.04,967.99,3.0,48.0,49874.0,2018-03-09,No
CUST-01311,Male,1,No,0,DSL,One year,Electronic check,30.6,71.49,2.0,41.0,43868.0,2022-04-03,Yes
CUST-01312,Male,0,No,5,Fiber optic,Month-to-month,Credit card,19.07,124.49,1.0,53.0,101445.0,2020-03-18,No
CUST-01313,Male,0,No,2,Fiber optic,Month-to-month,Electronic check,43.19,93.95,1.0,61.0,23300.0,2019-03-26,Yes
CUST-01314,Female,0,Yes,44,DSL,One year,Electronic check,96.36,4309.89,3.0,49.0,70594.0,2018-09-12,No
CUST-01315,Female,0,No,7,Fiber optic,Month-to-month,Mailed check,101.45,749.88,2.0,,94920.0,2019-04-05,No
CUST-01316,Male,1,No,8,DSL,Two year,Electronic check,37.26,183.4,1.0,23.0,75342.0,2019-07-11,No
CUST-01317,Female,0,No,72,DSL,Month-to-month,Bank transfer,74.22,5291.14,2.0,27.0,197761.0,2023-02-08,No
CUST-01318,Male,1,Yes,11,Fiber optic,Month-to-month,Bank transfer,120.0,1336.91,1.0,37.0,35690.0,2023-01-11,Yes
CUST-01319,Female,0,Yes,0,Fiber optic,Month-to-month,Mailed check,77.46,0.0,3.0,33.0,87062.0,2021-03-04,Yes
CUST-01320,Male,0,Yes,8,DSL,One year,Electronic check,107.65,816.32,3.0,39.0,45997.0,2021-07-20,No
CUST-01321,Male,1,No,3,DSL,Month-to-month,Mailed check,94.96,249.89,1.0,42.0,102748.0,2023-11-21,No
CUST-01322,Female,1,Yes,2,DSL,Month-to-month,Electronic check,37.69,62.57,1.0,49.0,48795.0,2023-10-29,Yes
CUST-01323,Female,0,Yes,1,Fiber optic,Two year,Electronic check,59.3,44.93,1.0,41.0,38842.0,2023-04-26,No
CUST-01324,Male,1,Yes,21,DSL,Month-to-month,Mailed check,66.04,1372.38,2.0,48.0,107327.0,2020-05-26,No
CUST-01325,Male,1,Yes,5,DSL,Month-to-month,Bank transfer,68.12,381.87,3.0,42.0,36499.0,2020-05-08,Yes
CUST-01326,Female,1,Yes,10,No,Month-to-month,Bank transfer,92.49,911.64,0.0,18.0,21001.0,2023-09-12,No
CUST-01327,Male,0,Yes,47,DSL,Two year,Electronic check,77.26,3611.99,0.0,28.0,35950.0,2023-12-11,No
CUST-01328,Female,1,No,13,DSL,One year,Credit card,18.0,166.54,1.0,39.0,71069.0,2023-02-14,No
CUST-01329,Male,0,No,59,DSL,One year,Electronic check,25.61,1562.21,0.0,25.0,113009.0,2022-11-09,No
CUST-01330,Male,1,No,16,DSL,Month-to-month,Bank transfer,18.0,254.43,3.0,50.0,52400.0,2021-07-31,No
CUST-01331,Female,0,Yes,12,DSL,One year,Electronic check,70.26,788.77,0.0,63.0,108111.0,2020-03-03,No
CUST-01332,Female,0,No,33,No,One year,Bank transfer,72.21,2393.58,5.0,59.0,21700.0,2019-07-18,Yes
CUST-01333,Male,1,No,1,No,Month-to-month,Mailed check,73.5,35.15,1.0,39.0,37573.0,2018-11-25,No
CUST-01334,Male,0,Yes,2,Fiber optic,Month-to-month,Bank transfer,36.23,46.16,1.0,62.0,41227.0,2022-09-03,No
CUST-01335,Female,0,No,25,Fiber optic,Two year,Electronic check,85.22,2143.42,1.0,44.0,45764.0,2022-12-26,No
CUST-01336,Female,1,No,16,Fiber optic,Month-to-month,Mailed check,86.49,1367.52,1.0,37.0,51557.0,2020-04-20,No
CUST-01337,Female,0,No,37,Fiber optic,One year,Bank transfer,27.35,1127.53,2.0,33.0,74202.0,2018-01-15,No
CUST-01338,Male,0,Yes,59,Fiber optic,Month-to-month,Bank transfer,21.02,1236.44,1.0,37.0,37538.0,2024-01-09,No
CUST-01339,Male,0,No,11,Fiber optic,One year,Electronic check,65.0,745.89,5.0,36.0,53285.0,2020-10-21,No
CUST-01340,Male,0,Yes,21,DSL,Month-to-month,Mailed check,118.75,2396.67,,44.0,47711.0,2024-04-02,No
CUST-01341,Female,0,Yes,16,,Month-to-month,Electronic check,115.99,1812.81,2.0,44.0,28126.0,2022-05-07,No
CUST-01342,Male,0,No,72,No,One year,Electronic check,81.9,5842.45,0.0,42.0,45789.0,2018-10-18,No
CUST-01343,Female,0,Yes,42,DSL,Two year,Electronic check,43.1,1762.48,1.0,48.0,44972.0,2020-02-06,No
CUST-01344,Female,0,Yes,58,No,Two year,Electronic check,91.61,5334.16,3.0,58.0,44398.0,2022-03-20,No
CUST-01345,Female,1,Yes,7,Fiber optic,Month-to-month,Bank transfer,51.43,411.79,1.0,55.0,49963.0,2022-03-02,Yes
CUST-01346,Female,0,Yes,35,Fiber optic,Month-to-month,Mailed check,41.97,1486.18,1.0,21.0,51297.0,2019-06-28,No
CUST-01347,Female,0,No,7,DSL,One year,Bank transfer,18.0,114.67,0.0,18.0,37821.0,2019-02-19,No
CUST-01348,Female,0,No,5,DSL,Month-to-month,Bank transfer,68.07,308.81,0.0,55.0,105201.0,2019-10-11,No
CUST-01349,Male,0,No,69,Fiber optic,One year,Bank transfer,46.1,,0.0,22.0,24301.0,2023-01-18,No
CUST-01350,Male,0,No,0,Fiber optic,One year,Mailed check,67.89,103.56,3.0,38.0,31806.0,2019-07-21,Yes
CUST-01351,Female,0,Yes,72,Fiber optic,One year,Credit card,18.0,1302.75,1.0,25.0,259880.0,2022-07-03,No
CUST-01352,Female,0,Yes,3,Fiber optic,One year,Bank transfer,70.09,257.24,0.0,18.0,26296.0,2023-08-01,No
CUST-01353,Male,0,No,41,Fiber optic,Month-to-month,Mailed check,18.0,755.17,1.0,49.0,21758.0,2020-07-06,Yes
CUST-01354,Female,1,Yes,7,Fiber optic,One year,Credit card,97.64,721.26,1.0,52.0,76167.0,2018-01-17,Yes
CUST-01355,Male,0,No,10,No,Month-to-month,Electronic check,80.66,748.37,3.0,33.0,15000.0,2018-11-29,No
CUST-01356,Female,1,No,5,No,Two year,Bank transfer,56.64,258.79,1.0,18.0,42567.0,2020-01-01,No
CUST-01357,Female,0,Yes,21,Fiber optic,Month-to-month,Electronic check,81.88,1739.25,0.0,34.0,177636.0,2019-03-22,No
CUST-01358,Female,0,No,10,DSL,Month-to-month,Credit card,35.66,417.22,1.0,47.0,19400.0,2019-11-10,No
CUST-01359,Female,0,No,25,DSL,Two year,Bank transfer,67.17,1638.34,2.0,21.0,15000.0,2021-06-28,No
CUST-01360,Male,0,Yes,0,Fiber optic,One year,Mailed check,88.84,0.0,2.0,44.0,19940.0,2018-02-19,No
CUST-01361,Female,0,Yes,1,Fiber optic,Two year,Bank transfer,18.0,0.0,2.0,41.0,84037.0,2018-05-31,No
CUST-01362,Female,0,No,2,Fiber optic,One year,Bank transfer,51.58,153.67,1.0,50.0,96265.0,2023-06-28,No
CUST-01363,Female,0,Yes,13,Fiber optic,Two year,Mailed check,64.32,756.97,1.0,43.0,36042.0,2021-05-08,No
CUST-01364,Male,0,No,40,No,Month-to-month,Credit card,59.11,2305.55,1.0,28.0,73860.0,2024-01-01,No
CUST-01365,Male,0,No,52,DSL,Month-to-month,Mailed check,108.71,5660.72,1.0,58.0,112888.0,2018-01-08,No
CUST-01366,Male,0,Yes,6,No,Two year,Credit card,31.28,181.88,1.0,39.0,143258.0,2018-01-01,No
CUST-01367,Female,1,No,20,DSL,Two year,Bank transfer,46.37,957.12,1.0,41.0,42285.0,2022-09-29,No
CUST-01368,Male,0,Yes,35,DSL,One year,Mailed check,18.0,568.56,1.0,28.0,15000.0,2021-01-20,No
CUST-01369,Male,0,No,8,No,One year,Electronic check,110.31,866.23,0.0,35.0,29955.0,2023-11-12,No
CUST-01370,Female,0,No,12,No,Two year,Electronic check,57.61,751.08,2.0,29.0,37945.0,2023-01-17,No
CUST-01371,Female,0,No,17,Fiber optic,Month-to-month,Credit card,51.85,821.81,2.0,39.0,41966.0,2021-03-26,No
CUST-01372,Male,0,No,3,No,One year,Mailed check,63.43,264.14,2.0,65.0,43795.0,2021-01-26,No
CUST-01373,Female,0,Yes,0,No,Month-to-month,Mailed check,84.09,0.0,2.0,22.0,95926.0,2023-03-16,No
CUST-01374,Female,0,Yes,3,Fiber optic,Month-to-month,Mailed check,75.42,268.73,2.0,19.0,105309.0,2023-02-27,No
CUST-01375,Female,0,No,23,Fiber optic,Month-to-month,Electronic check,120.0,2741.35,1.0,62.0,44222.0,2019-10-11,No
CUST-01376,Female,0,No,1,DSL,Two year,Mailed check,78.62,21.37,1.0,39.0,94758.0,2022-04-30,Yes
CUST-01377,Female,0,Yes,5,DSL,One year,Mailed check,51.04,230.36,2.0,32.0,60754.0,2022-02-16,No
CUST-01378,Female,0,No,9,Fiber optic,Two year,Credit card,48.16,,0.0,56.0,50955.0,2023-06-29,No
CUST-01379,Female,1,Yes,1,Fiber optic,Month-to-month,Bank transfer,53.22,52.88,1.0,33.0,84450.0,2023-07-29,No
CUST-01380,Female,0,Yes,5,Fiber optic,Month-to-month,Credit card,19.94,155.62,1.0,67.0,51192.0,2019-09-21,No
CUST-01381,Male,0,No,58,Fiber optic,Month-to-month,Bank transfer,66.2,3911.39,1.0,51.0,168499.0,2023-08-24,No
CUST-01382,Female,1,No,0,No,Month-to-month,Electronic check,88.5,0.0,2.0,35.0,20680.0,2023-12-07,No
CUST-01383,Female,0,Yes,25,Fiber optic,Month-to-month,Credit card,46.6,1102.19,3.0,72.0,35986.0,2018-09-14,No
CUST-01384,Female,0,Yes,11,No,Month-to-month,Electronic check,40.78,383.34,3.0,33.0,45437.0,2021-09-06,No
CUST-01385,Male,0,Yes,26,No,Month-to-month,Mailed check,110.48,2827.52,0.0,52.0,63810.0,2020-10-19,No
CUST-01386,Male,0,No,21,Fiber optic,Month-to-month,Electronic check,22.21,521.62,1.0,46.0,104901.0,2020-07-30,Yes
CUST-01387,Female,0,Yes,6,DSL,Month-to-month,Mailed check,18.0,136.02,3.0,60.0,,2022-07-10,No
CUST-01388,Male,0,No,45,DSL,Two year,Electronic check,30.41,1341.2,1.0,63.0,20882.0,2018-10-31,No
CUST-01389,Male,0,Yes,16,Fiber optic,One year,Bank transfer,18.79,300.08,0.0,42.0,81268.0,2023-04-06,No
CUST-01390,Female,0,No,41,Fiber optic,Two year,Credit card,76.59,,2.0,31.0,77108.0,2018-03-04,No
CUST-01391,Male,1,Yes,12,Fiber optic,Two year,Bank transfer,54.18,745.56,0.0,,15288.0,2021-09-16,No
CUST-01392,Female,0,No,72,No,Month-to-month,Mailed check,58.41,4218.49,0.0,32.0,48909.0,2019-06-13,No
CUST-01393,Female,0,Yes,35,Fiber optic,One year,Bank transfer,99.59,3352.69,2.0,70.0,18881.0,2022-04-13,No
CUST-01394,Female,0,No,72,DSL,One year,Credit card,44.26,3201.58,1.0,43.0,32899.0,2021-05-16,No
CUST-01395,Male,0,No,17,Fiber optic,Month-to-month,Electronic check,88.25,1546.99,0.0,36.0,28518.0,2024-05-31,Yes
CUST-01396,Male,0,Yes,15,DSL,Two year,Electronic check,110.34,1666.33,0.0,44.0,79662.0,2023-07-14,No
CUST-01397,Female,0,No,33,DSL,Month-to-month,Electronic check,51.33,1730.22,2.0,23.0,52580.0,2020-02-28,No
CUST-01398,Female,0,No,50,DSL,Month-to-month,Mailed check,87.11,4373.35,0.0,28.0,22666.0,2021-05-23,No
CUST-01399,Female,1,No,72,DSL,One year,Bank transfer,57.75,4096.27,2.0,58.0,83119.0,2020-01-15,No
CUST-01400,Female,0,Yes,9,No,One year,Bank transfer,92.72,790.17,1.0,32.0,20737.0,2022-09-04,No
CUST-01401,Male,0,Yes,38,Fiber optic,One year,Mailed check,18.0,667.94,0.0,27.0,59758.0,2020-09-16,Yes
CUST-01402,Male,0,Yes,5,Fiber optic,Month-to-month,Bank transfer,18.0,143.27,4.0,49.0,30079.0,2018-09-28,No
CUST-01403,Female,0,No,18,Fiber optic,Month-to-month,Bank transfer,53.26,920.39,1.0,58.0,39363.0,2022-03-29,No
CUST-01404,Male,0,Yes,4,Fiber optic,Month-to-month,Bank transfer,38.33,176.12,0.0,52.0,,2018-01-26,Yes
CUST-01405,Female,0,Yes,10,Fiber optic,Two year,Electronic check,49.5,510.18,2.0,55.0,67028.0,2019-11-28,Yes
CUST-01406,Male,1,No,64,No,Two year,Electronic check,58.41,3817.55,2.0,31.0,109336.0,2023-10-27,No
CUST-01407,Male,0,No,3,Fiber optic,One year,Electronic check,86.6,257.72,2.0,22.0,46660.0,2018-08-09,No
CUST-01408,Male,0,No,24,No,Month-to-month,Credit card,52.77,1178.74,1.0,63.0,58916.0,2021-03-27,No
CUST-01409,Male,0,No,21,Fiber optic,Month-to-month,Bank transfer,40.28,878.22,2.0,37.0,37697.0,2023-02-06,No
CUST-01410,Female,0,Yes,3,DSL,Month-to-month,Electronic check,54.45,270.25,0.0,38.0,54676.0,2023-10-21,No
CUST-01411,Male,0,No,9,Fiber optic,Month-to-month,Electronic check,41.93,412.99,1.0,60.0,63811.0,2021-08-04,Yes
CUST-01412,Female,1,Yes,19,No,Month-to-month,Bank transfer,36.98,663.24,1.0,49.0,46212.0,2018-12-25,No
CUST-01413,Female,0,Yes,4,No,One year,Mailed check,18.0,17.9,2.0,48.0,16609.0,2024-01-14,No
CUST-01414,Male,0,No,38,DSL,Month-to-month,Electronic check,67.08,2501.39,2.0,72.0,59807.0,2022-10-22,No
CUST-01415,Male,0,No,72,DSL,One year,Electronic check,47.94,3551.85,0.0,32.0,61006.0,2020-07-16,No
CUST-01416,Female,0,No,5,Fiber optic,Month-to-month,Electronic check,93.99,453.58,0.0,54.0,32594.0,2019-10-11,No
CUST-01417,Male,0,No,4,DSL,Month-to-month,Mailed check,21.58,53.19,0.0,42.0,22682.0,2018-04-22,No
CUST-01418,Female,0,Yes,14,DSL,One year,Electronic check,48.74,674.44,2.0,45.0,118839.0,2019-03-25,No
CUST-01419,Male,0,No,33,DSL,One year,Bank transfer,119.39,3924.02,1.0,63.0,65832.0,2022-12-28,Yes
CUST-01420,Female,1,Yes,7,DSL,One year,Credit card,36.81,336.05,1.0,49.0,42725.0,2018-09-12,Yes
CUST-01421,Female,1,Yes,0,Fiber optic,One year,Electronic check,57.9,0.0,4.0,49.0,24779.0,2018-10-31,No
CUST-01422,Male,0,Yes,18,No,Two year,Electronic check,28.52,572.39,3.0,57.0,29938.0,2019-04-05,No
CUST-01423,Female,1,No,72,DSL,Month-to-month,Electronic check,24.55,1773.7,0.0,36.0,107103.0,2020-07-15,Yes
CUST-01424,Male,0,Yes,11,Fiber optic,Month-to-month,Mailed check,111.42,1285.97,5.0,30.0,,2019-03-19,No
CUST-01425,Male,1,No,13,Fiber optic,One year,Bank transfer,70.13,990.82,4.0,27.0,,2023-10-20,Yes
CUST-01426,Male,0,Yes,72,No,Two year,Mailed check,69.01,4972.96,0.0,18.0,66556.0,2019-08-27,No
CUST-01427,Female,0,No,28,Fiber optic,One year,Electronic check,18.0,488.25,1.0,70.0,30072.0,2023-11-25,No
CUST-01428,Male,0,No,30,DSL,Month-to-month,Bank transfer,75.76,2276.11,2.0,26.0,120632.0,2024-04-26,Yes
CUST-01429,Female,0,No,19,No,Month-to-month,Bank transfer,99.72,1889.94,2.0,38.0,110379.0,2022-11-04,No
CUST-01430,Female,0,No,72,No,Month-to-month,Electronic check,99.48,7079.71,0.0,38.0,37051.0,2018-01-18,Yes
CUST-01431,Male,0,No,28,Fiber optic,Month-to-month,Electronic check,85.05,2459.02,2.0,46.0,33617.0,2019-07-17,Yes
CUST-01432,Female,0,No,54,DSL,One year,Mailed check,31.12,1692.77,4.0,53.0,15000.0,2019-09-19,Yes
CUST-01433,Female,0,No,28,DSL,Month-to-month,Electronic check,74.39,2024.77,1.0,54.0,20151.0,2021-06-25,Yes
CUST-01434,Female,0,No,31,DSL,Month-to-month,Mailed check,85.03,2532.55,1.0,33.0,21945.0,2019-01-07,No
CUST-01435,Male,0,Yes,8,DSL,Month-to-month,Bank transfer,18.0,27.62,1.0,39.0,53162.0,2018-06-30,No
CUST-01436,Female,0,Yes,8,DSL,Month-to-month,Electronic check,31.36,289.4,2.0,45.0,40306.0,2019-02-18,No
CUST-01437,Male,0,Yes,36,DSL,Month-to-month,Credit card,91.64,3268.09,3.0,38.0,21868.0,2020-02-06,Yes
CUST-01438,Female,0,No,8,DSL,Month-to-month,Bank transfer,91.28,707.49,1.0,64.0,41410.0,2018-04-26,No
CUST-01439,Female,1,No,19,Fiber optic,One year,Electronic check,18.54,376.67,1.0,48.0,66383.0,2019-04-03,No
CUST-01440,Male,0,Yes,6,Fiber optic,One year,Mailed check,88.85,507.3,1.0,52.0,67285.0,2019-01-28,Yes
CUST-01441,Male,0,Yes,40,DSL,Month-to-month,Bank transfer,67.86,2741.73,1.0,51.0,15680.0,2022-12-15,No
CUST-01442,Male,1,No,2,No,Month-to-month,Electronic check,88.43,181.62,3.0,58.0,45389.0,2019-02-02,Yes
CUST-01443,Female,0,Yes,42,Fiber optic,Two year,Electronic check,45.96,1926.11,1.0,44.0,21375.0,2023-01-29,No
CUST-01444,Female,1,Yes,22,DSL,Month-to-month,Mailed check,84.36,1777.28,2.0,23.0,84207.0,2021-04-05,No
CUST-01445,Female,0,Yes,4,DSL,One year,Bank transfer,90.31,320.25,0.0,47.0,78471.0,2022-11-11,Yes
CUST-01446,Male,0,No,18,DSL,Month-to-month,Mailed check,54.46,1010.41,2.0,32.0,28600.0,2020-11-21,No
CUST-01447,Female,0,Yes,7,Fiber optic,Month-to-month,Electronic check,65.53,424.61,2.0,34.0,30957.0,2023-10-13,No
CUST-01448,Male,1,No,9,DSL,Month-to-month,Credit card,45.54,470.13,0.0,50.0,37169.0,2019-10-10,Yes
CUST-01449,Female,0,No,10,DSL,Month-to-month,Bank transfer,114.55,1262.82,1.0,59.0,15000.0,2022-12-02,Yes
CUST-01450,Male,0,Yes,1,Fiber optic,Month-to-month,Bank transfer,61.39,94.21,1.0,42.0,,2019-01-18,No
CUST-01451,Male,0,No,72,Fiber optic,One year,Bank transfer,37.34,2763.12,,46.0,41618.0,2023-08-31,Yes
CUST-01452,Male,0,No,0,DSL,Month-to-month,Mailed check,43.53,36.04,0.0,65.0,87737.0,2018-03-08,No
CUST-01453,Male,0,Yes,26,Fiber optic,Two year,Credit card,68.8,1762.09,2.0,45.0,25360.0,2020-12-07,No
CUST-01454,Male,1,No,11,DSL,Two year,Electronic check,87.6,973.61,0.0,78.0,33810.0,2020-09-14,Yes
CUST-01455,Male,1,Yes,24,Fiber optic,One year,Bank transfer,24.93,698.99,0.0,49.0,19852.0,2022-01-01,No
CUST-01456,Male,0,Yes,10,Fiber optic,One year,Mailed check,120.0,1173.82,2.0,18.0,26834.0,2020-10-30,No
CUST-01457,Female,0,No,26,Fiber optic,Month-to-month,Credit card,74.26,1878.79,1.0,52.0,,2021-10-11,No
CUST-01458,Male,1,Yes,31,Fiber optic,One year,Bank transfer,78.99,2391.98,2.0,47.0,89106.0,2023-07-12,No
CUST-01459,Male,1,No,28,DSL,Two year,Bank transfer,62.08,1727.36,1.0,60.0,32242.0,2018-11-29,No
CUST-01460,Female,1,No,2,DSL,Month-to-month,Credit card,65.58,,2.0,51.0,52812.0,2019-07-27,No
CUST-01461,Male,1,No,25,DSL,Month-to-month,Credit card,60.55,1597.45,5.0,40.0,39008.0,2023-02-25,Yes
CUST-01462,Male,0,Yes,7,DSL,Month-to-month,Electronic check,95.53,679.53,3.0,24.0,22886.0,2019-06-19,No
CUST-01463,Male,0,Yes,0,DSL,One year,Electronic check,64.76,48.59,2.0,39.0,44312.0,2023-10-23,No
CUST-01464,Female,0,No,12,DSL,Month-to-month,Bank transfer,88.01,1041.19,2.0,30.0,70225.0,2021-06-21,No
CUST-01465,Male,0,Yes,13,Fiber optic,Month-to-month,Credit card,51.98,618.73,1.0,33.0,23750.0,2018-07-11,No
CUST-01466,Male,0,No,15,DSL,One year,Mailed check,70.87,997.58,0.0,50.0,79655.0,2018-02-18,Yes
CUST-01467,Female,0,No,29,No,Month-to-month,Electronic check,40.88,1140.12,2.0,65.0,29441.0,2022-11-23,No
CUST-01468,Male,0,Yes,8,No,One year,Bank transfer,101.5,829.38,5.0,47.0,36688.0,2023-06-30,No
CUST-01469,Male,0,No,9,DSL,Month-to-month,Electronic check,39.99,385.9,1.0,25.0,67400.0,2019-07-17,Yes
CUST-01470,Male,1,Yes,1,Fiber optic,Month-to-month,Bank transfer,55.25,85.41,1.0,48.0,32923.0,2019-07-19,Yes
CUST-01471,Male,0,No,27,No,Month-to-month,Mailed check,55.55,1425.42,1.0,58.0,50138.0,2024-02-14,No
CUST-01472,Male,0,No,20,Fiber optic,One year,Bank transfer,54.38,1087.58,0.0,33.0,40586.0,2022-03-18,No
CUST-01473,Male,0,No,10,No,Two year,Credit card,86.67,815.4,3.0,40.0,52977.0,2019-01-28,No
CUST-01474,Female,0,Yes,29,No,Month-to-month,Mailed check,,1629.57,1.0,42.0,15000.0,2020-11-17,No
CUST-01475,Male,0,No,18,No,Month-to-month,Electronic check,,1946.71,0.0,,16353.0,2023-11-04,No
CUST-01476,Male,0,No,15,DSL,Two year,Bank transfer,40.45,548.14,1.0,51.0,70939.0,2021-12-26,No
CUST-01477,Male,0,Yes,17,DSL,One year,Electronic check,70.08,1239.76,0.0,40.0,91336.0,2020-08-12,Yes
CUST-01478,Male,0,Yes,24,DSL,Month-to-month,Bank transfer,41.73,1118.46,1.0,47.0,28387.0,2018-12-20,No
CUST-01479,Male,0,Yes,25,Fiber optic,One year,Mailed check,77.63,1982.49,,29.0,42344.0,2022-08-29,No
CUST-01480,Female,0,No,8,Fiber optic,Two year,Bank transfer,64.52,508.02,3.0,35.0,58502.0,2019-10-10,Yes
CUST-01481,Male,1,Yes,3,DSL,Month-to-month,Credit card,60.35,165.22,3.0,52.0,74304.0,2021-08-18,Yes
CUST-01482,Female,0,No,4,DSL,Month-to-month,Mailed check,100.65,392.15,0.0,36.0,,2021-11-07,No
CUST-01483,Female,0,Yes,24,Fiber optic,Month-to-month,Credit card,45.37,1050.84,4.0,66.0,28807.0,2021-07-25,Yes
CUST-01484,Male,0,No,49,DSL,One year,Electronic check,82.6,4060.02,3.0,36.0,40152.0,2019-08-01,No
CUST-01485,Female,1,Yes,12,Fiber optic,Month-to-month,Bank transfer,41.93,446.24,2.0,45.0,74748.0,2022-07-18,No
CUST-01486,Female,0,No,4,Fiber optic,Two year,Electronic check,68.38,179.04,2.0,55.0,219489.0,2021-08-19,No
CUST-01487,Male,0,Yes,33,Fiber optic,One year,Electronic check,29.13,972.27,3.0,22.0,42753.0,2020-08-03,No
CUST-01488,Male,0,Yes,42,DSL,One year,Bank transfer,45.12,1896.1,0.0,18.0,21074.0,2018-05-03,No
CUST-01489,Male,1,Yes,51,No,Month-to-month,Electronic check,62.54,3160.98,3.0,20.0,62402.0,2020-02-16,No
CUST-01490,Male,0,Yes,22,DSL,Two year,Electronic check,119.44,2563.55,2.0,59.0,108293.0,2020-04-05,No
CUST-01491,Female,1,No,47,No,Month-to-month,Electronic check,68.02,3211.43,1.0,34.0,52302.0,2023-01-28,No
CUST-01492,Female,0,No,0,No,Month-to-month,Bank transfer,114.64,0.0,3.0,77.0,28453.0,2021-04-18,No
CUST-01493,Female,0,No,2,Fiber optic,Two year,Electronic check,71.61,136.27,2.0,34.0,87098.0,2023-12-24,No
CUST-01494,Male,0,No,2,Fiber optic,Two year,Mailed check,53.39,195.03,2.0,44.0,72993.0,2022-10-25,No
CUST-01495,Female,0,Yes,29,Fiber optic,Month-to-month,Bank transfer,111.18,3256.78,0.0,63.0,26485.0,2021-06-14,No
CUST-01496,Male,0,No,1,No,Month-to-month,Mailed check,78.11,9.65,1.0,70.0,,2019-01-31,No
CUST-01497,Male,0,Yes,16,DSL,Month-to-month,Electronic check,45.72,667.78,2.0,70.0,89175.0,2019-06-02,No
CUST-01498,Female,0,No,15,Fiber optic,Two year,Bank transfer,79.12,1194.39,1.0,58.0,99621.0,2019-01-11,No
CUST-01499,Female,0,Yes,8,DSL,Two year,Bank transfer,56.22,380.99,4.0,56.0,47104.0,2020-11-03,No
CUST-01500,Male,0,No,49,No,Month-to-month,Mailed check,18.0,781.91,3.0,50.0,39543.0,2022-08-20,No
CUST-01501,Female,0,No,4,No,One year,Bank transfer,93.08,398.94,3.0,,102371.0,2022-11-15,No
CUST-01502,Male,0,No,10,Fiber optic,One year,Electronic check,97.85,,4.0,34.0,23715.0,2018-08-14,Yes
CUST-01503,Male,0,No,35,Fiber optic,Month-to-month,Bank transfer,120.0,4222.53,3.0,30.0,63776.0,2021-03-07,No
CUST-01504,Male,0,Yes,0,DSL,One year,Electronic check,77.66,13.15,0.0,41.0,21546.0,2021-02-02,No
CUST-01505,Male,0,No,26,Fiber optic,Month-to-month,Mailed check,57.54,1492.77,1.0,39.0,92895.0,2020-10-25,No
CUST-01506,Male,0,No,40,Fiber optic,One year,Electronic check,90.05,3568.89,1.0,35.0,41989.0,2019-12-07,No
CUST-01507,Female,0,Yes,64,Fiber optic,Month-to-month,Credit card,90.49,5817.17,2.0,51.0,104940.0,2021-01-19,No
CUST-01508,Male,0,No,50,Fiber optic,One year,Mailed check,114.15,5783.99,,55.0,65831.0,2021-04-25,No
CUST-01509,Female,1,No,9,No,Month-to-month,Credit card,63.66,547.88,1.0,43.0,23530.0,2021-11-06,No
CUST-01510,Female,0,No,21,DSL,Month-to-month,Credit card,60.03,1209.59,2.0,62.0,115240.0,2020-06-03,No
CUST-01511,Male,0,Yes,1,No,Month-to-month,Credit card,43.53,0.0,2.0,26.0,124336.0,2024-01-24,No
CUST-01512,Female,0,Yes,7,Fiber optic,One year,Electronic check,81.12,524.5,1.0,39.0,83230.0,2020-03-04,No
CUST-01513,Female,0,No,2,DSL,Month-to-month,Bank transfer,18.55,47.23,0.0,31.0,31040.0,2023-09-29,No
CUST-01514,Male,0,Yes,9,Fiber optic,One year,Mailed check,88.28,687.54,0.0,18.0,40798.0,2023-02-21,No
CUST-01515,Male,0,No,49,No,Month-to-month,Mailed check,82.64,4071.32,0.0,40.0,53490.0,2020-12-26,No
CUST-01516,Female,0,No,10,Fiber optic,One year,Electronic check,82.55,857.7,0.0,40.0,32137.0,2021-03-08,Yes
CUST-01517,Female,1,No,19,Fiber optic,Month-to-month,Electronic check,69.15,1223.95,2.0,63.0,135321.0,2023-08-01,No
CUST-01518,Male,0,No,13,No,Month-to-month,Bank transfer,110.99,1393.91,0.0,50.0,53455.0,2021-02-28,No
CUST-01519,Female,0,No,14,No,Month-to-month,Credit card,,1280.22,4.0,27.0,15000.0,2022-05-11,No
CUST-01520,Female,0,Yes,72,No,Month-to-month,Mailed check,,3361.71,0.0,67.0,60090.0,2023-03-12,No
CUST-01521,Male,0,Yes,8,DSL,One year,Electronic check,47.32,404.54,,,39779.0,2023-10-29,No
CUST-01522,Female,0,No,23,Fiber optic,One year,Credit card,38.61,880.97,1.0,50.0,46865.0,2019-05-27,No
CUST-01523,Female,0,No,13,No,Month-to-month,Mailed check,81.54,1123.26,2.0,38.0,39294.0,2024-04-04,No
CUST-01524,Male,1,Yes,1,Fiber optic,One year,Credit card,35.0,18.94,3.0,28.0,79556.0,2024-03-11,No
CUST-01525,Male,0,No,16,Fiber optic,Month-to-month,Credit card,97.5,1510.85,1.0,36.0,95972.0,2019-11-28,No
CUST-01526,Female,0,Yes,40,Fiber optic,Month-to-month,Mailed check,104.69,4134.43,0.0,57.0,58094.0,2021-12-08,Yes
CUST-01527,Male,0,Yes,2,Fiber optic,One year,Bank transfer,38.63,114.03,1.0,68.0,39991.0,2018-04-20,No
CUST-01528,Male,0,Yes,1,DSL,Month-to-month,Bank transfer,59.43,60.91,2.0,63.0,47819.0,2019-01-29,No
CUST-01529,Female,0,No,4,DSL,One year,Bank transfer,65.5,293.69,1.0,35.0,49600.0,2021-09-29,No
CUST-01530,Male,0,Yes,34,Fiber optic,Two year,Electronic check,91.52,3142.34,1.0,26.0,30289.0,2022-03-04,No
CUST-01531,Female,1,No,30,Fiber optic,Month-to-month,Bank transfer,113.28,3297.41,2.0,43.0,69380.0,2021-06-06,No
CUST-01532,Male,0,No,19,No,One year,Electronic check,18.0,285.0,0.0,18.0,64603.0,2022-07-10,No
CUST-01533,Male,0,No,15,,Two year,Bank transfer,55.45,780.72,1.0,46.0,123533.0,2023-02-01,No
CUST-01534,Male,0,Yes,52,DSL,Month-to-month,Bank transfer,57.02,2924.24,2.0,39.0,104110.0,2019-01-30,No
CUST-01535,Male,0,No,34,No,Month-to-month,Electronic check,22.98,760.3,2.0,35.0,32486.0,2022-03-26,No
CUST-01536,Male,0,No,40,Fiber optic,Month-to-month,Credit card,50.45,2067.96,1.0,19.0,80191.0,2021-08-11,No
CUST-01537,Female,0,No,40,DSL,One year,Mailed check,77.83,3173.12,3.0,49.0,27706.0,2018-10-03,No
CUST-01538,Female,0,No,24,No,One year,Mailed check,56.64,1344.72,1.0,34.0,74425.0,2019-06-20,No
CUST-01539,Female,0,No,14,Fiber optic,One year,Electronic check,18.66,248.68,3.0,25.0,35955.0,2020-09-10,No
CUST-01540,Female,0,Yes,48,Fiber optic,One year,Mailed check,120.0,5724.73,0.0,18.0,26530.0,2023-07-17,No
CUST-01541,Male,0,No,62,No,One year,Electronic check,72.99,4529.84,,41.0,57990.0,2019-05-24,Yes
CUST-01542,Female,0,No,0,DSL,Month-to-month,Electronic check,68.35,10.13,3.0,66.0,15000.0,2019-03-05,No
CUST-01543,Male,0,No,1,Fiber optic,Two year,Electronic check,32.06,72.38,2.0,65.0,17144.0,2022-08-17,No
CUST-01544,Male,0,No,72,No,Month-to-month,Electronic check,72.82,5282.96,0.0,35.0,44068.0,2024-04-05,Yes
CUST-01545,Female,0,No,7,Fiber optic,Month-to-month,Mailed check,60.07,305.38,1.0,33.0,51506.0,2020-11-14,No
CUST-01546,Male,0,Yes,49,No,Two year,Mailed check,18.0,874.37,4.0,48.0,39277.0,2020-03-31,No
CUST-01547,Male,0,Yes,11,DSL,Two year,Bank transfer,32.89,431.0,0.0,28.0,19002.0,2019-08-18,No
CUST-01548,Female,0,Yes,3,DSL,One year,Mailed check,88.85,244.64,4.0,46.0,30009.0,2018-04-27,No
CUST-01549,Male,0,Yes,2,Fiber optic,Month-to-month,Credit card,120.0,296.96,0.0,52.0,61989.0,2019-02-23,No
CUST-01550,Female,0,No,4,Fiber optic,Two year,Electronic check,76.01,288.72,3.0,59.0,69499.0,2018-08-07,No
CUST-01551,Female,1,No,6,DSL,One year,Bank transfer,98.09,597.29,0.0,40.0,48545.0,2021-03-03,No
CUST-01552,Female,1,Yes,16,DSL,One year,Credit card,60.33,908.44,0.0,39.0,98135.0,2024-04-10,No
CUST-01553,Male,0,No,29,No,Two year,Electronic check,62.4,1754.64,2.0,29.0,62220.0,2023-01-19,No
CUST-01554,Male,0,No,72,No,Month-to-month,Mailed check,97.73,7072.83,2.0,30.0,31304.0,2021-11-10,No
CUST-01555,Female,0,Yes,13,DSL,One year,Bank transfer,,1537.53,1.0,38.0,41427.0,2021-02-14,Yes
CUST-01556,Male,0,No,17,Fiber optic,One year,Electronic check,104.03,1769.83,1.0,47.0,21126.0,2021-12-17,No
CUST-01557,Female,0,No,17,Fiber optic,Month-to-month,Electronic check,33.01,499.79,0.0,54.0,45941.0,2020-05-31,No
CUST-01558,Female,1,No,18,No,Month-to-month,Bank transfer,62.99,1136.01,1.0,30.0,95536.0,2019-02-22,No
CUST-01559,Female,0,Yes,17,Fiber optic,Month-to-month,Bank transfer,73.33,1309.47,2.0,62.0,73952.0,2021-10-13,Yes
CUST-01560,Female,0,Yes,0,No,One year,Electronic check,57.21,87.14,1.0,38.0,113687.0,2021-05-22,No
CUST-01561,Female,0,Yes,0,No,Month-to-month,Bank transfer,76.64,0.0,4.0,41.0,40874.0,2024-01-23,Yes
CUST-01562,Male,0,No,2,Fiber optic,Month-to-month,Bank transfer,89.62,96.25,0.0,31.0,109936.0,2022-03-03,No
CUST-01563,Female,1,Yes,2,DSL,Month-to-month,Electronic check,95.08,232.18,1.0,18.0,43652.0,2022-12-18,Yes
CUST-01564,Male,0,No,29,Fiber optic,Month-to-month,Mailed check,115.58,3338.02,1.0,54.0,118533.0,2018-08-06,No
CUST-01565,Male,0,No,5,No,Month-to-month,Bank transfer,55.12,322.75,2.0,52.0,48382.0,2022-11-18,No
CUST-01566,Male,0,No,54,Fiber optic,Month-to-month,Electronic check,24.08,1314.37,0.0,38.0,74932.0,2024-04-21,Yes
CUST-01567,Female,0,Yes,63,No,Two year,Bank transfer,75.75,4728.08,1.0,42.0,118784.0,2022-03-21,No
CUST-01568,Female,0,No,72,No,Month-to-month,Electronic check,120.0,8642.91,0.0,49.0,43649.0,2022-10-05,Yes
CUST-01569,Female,0,No,67,Fiber optic,One year,Electronic check,50.69,3461.65,0.0,20.0,55883.0,2024-04-14,No
CUST-01570,Male,0,Yes,7,Fiber optic,One year,Electronic check,85.61,591.81,1.0,34.0,106225.0,2020-07-05,Yes
CUST-01571,Female,0,No,17,Fiber optic,One year,Credit card,85.87,1408.05,1.0,53.0,45260.0,2023-04-16,Yes
CUST-01572,Male,0,No,4,DSL,Month-to-month,Credit card,70.74,203.53,0.0,24.0,22191.0,2020-07-25,No
CUST-01573,Female,0,Yes,39,Fiber optic,Two year,Bank transfer,65.21,2504.58,3.0,46.0,177336.0,2020-09-24,No
CUST-01574,Female,0,No,52,DSL,Month-to-month,Bank transfer,37.3,1919.09,0.0,,36980.0,2022-03-23,No
CUST-01575,Male,0,Yes,45,No,Month-to-month,Electronic check,18.0,851.0,1.0,48.0,53919.0,2019-08-24,Yes
CUST-01576,Male,0,No,13,No,Month-to-month,Bank transfer,31.64,355.28,2.0,41.0,98086.0,2024-05-15,No
CUST-01577,Male,1,Yes,34,DSL,Month-to-month,Electronic check,53.29,1889.55,0.0,19.0,34026.0,2020-02-11,Yes
CUST-01578,Male,0,No,2,Fiber optic,Month-to-month,Bank transfer,97.92,128.98,3.0,58.0,,2018-10-15,Yes
CUST-01579,Female,0,Yes,0,Fiber optic,Month-to-month,Credit card,61.91,116.57,1.0,31.0,57081.0,2020-01-26,No
CUST-01580,Male,0,Yes,33,Fiber optic,Month-to-month,Electronic check,49.43,1717.47,1.0,30.0,16716.0,2023-06-29,No
CUST-01581,Male,0,Yes,13,Fiber optic,One year,Bank transfer,38.27,504.57,2.0,44.0,41243.0,2020-01-06,No
CUST-01582,Female,0,No,72,DSL,Two year,Bank transfer,84.7,6016.02,2.0,58.0,56784.0,2021-12-03,No
CUST-01583,Female,0,Yes,2,DSL,Month-to-month,Electronic check,105.75,208.73,2.0,27.0,41690.0,2024-01-01,No
CUST-01584,Male,0,No,46,DSL,Month-to-month,Bank transfer,96.9,4438.06,2.0,42.0,19417.0,2019-09-02,Yes
CUST-01585,Male,0,No,15,No,One year,Bank transfer,83.18,1183.99,0.0,48.0,127581.0,2018-11-04,No
CUST-01586,Male,1,Yes,42,Fiber optic,One year,Bank transfer,20.73,885.21,3.0,51.0,52162.0,2018-08-15,No
CUST-01587,Male,0,No,40,No,Month-to-month,Electronic check,54.45,2136.82,1.0,44.0,115692.0,2020-10-28,No
CUST-01588,Male,0,No,59,Fiber optic,Two year,Mailed check,120.0,7044.25,1.0,36.0,41939.0,2018-09-02,No
CUST-01589,Female,0,No,8,,Two year,Credit card,98.66,779.1,1.0,30.0,28911.0,2020-11-29,No
CUST-01590,Male,0,No,71,Fiber optic,One year,Bank transfer,18.87,1311.02,2.0,43.0,57613.0,2023-07-15,No
CUST-01591,Male,0,Yes,3,Fiber optic,Month-to-month,Bank transfer,63.33,293.9,0.0,,43067.0,2022-12-27,No
CUST-01592,Male,0,No,2,DSL,Month-to-month,Electronic check,75.89,124.99,0.0,18.0,24181.0,2021-09-24,Yes
CUST-01593,Female,0,No,13,DSL,One year,Electronic check,42.14,569.86,1.0,48.0,118405.0,2023-06-16,No
CUST-01594,Male,0,Yes,42,DSL,Month-to-month,Credit card,18.0,,1.0,54.0,33746.0,2018-08-23,Yes
CUST-01595,Female,0,No,15,No,Month-to-month,Electronic check,67.96,1037.04,3.0,18.0,16249.0,2021-11-28,No
CUST-01596,Female,0,No,42,Fiber optic,Month-to-month,Credit card,41.37,1758.99,4.0,,,2018-09-28,No
CUST-01597,Female,0,No,31,DSL,Month-to-month,Electronic check,41.48,1329.95,0.0,,36221.0,2021-02-03,No
CUST-01598,Male,1,No,5,DSL,Month-to-month,Electronic check,54.36,285.12,1.0,70.0,34040.0,2020-12-21,No
CUST-01599,Male,0,Yes,71,Fiber optic,Two year,Electronic check,60.99,4341.53,2.0,42.0,16996.0,2019-09-14,No
CUST-01600,Female,1,No,1,Fiber optic,Two year,Mailed check,64.73,67.65,3.0,31.0,139325.0,2023-04-29,No
CUST-01601,Female,0,Yes,54,Fiber optic,One year,Bank transfer,38.48,2071.0,2.0,39.0,22613.0,2019-06-19,No
CUST-01602,Female,0,Yes,8,No,Month-to-month,Credit card,58.39,421.53,1.0,61.0,50770.0,2021-07-17,No
CUST-01603,Female,0,No,16,Fiber optic,Month-to-month,Mailed check,18.0,284.96,0.0,32.0,84759.0,2021-02-03,Yes
CUST-01604,Female,0,Yes,13,DSL,One year,Electronic check,74.33,978.35,2.0,30.0,63134.0,2020-10-08,Yes
CUST-01605,Female,0,No,4,DSL,One year,Bank transfer,18.0,92.11,1.0,35.0,47297.0,2018-03-20,No
CUST-01606,Female,0,No,10,,One year,Bank transfer,56.32,572.21,1.0,28.0,17658.0,2022-06-21,No
CUST-01607,Male,0,Yes,5,DSL,Month-to-month,Mailed check,92.58,451.25,4.0,43.0,30156.0,2018-01-30,No
CUST-01608,Male,0,No,5,Fiber optic,One year,Electronic check,33.22,163.25,1.0,64.0,54867.0,2023-04-07,No
CUST-01609,Female,0,Yes,4,Fiber optic,Two year,Electronic check,86.49,318.28,1.0,46.0,30567.0,2019-09-17,No
CUST-01610,Male,0,No,16,Fiber optic,Month-to-month,Bank transfer,99.67,1610.38,3.0,38.0,55382.0,2018-10-09,Yes
CUST-01611,Male,0,No,38,Fiber optic,Month-to-month,Mailed check,18.0,672.94,0.0,37.0,73794.0,2020-09-04,No
CUST-01612,Male,0,No,20,DSL,One year,Bank transfer,60.46,1218.23,2.0,20.0,87334.0,2021-08-03,No
CUST-01613,Female,0,Yes,53,DSL,One year,Electronic check,18.0,1004.04,1.0,54.0,23489.0,2019-12-29,No
CUST-01614,Male,0,Yes,24,Fiber optic,Month-to-month,Credit card,61.45,1439.33,1.0,40.0,183136.0,2018-10-13,No
CUST-01615,Female,1,No,28,No,Two year,Electronic check,64.78,1843.67,1.0,39.0,77690.0,2018-02-12,No
CUST-01616,Male,0,Yes,26,DSL,Month-to-month,Electronic check,18.0,469.66,0.0,85.0,48970.0,2022-07-08,No
CUST-01617,Female,0,Yes,14,Fiber optic,Two year,Bank transfer,120.0,1781.06,0.0,46.0,94251.0,2023-09-08,No
CUST-01618,Male,0,No,28,Fiber optic,Month-to-month,Bank transfer,73.58,2049.42,1.0,31.0,202651.0,2018-08-24,No
CUST-01619,Male,0,Yes,1,Fiber optic,Month-to-month,Electronic check,39.53,74.29,0.0,36.0,20676.0,2019-06-25,No
CUST-01620,Female,0,Yes,47,Fiber optic,Two year,Credit card,108.96,5121.89,2.0,,42823.0,2018-02-17,No
CUST-01621,Female,0,No,36,No,Two year,Bank transfer,18.0,578.58,0.0,43.0,15000.0,2023-09-05,No
CUST-01622,Male,0,Yes,6,DSL,Two year,Electronic check,28.12,142.69,1.0,21.0,55027.0,2020-11-08,No
CUST-01623,Female,0,Yes,35,Fiber optic,Month-to-month,Bank transfer,18.0,674.02,2.0,54.0,61037.0,2023-12-08,No
CUST-01624,Female,0,No,0,Fiber optic,One year,Bank transfer,119.03,0.0,1.0,32.0,47882.0,2021-01-01,No
CUST-01625,Male,0,Yes,5,No,Month-to-month,Bank transfer,74.97,263.84,1.0,68.0,33099.0,2023-07-14,Yes
CUST-01626,Male,1,Yes,1,DSL,Month-to-month,Credit card,84.78,83.21,,57.0,15000.0,2024-02-08,No
CUST-01627,Female,0,Yes,36,Fiber optic,Month-to-month,Bank transfer,74.03,2610.46,1.0,35.0,61335.0,2020-02-25,No
CUST-01628,Male,0,Yes,33,DSL,Month-to-month,Mailed check,82.21,2719.52,0.0,59.0,117390.0,2022-02-10,Yes
CUST-01629,Male,0,No,40,No,Two year,Bank transfer,67.34,2771.16,0.0,42.0,34385.0,2022-04-11,No
CUST-01630,Female,1,Yes,0,Fiber optic,Month-to-month,Bank transfer,73.13,38.47,1.0,53.0,63833.0,2018-02-20,No
CUST-01631,Male,0,No,16,DSL,One year,Bank transfer,68.23,1168.51,1.0,48.0,19131.0,2020-10-23,No
CUST-01632,Male,0,Yes,29,Fiber optic,One year,Mailed check,46.74,1327.38,1.0,30.0,64494.0,2023-06-28,No
CUST-01633,Female,1,No,4,Fiber optic,Month-to-month,Credit card,63.6,247.24,0.0,32.0,38714.0,2024-01-27,No
CUST-01634,Male,1,No,25,DSL,Two year,Mailed check,,1778.03,2.0,56.0,31025.0,2023-10-08,No
CUST-01635,Female,0,No,2,No,Month-to-month,Bank transfer,68.32,102.44,2.0,37.0,31063.0,2024-03-29,Yes
CUST-01636,Male,0,No,4,DSL,Two year,Mailed check,20.67,36.34,1.0,36.0,38709.0,2022-03-11,No
CUST-01637,Female,0,Yes,15,Fiber optic,Two year,Bank transfer,24.65,304.41,1.0,28.0,61664.0,2019-06-30,No
CUST-01638,Male,0,Yes,25,Fiber optic,Two year,Electronic check,97.49,2505.54,2.0,47.0,22308.0,2021-09-10,No
CUST-01639,Male,0,No,3,No,One year,Credit card,55.79,62.77,2.0,70.0,38627.0,2020-09-13,No
CUST-01640,Male,1,No,4,DSL,Month-to-month,Electronic check,82.54,398.67,1.0,27.0,47816.0,2019-08-30,No
CUST-01641,Male,0,Yes,5,Fiber optic,Month-to-month,Bank transfer,32.24,223.5,1.0,42.0,25351.0,2022-12-16,No
CUST-01642,Female,0,No,6,DSL,One year,Mailed check,20.81,149.85,0.0,,144062.0,2022-01-14,Yes
CUST-01643,Male,1,No,6,No,Month-to-month,Bank transfer,39.69,182.41,3.0,40.0,29375.0,2023-01-26,No
CUST-01644,Male,0,Yes,12,DSL,Two year,Mailed check,58.32,620.73,1.0,48.0,32805.0,2019-09-24,No
CUST-01645,Male,0,No,25,Fiber optic,One year,Electronic check,45.05,1098.83,3.0,27.0,27255.0,2023-10-19,No
CUST-01646,Female,0,No,13,Fiber optic,Month-to-month,Mailed check,103.82,1380.92,3.0,47.0,144218.0,2019-07-14,No
CUST-01647,Male,0,No,35,DSL,Month-to-month,Credit card,70.39,2463.8,3.0,39.0,68305.0,2021-11-11,No
CUST-01648,Female,0,Yes,30,DSL,Month-to-month,Bank transfer,120.0,3547.83,2.0,55.0,27946.0,2018-05-14,No
CUST-01649,Female,0,No,3,DSL,One year,Electronic check,,288.8,1.0,58.0,95200.0,2021-06-21,No
CUST-01650,Female,0,Yes,1,No,Month-to-month,Credit card,18.0,102.22,0.0,78.0,55293.0,2018-08-20,Yes
CUST-01651,Female,0,No,50,Fiber optic,One year,Bank transfer,96.68,4822.67,4.0,50.0,57202.0,2020-02-18,No
CUST-01652,Male,0,Yes,1,No,One year,Mailed check,19.71,25.18,0.0,46.0,39867.0,2023-07-10,No
CUST-01653,Male,0,Yes,3,DSL,Month-to-month,Bank transfer,71.92,140.32,2.0,44.0,31267.0,2023-09-25,Yes
CUST-01654,Male,1,No,0,DSL,One year,Mailed check,41.76,0.0,4.0,37.0,60033.0,2022-12-03,No
CUST-01655,Female,0,Yes,23,No,One year,Electronic check,120.0,2785.52,2.0,46.0,35346.0,2020-05-11,No
CUST-01656,Male,0,No,20,Fiber optic,Month-to-month,Credit card,108.19,2181.54,1.0,37.0,145809.0,2021-09-17,Yes
CUST-01657,Male,0,No,72,Fiber optic,Two year,Electronic check,42.75,3052.62,1.0,44.0,22889.0,2019-06-09,No
CUST-01658,Male,0,No,52,No,Month-to-month,Mailed check,61.18,3167.65,1.0,60.0,123215.0,2022-05-09,No
CUST-01659,Female,0,Yes,12,No,Month-to-month,Bank transfer,72.34,845.72,1.0,27.0,45853.0,2020-03-24,No
CUST-01660,Female,0,No,11,DSL,Two year,Credit card,90.9,985.98,0.0,57.0,58656.0,2019-06-02,No
CUST-01661,Male,0,No,8,DSL,Month-to-month,Electronic check,65.87,548.12,0.0,60.0,80813.0,2021-10-02,No
CUST-01662,Male,0,No,3,DSL,Month-to-month,Mailed check,34.25,4.37,3.0,40.0,33585.0,2018-09-19,No
CUST-01663,Male,0,No,3,No,One year,Bank transfer,43.47,126.69,1.0,18.0,82334.0,2022-05-28,No
CUST-01664,Male,0,Yes,3,Fiber optic,One year,Bank transfer,64.87,212.11,0.0,33.0,15000.0,2019-03-15,No
CUST-01665,Female,0,No,2,Fiber optic,Month-to-month,Credit card,102.03,175.54,1.0,60.0,31824.0,2021-07-20,Yes
CUST-01666,Female,0,No,6,No,Month-to-month,Electronic check,77.84,443.07,1.0,41.0,28157.0,2020-07-08,No
CUST-01667,Female,0,No,8,Fiber optic,Month-to-month,Bank transfer,41.8,311.88,0.0,28.0,23107.0,2021-08-19,No
CUST-01668,Female,0,No,72,DSL,One year,Electronic check,84.45,6056.45,4.0,34.0,43089.0,2019-07-31,Yes
CUST-01669,Male,0,No,20,Fiber optic,One year,Bank transfer,53.39,1068.09,0.0,53.0,61787.0,2019-12-29,No
CUST-01670,Female,0,No,72,DSL,One year,Electronic check,91.71,6609.57,1.0,49.0,74726.0,2018-11-25,Yes
CUST-01671,Female,0,No,11,Fiber optic,One year,Credit card,120.0,1214.97,4.0,38.0,56643.0,2022-12-26,No
CUST-01672,Female,0,No,14,DSL,Month-to-month,Electronic check,54.24,792.0,3.0,36.0,32878.0,2018-06-14,Yes
CUST-01673,Female,0,No,9,DSL,Month-to-month,Bank transfer,89.05,786.95,2.0,36.0,61169.0,2020-05-31,No
CUST-01674,Female,0,Yes,4,No,Month-to-month,Electronic check,42.64,267.21,3.0,29.0,52816.0,2020-11-18,No
CUST-01675,Female,0,No,3,No,Month-to-month,Bank transfer,61.63,125.31,1.0,64.0,85959.0,2019-04-03,No
CUST-01676,Male,0,No,69,No,One year,Bank transfer,65.89,4503.04,0.0,37.0,78132.0,2020-06-20,No
CUST-01677,Male,0,Yes,72,DSL,One year,Electronic check,59.19,,4.0,59.0,49925.0,2020-09-06,No
CUST-01678,Female,0,Yes,1,No,Month-to-month,Electronic check,120.0,140.66,2.0,63.0,28613.0,2019-06-10,No
CUST-01679,Male,0,Yes,3,Fiber optic,Two year,Electronic check,55.8,69.86,2.0,55.0,33131.0,2022-02-06,No
CUST-01680,Female,0,Yes,13,No,Month-to-month,Electronic check,82.61,1032.47,0.0,35.0,35246.0,2018-03-14,Yes
CUST-01681,Female,0,No,4,No,Month-to-month,Electronic check,18.0,101.57,1.0,47.0,40572.0,2019-04-08,No
CUST-01682,Female,0,Yes,10,No,Month-to-month,Mailed check,77.96,732.19,1.0,41.0,57574.0,2022-01-02,Yes
CUST-01683,Male,0,No,3,DSL,One year,Bank transfer,99.26,366.28,1.0,29.0,75290.0,2022-01-10,No
CUST-01684,Male,0,No,14,Fiber optic,Month-to-month,Bank transfer,49.17,665.69,2.0,46.0,47540.0,2019-09-14,Yes
CUST-01685,Female,0,No,7,Fiber optic,Two year,Electronic check,18.0,81.03,1.0,25.0,49497.0,2022-05-20,Yes
CUST-01686,Male,0,Yes,10,DSL,Month-to-month,Electronic check,63.84,668.91,4.0,58.0,53422.0,2021-01-05,No
CUST-01687,Female,0,No,2,Fiber optic,Two year,Bank transfer,65.52,211.42,0.0,35.0,35970.0,2021-05-20,No
CUST-01688,Female,1,Yes,13,DSL,Month-to-month,Mailed check,86.72,,0.0,44.0,28134.0,2020-02-19,No
CUST-01689,Male,0,Yes,72,No,One year,Electronic check,120.0,8703.02,3.0,45.0,17098.0,2024-04-25,No
CUST-01690,Male,0,Yes,9,No,Two year,Mailed check,53.6,566.23,0.0,38.0,32302.0,2022-09-24,No
CUST-01691,Female,0,Yes,50,Fiber optic,Month-to-month,Electronic check,39.31,1919.41,1.0,50.0,65113.0,2019-08-06,No
CUST-01692,Male,0,Yes,44,Fiber optic,Month-to-month,Electronic check,29.99,1366.48,5.0,35.0,32152.0,2019-07-09,Yes
CUST-01693,Male,0,Yes,72,DSL,Month-to-month,Bank transfer,70.94,5031.51,1.0,54.0,42502.0,2022-12-19,Yes
CUST-01694,Female,1,Yes,37,Fiber optic,Two year,Electronic check,79.38,2958.31,1.0,23.0,64851.0,2020-06-28,No
CUST-01695,Female,0,No,25,DSL,One year,Credit card,48.63,1212.18,3.0,43.0,66997.0,2018-08-03,No
CUST-01696,Female,1,No,46,Fiber optic,One year,Credit card,88.36,4126.71,5.0,69.0,25649.0,2018-03-25,No
CUST-01697,Male,0,No,1,No,One year,Bank transfer,78.96,137.57,0.0,27.0,89164.0,2020-08-27,Yes
CUST-01698,Female,1,No,14,Fiber optic,Month-to-month,Electronic check,66.3,956.69,2.0,32.0,96414.0,2020-08-29,No
CUST-01699,Male,0,Yes,72,Fiber optic,Month-to-month,Electronic check,37.93,2745.88,2.0,49.0,24886.0,2022-07-15,Yes
CUST-01700,Male,0,No,35,DSL,Month-to-month,Mailed check,50.54,1794.32,0.0,44.0,29902.0,2021-09-08,No
CUST-01701,Female,0,Yes,72,DSL,Month-to-month,Mailed check,18.0,1299.09,1.0,46.0,100173.0,2022-12-10,No
CUST-01702,Male,0,Yes,36,Fiber optic,Two year,Credit card,72.07,2591.46,0.0,48.0,44886.0,2020-01-15,No
CUST-01703,Male,0,Yes,49,DSL,One year,Electronic check,65.79,3295.84,0.0,50.0,15000.0,2022-01-02,No
CUST-01704,Female,0,Yes,29,DSL,Two year,Bank transfer,70.65,2126.99,0.0,57.0,21166.0,2023-09-07,No
CUST-01705,Female,0,Yes,34,Fiber optic,Month-to-month,Bank transfer,80.13,2717.34,3.0,47.0,42208.0,2018-06-12,No
CUST-01706,Female,0,No,17,Fiber optic,Month-to-month,Credit card,76.57,1313.57,5.0,38.0,24395.0,2022-07-18,No
CUST-01707,Male,0,No,61,Fiber optic,Two year,Mailed check,61.69,3767.17,1.0,51.0,38251.0,2022-08-05,No
CUST-01708,Male,1,Yes,41,Fiber optic,Month-to-month,Bank transfer,66.46,2644.28,1.0,68.0,49982.0,2023-02-04,No
CUST-01709,Male,0,No,44,Fiber optic,Month-to-month,Credit card,22.87,989.46,1.0,40.0,117871.0,2019-09-23,No
CUST-01710,Female,1,No,26,DSL,Month-to-month,Electronic check,47.49,1314.73,4.0,28.0,41180.0,2020-09-02,No
CUST-01711,Male,1,Yes,8,DSL,Month-to-month,Electronic check,66.51,494.59,3.0,,93295.0,2019-07-16,No
CUST-01712,Male,0,No,0,No,Two year,Mailed check,42.92,105.73,1.0,40.0,,2019-12-25,Yes
CUST-01713,Female,0,No,65,Fiber optic,Month-to-month,Mailed check,,5960.61,3.0,18.0,115911.0,2024-03-19,Yes
CUST-01714,Female,0,No,21,Fiber optic,Two year,Electronic check,45.24,970.11,3.0,53.0,58154.0,2020-11-10,No
CUST-01715,Male,1,No,8,Fiber optic,Two year,Electronic check,71.49,599.96,1.0,34.0,15093.0,2023-06-12,Yes
CUST-01716,Female,0,No,3,DSL,Month-to-month,Electronic check,68.5,159.64,1.0,40.0,64633.0,2023-02-06,Yes
CUST-01717,Male,0,No,42,DSL,One year,Bank transfer,87.39,,0.0,46.0,91953.0,2020-11-07,No
CUST-01718,Female,0,No,43,Fiber optic,Month-to-month,Mailed check,92.02,4028.93,5.0,44.0,46693.0,2024-05-13,Yes
CUST-01719,Female,0,Yes,40,Fiber optic,Month-to-month,Credit card,85.82,3402.07,1.0,51.0,139629.0,2023-05-24,Yes
CUST-01720,Male,0,No,24,Fiber optic,Two year,Mailed check,18.0,485.06,6.0,35.0,82116.0,2021-02-04,Yes
CUST-01721,Male,0,No,10,DSL,Month-to-month,Bank transfer,100.82,939.35,1.0,49.0,68938.0,2019-12-27,No
CUST-01722,Male,0,Yes,8,DSL,Month-to-month,Mailed check,110.82,,1.0,38.0,94073.0,2018-06-26,No
CUST-01723,Female,1,No,0,Fiber optic,Month-to-month,Bank transfer,50.54,95.07,0.0,52.0,59875.0,2020-12-25,Yes
CUST-01724,Male,0,No,43,Fiber optic,Month-to-month,Mailed check,72.1,3099.71,1.0,50.0,15000.0,2020-04-23,No
CUST-01725,Female,0,Yes,2,No,Month-to-month,Electronic check,38.28,49.64,0.0,28.0,36334.0,2022-07-25,Yes
CUST-01726,Female,0,No,23,DSL,Month-to-month,Credit card,18.0,482.14,2.0,57.0,100538.0,2018-02-16,No
CUST-01727,Male,0,Yes,16,No,Month-to-month,Credit card,42.84,747.73,4.0,34.0,30195.0,2023-05-03,Yes
CUST-01728,Female,1,Yes,17,No,Two year,Electronic check,48.8,875.64,1.0,53.0,42869.0,2020-09-03,No
CUST-01729,Female,1,Yes,62,,Month-to-month,Credit card,,3341.21,0.0,47.0,26189.0,2021-01-05,No
CUST-01730,Male,0,No,0,Fiber optic,Month-to-month,Electronic check,36.23,0.0,1.0,67.0,142964.0,2019-03-05,No
CUST-01731,Male,0,No,35,No,Month-to-month,Mailed check,43.0,1520.58,3.0,38.0,134442.0,2024-01-06,No
CUST-01732,Male,0,Yes,1,DSL,One year,Bank transfer,64.67,99.39,0.0,37.0,28844.0,2020-07-22,No
CUST-01733,Female,0,No,0,DSL,One year,Electronic check,41.89,0.0,1.0,41.0,53550.0,2023-05-29,Yes
CUST-01734,Male,0,Yes,13,DSL,Two year,Electronic check,81.31,1065.57,2.0,37.0,32588.0,2019-07-11,No
CUST-01735,Female,0,No,1,Fiber optic,One year,Mailed check,85.45,98.82,1.0,53.0,70895.0,2018-08-15,No
CUST-01736,Male,0,Yes,37,DSL,Month-to-month,Mailed check,120.0,4504.34,1.0,19.0,66556.0,2022-01-29,Yes
CUST-01737,Male,0,Yes,18,No,Month-to-month,Electronic check,98.77,1815.58,0.0,27.0,79779.0,2024-04-25,No
CUST-01738,Female,0,No,0,Fiber optic,One year,Electronic check,72.29,0.0,1.0,27.0,59823.0,2022-02-24,No
CUST-01739,Male,0,No,0,No,One year,Credit card,46.39,0.0,1.0,55.0,285284.0,2021-11-27,No
CUST-01740,Female,0,No,22,DSL,Month-to-month,Mailed check,73.81,1577.38,0.0,65.0,26456.0,2020-11-02,No
CUST-01741,Male,1,No,39,Fiber optic,One year,Electronic check,74.8,2945.6,1.0,40.0,17564.0,2019-10-27,Yes
CUST-01742,Female,0,Yes,13,Fiber optic,Two year,Bank transfer,49.6,690.96,0.0,39.0,38721.0,2020-10-06,No
CUST-01743,Female,1,No,19,Fiber optic,One year,Electronic check,88.51,1686.77,0.0,42.0,19133.0,2018-12-16,No
CUST-01744,Female,0,Yes,38,No,One year,Electronic check,23.06,862.87,1.0,58.0,20020.0,2019-09-06,No
CUST-01745,Male,0,Yes,22,Fiber optic,One year,Credit card,57.67,1272.2,2.0,29.0,26881.0,2021-02-15,No
CUST-01746,Female,0,No,6,DSL,Month-to-month,Credit card,81.68,500.53,0.0,45.0,28188.0,2018-12-06,No
CUST-01747,Male,0,No,22,No,Month-to-month,Electronic check,56.37,1208.14,3.0,55.0,27645.0,2023-01-29,No
CUST-01748,Female,1,No,23,Fiber optic,Month-to-month,Credit card,58.8,1291.46,3.0,49.0,66898.0,2018-01-28,No
CUST-01749,Male,0,No,31,DSL,Month-to-month,Credit card,60.87,1784.46,1.0,44.0,36180.0,2020-01-24,No
CUST-01750,Male,0,No,23,Fiber optic,Two year,Bank transfer,39.93,981.75,0.0,56.0,44015.0,2021-04-25,No
CUST-01751,Female,0,No,72,Fiber optic,Month-to-month,Mailed check,100.22,7240.66,1.0,18.0,83829.0,2023-12-17,No
CUST-01752,Male,0,No,5,Fiber optic,One year,Electronic check,34.46,190.43,3.0,51.0,30952.0,2021-09-05,Yes
CUST-01753,Male,1,Yes,72,Fiber optic,One year,Electronic check,74.54,5430.14,0.0,32.0,41825.0,2019-11-22,No
CUST-01754,Female,0,No,18,Fiber optic,One year,Bank transfer,77.41,1330.61,1.0,18.0,61050.0,2020-04-05,No
CUST-01755,Female,1,No,26,DSL,One year,Credit card,36.54,863.26,2.0,49.0,15291.0,2020-03-05,No
CUST-01756,Male,0,Yes,2,DSL,Month-to-month,Bank transfer,67.19,,1.0,61.0,15000.0,2019-02-27,No
CUST-01757,Female,1,Yes,11,Fiber optic,Month-to-month,Electronic check,37.71,429.47,2.0,40.0,60335.0,2018-12-06,No
CUST-01758,Male,0,Yes,35,Fiber optic,Two year,Electronic check,106.73,3648.98,1.0,55.0,65854.0,2021-01-31,Yes
CUST-01759,Female,0,Yes,29,DSL,Month-to-month,Mailed check,30.84,912.34,2.0,64.0,169148.0,2019-09-26,No
CUST-01760,Male,0,Yes,0,DSL,Month-to-month,Bank transfer,45.38,0.0,1.0,,53898.0,2018-08-04,No
CUST-01761,Male,0,Yes,18,No,Month-to-month,Electronic check,28.27,468.51,3.0,64.0,80165.0,2019-05-23,No
CUST-01762,Female,0,No,2,No,Month-to-month,Bank transfer,24.27,31.87,0.0,52.0,43595.0,2021-05-05,No
CUST-01763,Male,1,No,72,Fiber optic,Month-to-month,Bank transfer,112.74,7995.2,0.0,43.0,58590.0,2019-08-25,No
CUST-01764,Male,0,No,54,DSL,Two year,Electronic check,81.28,4359.55,2.0,19.0,133299.0,2019-07-12,No
CUST-01765,Male,1,No,0,Fiber optic,One year,Electronic check,69.21,0.0,2.0,38.0,15000.0,2021-12-25,No
CUST-01766,Female,0,No,46,DSL,Two year,Electronic check,45.3,2111.66,2.0,30.0,62828.0,2022-06-04,Yes
CUST-01767,Male,0,No,60,Fiber optic,Month-to-month,Credit card,92.23,5525.89,2.0,72.0,176548.0,2019-07-20,Yes
CUST-01768,Male,0,Yes,10,Fiber optic,Month-to-month,Mailed check,40.27,434.64,2.0,39.0,58059.0,2021-01-11,Yes
CUST-01769,Male,1,Yes,30,Fiber optic,One year,Mailed check,88.81,2536.82,3.0,43.0,131971.0,2022-11-27,No
CUST-01770,Male,0,Yes,14,DSL,Two year,Bank transfer,38.82,501.53,3.0,49.0,33606.0,2022-06-05,No
CUST-01771,Female,0,No,25,Fiber optic,One year,Mailed check,45.66,1169.3,1.0,42.0,48087.0,2018-06-12,No
CUST-01772,Female,0,No,9,No,Two year,Electronic check,87.75,774.31,0.0,65.0,50016.0,2020-04-23,No
CUST-01773,Female,0,Yes,9,Fiber optic,Two year,Bank transfer,90.91,860.46,0.0,33.0,15000.0,2022-08-22,Yes
CUST-01774,Male,0,No,13,Fiber optic,Month-to-month,Bank transfer,82.92,987.73,1.0,44.0,24320.0,2019-02-25,No
CUST-01775,Female,0,No,3,DSL,Month-to-month,Electronic check,33.51,137.09,1.0,31.0,25384.0,2019-04-05,No
CUST-01776,Male,0,Yes,42,Fiber optic,One year,Electronic check,51.6,2135.24,1.0,23.0,80277.0,2022-01-16,No
CUST-01777,Female,0,No,10,Fiber optic,Two year,Bank transfer,69.71,660.29,0.0,33.0,82726.0,2019-10-27,No
CUST-01778,Female,0,No,12,DSL,Month-to-month,Bank transfer,39.52,523.79,1.0,41.0,59541.0,2020-01-29,No
CUST-01779,Male,1,Yes,53,Fiber optic,One year,Electronic check,106.13,5682.99,0.0,35.0,80375.0,2021-05-09,No
CUST-01780,Male,0,Yes,16,,One year,Bank transfer,18.0,339.73,2.0,32.0,44422.0,2022-10-25,No
CUST-01781,Female,0,Yes,18,Fiber optic,Month-to-month,Credit card,41.64,851.45,0.0,22.0,100826.0,2021-03-13,No
CUST-01782,Female,0,No,72,DSL,One year,Electronic check,49.71,3642.46,3.0,40.0,,2023-09-25,No
CUST-01783,Male,0,No,52,DSL,Month-to-month,Mailed check,18.0,896.23,0.0,20.0,50752.0,2018-09-07,No
CUST-01784,Male,0,Yes,4,No,Two year,Bank transfer,23.11,99.52,2.0,52.0,41799.0,2022-11-02,No
CUST-01785,Female,1,Yes,15,Fiber optic,One year,Electronic check,83.76,1238.39,1.0,43.0,73914.0,2021-06-27,No
CUST-01786,Male,1,Yes,72,DSL,Two year,Bank transfer,65.91,4846.97,0.0,21.0,38073.0,2023-03-29,No
CUST-01787,Female,0,Yes,11,No,Month-to-month,Credit card,112.19,1289.33,2.0,37.0,88067.0,2020-01-12,No
CUST-01788,Male,0,No,11,DSL,Month-to-month,Credit card,111.36,1215.52,0.0,31.0,24852.0,2021-02-03,No
CUST-01789,Male,1,No,5,Fiber optic,Two year,Electronic check,77.99,433.85,1.0,46.0,25352.0,2023-04-14,No
CUST-01790,Male,0,Yes,2,DSL,Month-to-month,Credit card,74.4,,1.0,,74047.0,2023-05-03,No
CUST-01791,Female,0,Yes,32,No,Month-to-month,Mailed check,66.98,2155.87,1.0,18.0,46484.0,2020-05-30,No
CUST-01792,Male,0,Yes,35,Fiber optic,Month-to-month,Electronic check,18.0,583.1,0.0,43.0,37334.0,2023-04-11,No
CUST-01793,Female,1,No,72,Fiber optic,One year,Electronic check,23.16,1583.09,2.0,39.0,83619.0,2022-05-18,Yes
CUST-01794,Female,0,Yes,35,Fiber optic,Month-to-month,Credit card,68.02,2419.93,3.0,51.0,34051.0,2020-08-17,Yes
CUST-01795,Female,0,Yes,6,DSL,One year,Mailed check,83.48,546.31,1.0,44.0,43472.0,2024-03-22,Yes
CUST-01796,Female,0,No,0,Fiber optic,One year,Credit card,73.69,22.86,1.0,31.0,113497.0,2018-03-14,No
CUST-01797,Female,0,Yes,72,Fiber optic,One year,Electronic check,38.23,2743.41,2.0,37.0,123436.0,2020-06-15,No
CUST-01798,Female,0,Yes,9,No,Two year,Bank transfer,93.12,774.76,2.0,30.0,125924.0,2019-12-21,No
CUST-01799,Female,0,Yes,8,No,Month-to-month,Electronic check,109.47,817.69,2.0,57.0,41387.0,2024-01-02,Yes
CUST-01800,Male,0,Yes,56,No,Month-to-month,Electronic check,93.14,5167.38,1.0,42.0,102582.0,2018-08-22,Yes
CUST-01801,Female,0,No,21,DSL,Month-to-month,Credit card,94.69,1976.81,1.0,68.0,27739.0,2022-01-11,No
CUST-01802,Female,0,Yes,5,DSL,Two year,Electronic check,48.22,294.91,6.0,41.0,28448.0,2022-08-07,Yes
CUST-01803,Female,1,Yes,52,Fiber optic,Two year,Mailed check,97.28,5111.58,2.0,32.0,15000.0,2019-03-08,No
CUST-01804,Male,0,No,72,Fiber optic,Month-to-month,Credit card,69.37,4912.21,1.0,20.0,,2018-12-18,No
CUST-01805,Female,1,Yes,2,Fiber optic,Month-to-month,Credit card,80.35,126.04,4.0,18.0,29190.0,2018-04-23,No
CUST-01806,Male,0,No,47,No,Month-to-month,Mailed check,75.96,3534.11,1.0,19.0,45436.0,2019-01-08,No
CUST-01807,Male,0,No,11,No,Two year,Bank transfer,61.36,548.38,2.0,45.0,28390.0,2023-03-09,No
CUST-01808,Female,0,No,17,DSL,One year,Bank transfer,39.2,694.71,1.0,49.0,74391.0,2024-01-21,No
CUST-01809,Female,0,Yes,59,Fiber optic,Two year,Electronic check,62.54,3677.55,1.0,19.0,39129.0,2023-10-14,No
CUST-01810,Male,0,No,72,Fiber optic,Month-to-month,Electronic check,94.6,6805.54,2.0,54.0,22406.0,2020-05-05,No
CUST-01811,Male,0,No,7,Fiber optic,Month-to-month,Electronic check,51.76,429.61,0.0,,63895.0,2022-08-28,No
CUST-01812,Male,0,No,5,Fiber optic,One year,Mailed check,91.8,463.42,2.0,44.0,20738.0,2023-04-22,No
CUST-01813,Female,1,No,2,No,Two year,Electronic check,87.11,152.68,4.0,64.0,29660.0,2023-03-19,No
CUST-01814,Female,1,Yes,19,Fiber optic,Month-to-month,Electronic check,56.03,1093.17,1.0,,15000.0,2018-05-27,No
CUST-01815,Female,0,Yes,0,DSL,Month-to-month,Mailed check,106.66,52.94,0.0,38.0,20860.0,2019-05-19,No
CUST-01816,Female,0,No,12,Fiber optic,Two year,Mailed check,54.33,666.78,1.0,29.0,54563.0,2024-01-09,No
CUST-01817,Female,0,Yes,1,No,Month-to-month,Mailed check,110.29,144.75,1.0,18.0,,2022-09-30,Yes
CUST-01818,Male,0,No,12,No,Month-to-month,Electronic check,78.02,928.96,1.0,31.0,20157.0,2023-05-09,Yes
CUST-01819,Male,1,Yes,0,DSL,Month-to-month,Bank transfer,64.52,0.0,4.0,39.0,48951.0,2021-04-19,Yes
CUST-01820,Female,0,No,43,Fiber optic,Month-to-month,Credit card,38.37,1655.56,0.0,28.0,35377.0,2020-07-09,No
CUST-01821,Male,0,Yes,5,DSL,Month-to-month,Electronic check,62.35,274.09,1.0,40.0,161979.0,2022-03-06,No
CUST-01822,Male,0,Yes,9,DSL,One year,Electronic check,58.89,501.61,6.0,43.0,147316.0,2021-01-12,No
CUST-01823,Female,0,No,48,Fiber optic,Month-to-month,Bank transfer,27.25,1376.89,1.0,38.0,29121.0,2020-05-25,No
CUST-01824,Male,0,Yes,32,Fiber optic,Month-to-month,Credit card,58.47,,0.0,32.0,68479.0,2020-03-26,No
CUST-01825,Male,0,No,5,DSL,One year,Electronic check,40.89,284.06,1.0,44.0,76846.0,2019-01-05,No
CUST-01826,Male,0,No,1,Fiber optic,Two year,Electronic check,82.58,16.42,3.0,48.0,34252.0,2021-05-25,No
CUST-01827,Female,0,Yes,30,No,One year,Electronic check,104.19,,1.0,26.0,19983.0,2021-05-03,No
CUST-01828,Male,0,Yes,11,Fiber optic,Two year,Bank transfer,28.19,250.55,3.0,61.0,,2021-10-16,No
CUST-01829,Male,0,Yes,34,DSL,Two year,Credit card,116.37,3963.3,3.0,40.0,44191.0,2018-09-30,No
CUST-01830,Female,1,No,14,DSL,Two year,Bank transfer,61.14,715.52,1.0,42.0,37742.0,2023-11-14,No
CUST-01831,Female,0,No,10,DSL,Two year,Bank transfer,35.75,328.06,1.0,51.0,63920.0,2022-10-05,No
CUST-01832,Male,0,Yes,14,DSL,One year,Bank transfer,87.73,1298.57,2.0,45.0,,2018-11-03,No
CUST-01833,Male,0,Yes,33,No,One year,Electronic check,51.61,1752.25,2.0,55.0,24558.0,2018-07-05,No
CUST-01834,Female,0,Yes,55,Fiber optic,One year,Bank transfer,62.55,3414.8,4.0,46.0,,2022-02-15,No
CUST-01835,Male,1,Yes,1,DSL,Two year,Electronic check,52.87,31.2,2.0,33.0,61795.0,2020-03-11,Yes
CUST-01836,Female,0,No,17,DSL,One year,Electronic check,40.5,716.86,2.0,47.0,24197.0,2020-01-18,No
CUST-01837,Female,1,Yes,0,No,One year,Electronic check,86.72,46.76,2.0,25.0,85549.0,2023-05-23,Yes
CUST-01838,Male,0,Yes,15,Fiber optic,Month-to-month,Bank transfer,56.41,819.49,3.0,43.0,,2020-03-19,No
CUST-01839,Male,0,No,51,Fiber optic,Two year,Bank transfer,21.9,1105.18,1.0,41.0,34652.0,2022-01-21,No
CUST-01840,Male,0,No,10,Fiber optic,Month-to-month,Bank transfer,81.53,787.0,3.0,39.0,41990.0,2021-06-12,No
CUST-01841,Male,0,No,64,DSL,Month-to-month,Electronic check,28.83,,3.0,40.0,33465.0,2019-09-09,No
CUST-01842,Male,0,Yes,23,No,One year,Electronic check,30.4,688.21,1.0,18.0,34925.0,2020-02-17,No
CUST-01843,Female,0,No,65,DSL,Month-to-month,Electronic check,100.78,6535.9,1.0,34.0,150639.0,2024-01-19,No
CUST-01844,Female,0,No,33,Fiber optic,Month-to-month,Electronic check,29.11,897.6,2.0,43.0,29421.0,2020-02-16,No
CUST-01845,Female,0,Yes,2,DSL,Month-to-month,Mailed check,18.0,68.3,1.0,44.0,212083.0,2023-01-11,No
CUST-01846,Male,0,Yes,6,Fiber optic,Month-to-month,Electronic check,83.69,526.31,3.0,27.0,63721.0,2023-07-11,No
CUST-01847,Female,0,No,12,No,Month-to-month,Bank transfer,55.88,,1.0,59.0,51804.0,2018-06-16,No
CUST-01848,Male,0,Yes,4,Fiber optic,One year,Bank transfer,58.47,195.48,1.0,29.0,65234.0,2022-04-03,No
CUST-01849,Male,0,No,16,DSL,Two year,Electronic check,55.56,789.78,5.0,55.0,223676.0,2022-10-22,No
CUST-01850,Male,0,No,15,Fiber optic,Month-to-month,Bank transfer,71.95,1102.62,4.0,47.0,27006.0,2020-10-13,Yes
CUST-01851,Female,0,No,72,DSL,One year,Electronic check,42.42,3021.03,1.0,32.0,25027.0,2021-08-26,No
CUST-01852,Female,0,No,13,No,Two year,Mailed check,109.28,1376.11,,66.0,31165.0,2019-01-15,No
CUST-01853,Female,0,No,36,Fiber optic,Month-to-month,Credit card,20.71,682.71,,25.0,49975.0,2020-01-17,No
CUST-01854,Male,0,No,68,Fiber optic,One year,Bank transfer,78.35,5314.03,0.0,54.0,17405.0,2022-07-17,No
CUST-01855,Male,0,Yes,50,DSL,Month-to-month,Electronic check,84.26,4291.87,1.0,56.0,49682.0,2021-11-12,No
CUST-01856,Male,1,No,5,DSL,One year,Credit card,42.21,185.78,,32.0,135418.0,2018-11-16,No
CUST-01857,Male,0,No,16,Fiber optic,Month-to-month,Bank transfer,34.29,494.15,0.0,61.0,,2024-05-03,Yes
CUST-01858,Male,0,No,10,Fiber optic,Two year,Mailed check,95.52,987.8,1.0,38.0,41125.0,2024-01-07,Yes
CUST-01859,Male,0,No,12,DSL,Month-to-month,Bank transfer,35.27,431.88,1.0,46.0,33830.0,2019-06-10,No
CUST-01860,Male,0,No,10,No,One year,Electronic check,46.8,362.03,2.0,45.0,84044.0,2023-08-13,Yes
CUST-01861,Male,0,Yes,42,DSL,Month-to-month,Bank transfer,91.62,3881.16,1.0,40.0,29866.0,2019-09-18,No
CUST-01862,Male,0,No,14,DSL,One year,Bank transfer,66.04,1030.98,3.0,53.0,148425.0,2021-08-13,No
CUST-01863,Female,0,No,17,DSL,Month-to-month,Credit card,18.0,175.97,1.0,53.0,156375.0,2023-01-07,No
CUST-01864,Female,0,No,72,DSL,Month-to-month,Electronic check,117.41,8391.73,1.0,18.0,57185.0,2020-03-17,No
CUST-01865,Female,0,No,1,Fiber optic,Month-to-month,Mailed check,49.1,0.0,3.0,60.0,48683.0,2021-07-24,No
CUST-01866,Male,0,Yes,16,Fiber optic,Month-to-month,Credit card,52.92,842.95,1.0,18.0,90980.0,2020-11-21,Yes
CUST-01867,Male,0,No,35,DSL,One year,Electronic check,72.67,2592.97,1.0,56.0,94549.0,2022-11-17,No
CUST-01868,Male,0,Yes,3,DSL,Month-to-month,Credit card,83.75,256.53,2.0,57.0,30224.0,2021-01-26,Yes
CUST-01869,Male,0,No,22,DSL,One year,Electronic check,120.0,2709.6,1.0,26.0,35741.0,2021-08-21,No
CUST-01870,Female,0,No,6,DSL,Month-to-month,Electronic check,18.0,149.53,0.0,36.0,22172.0,2023-06-05,No
CUST-01871,Male,0,Yes,48,DSL,Month-to-month,Electronic check,89.78,4394.55,2.0,26.0,62657.0,2022-06-25,Yes
CUST-01872,Female,0,Yes,9,DSL,Month-to-month,Bank transfer,87.29,843.62,1.0,38.0,73128.0,2021-05-20,Yes
CUST-01873,Female,1,Yes,9,DSL,Two year,Electronic check,60.89,527.86,1.0,37.0,21808.0,2020-12-16,No
CUST-01874,Female,0,No,21,Fiber optic,One year,Mailed check,88.62,,1.0,52.0,37304.0,2018-10-25,Yes
CUST-01875,Female,0,Yes,4,DSL,Month-to-month,Electronic check,93.03,,4.0,60.0,21843.0,2018-05-13,Yes
CUST-01876,Female,0,Yes,8,Fiber optic,One year,Electronic check,23.54,176.79,2.0,61.0,,2024-02-11,Yes
CUST-01877,Female,0,Yes,12,DSL,Two year,Mailed check,117.49,1412.97,0.0,34.0,68227.0,2019-03-14,No
CUST-01878,Female,0,No,10,Fiber optic,Month-to-month,Electronic check,18.24,178.15,0.0,39.0,31568.0,2019-10-11,No
CUST-01879,Female,0,Yes,17,Fiber optic,One year,Electronic check,30.94,593.09,1.0,18.0,40925.0,2021-12-02,No
CUST-01880,Male,0,No,21,Fiber optic,Month-to-month,Mailed check,57.15,1183.64,3.0,30.0,18464.0,2023-04-24,No
CUST-01881,Male,0,Yes,20,DSL,Month-to-month,Bank transfer,120.0,2353.4,1.0,55.0,54841.0,2023-05-07,Yes
CUST-01882,Male,0,Yes,25,DSL,Month-to-month,Electronic check,55.75,1350.27,1.0,64.0,47735.0,2023-04-28,Yes
CUST-01883,Male,0,Yes,8,No,One year,Mailed check,64.04,545.08,0.0,24.0,31654.0,2024-04-10,No
CUST-01884,Female,0,No,3,Fiber optic,Month-to-month,Electronic check,107.96,253.72,0.0,33.0,43765.0,2018-05-11,No
CUST-01885,Male,0,No,34,DSL,Month-to-month,Mailed check,55.99,1893.6,3.0,41.0,54621.0,2020-07-25,No
CUST-01886,Male,0,Yes,45,No,Month-to-month,Credit card,29.65,1400.63,0.0,45.0,30063.0,2023-11-11,No
CUST-01887,Male,1,No,7,Fiber optic,Month-to-month,Credit card,52.48,381.99,0.0,30.0,20216.0,2020-12-30,No
CUST-01888,Female,1,Yes,12,No,Month-to-month,Electronic check,106.12,1269.71,1.0,47.0,144834.0,2023-08-04,No
CUST-01889,Male,0,No,16,DSL,One year,Bank transfer,67.13,1072.28,0.0,35.0,33524.0,2018-02-11,No
CUST-01890,Male,0,No,18,DSL,Month-to-month,Bank transfer,120.0,2108.52,2.0,41.0,46255.0,2021-03-27,No
CUST-01891,Female,0,Yes,25,Fiber optic,Two year,Credit card,87.14,2135.64,3.0,49.0,89904.0,2023-12-02,No
CUST-01892,Female,0,No,1,Fiber optic,Month-to-month,Credit card,45.66,35.9,2.0,42.0,407352.0,2019-09-05,Yes
CUST-01893,Female,0,No,30,DSL,One year,Mailed check,66.53,2009.46,2.0,35.0,23232.0,2023-12-19,No
CUST-01894,Female,0,Yes,1,Fiber optic,Month-to-month,Credit card,39.4,86.81,2.0,40.0,64208.0,2018-01-20,No
CUST-01895,Female,1,No,15,Fiber optic,One year,Credit card,44.95,678.88,1.0,40.0,32063.0,2018-07-04,No
CUST-01896,Male,1,Yes,42,DSL,Two year,Mailed check,120.0,5107.64,0.0,36.0,35480.0,2021-01-22,No
CUST-01897,Male,0,Yes,14,Fiber optic,Month-to-month,Mailed check,95.56,1418.1,1.0,38.0,31820.0,2018-09-07,No
CUST-01898,Female,0,Yes,3,Fiber optic,One year,Bank transfer,90.83,312.25,1.0,64.0,24949.0,2019-06-13,No
CUST-01899,Male,0,No,72,Fiber optic,Month-to-month,Mailed check,46.3,3394.85,0.0,49.0,47821.0,2019-11-29,Yes
CUST-01900,Male,0,No,52,DSL,Month-to-month,Bank transfer,112.09,5779.14,2.0,37.0,20237.0,2021-02-02,No
CUST-01901,Female,0,No,35,Fiber optic,Two year,Mailed check,97.98,3371.84,2.0,51.0,86515.0,2020-07-03,Yes
CUST-01902,Female,0,Yes,12,DSL,Month-to-month,Electronic check,120.0,,3.0,37.0,50665.0,2023-12-01,No
CUST-01903,Male,0,Yes,4,No,Month-to-month,Credit card,119.99,412.9,3.0,58.0,63162.0,2023-09-07,No
CUST-01904,Male,1,No,68,Fiber optic,Month-to-month,Credit card,20.63,1388.32,1.0,47.0,37059.0,2022-10-19,No
CUST-01905,Male,0,No,18,Fiber optic,Month-to-month,Electronic check,31.7,609.16,0.0,40.0,39327.0,2022-03-25,Yes
CUST-01906,Female,0,No,45,No,Two year,Bank transfer,34.89,,0.0,48.0,58252.0,2019-04-24,No
CUST-01907,Male,0,No,10,DSL,Month-to-month,Mailed check,36.68,354.09,1.0,20.0,24381.0,2021-11-11,No
CUST-01908,Male,0,No,9,Fiber optic,One year,Bank transfer,74.7,639.8,1.0,26.0,39545.0,2018-12-11,No
CUST-01909,Female,0,No,72,Fiber optic,Month-to-month,Mailed check,48.0,3472.02,5.0,25.0,29267.0,2020-11-26,No
CUST-01910,Female,1,No,17,No,Month-to-month,Bank transfer,120.0,1986.32,1.0,44.0,28728.0,2020-12-17,No
CUST-01911,Female,0,No,3,Fiber optic,One year,Mailed check,120.0,351.34,2.0,66.0,15000.0,2022-06-04,No
CUST-01912,Female,1,No,5,Fiber optic,One year,Credit card,64.81,323.65,0.0,73.0,109490.0,2023-05-11,No
CUST-01913,Male,0,No,15,DSL,Month-to-month,Bank transfer,,1798.6,1.0,50.0,32470.0,2020-01-21,No
CUST-01914,Female,0,Yes,1,DSL,Two year,Mailed check,109.64,114.07,1.0,49.0,98521.0,2018-04-07,No
CUST-01915,Female,0,No,14,DSL,Month-to-month,Bank transfer,51.48,678.99,3.0,18.0,93085.0,2018-04-21,No
CUST-01916,Female,1,No,13,Fiber optic,Month-to-month,Credit card,18.0,197.65,2.0,34.0,22660.0,2023-08-12,Yes
CUST-01917,Male,0,No,36,Fiber optic,Two year,Electronic check,58.46,2067.2,,30.0,25513.0,2021-02-13,No
CUST-01918,Male,0,No,10,DSL,One year,Mailed check,45.66,375.6,4.0,33.0,227817.0,2019-08-05,Yes
CUST-01919,Male,0,Yes,72,Fiber optic,Two year,Credit card,71.2,5143.49,2.0,39.0,140162.0,2018-03-17,No
CUST-01920,Female,0,No,4,No,One year,Bank transfer,67.68,315.45,0.0,35.0,48102.0,2021-05-23,No
CUST-01921,Male,1,No,21,DSL,Month-to-month,Credit card,66.89,1444.51,1.0,18.0,57206.0,2018-11-18,No
CUST-01922,Female,0,Yes,2,No,One year,Electronic check,80.71,148.3,1.0,52.0,33573.0,2020-09-04,No
CUST-01923,Male,0,No,31,DSL,Month-to-month,Credit card,28.62,846.67,2.0,26.0,63539.0,2021-04-24,No
CUST-01924,Male,0,No,72,DSL,One year,Bank transfer,77.34,5605.7,3.0,45.0,31878.0,2019-06-22,No
CUST-01925,Female,0,Yes,41,No,One year,Credit card,51.81,2156.16,4.0,71.0,15000.0,2019-04-11,Yes
CUST-01926,Female,1,Yes,19,Fiber optic,Two year,Bank transfer,71.0,1359.87,3.0,29.0,22182.0,2018-02-16,No
CUST-01927,Male,0,Yes,15,No,One year,Electronic check,93.72,1493.02,4.0,18.0,49645.0,2021-10-03,Yes
CUST-01928,Female,0,Yes,43,Fiber optic,Month-to-month,Mailed check,28.27,1214.29,2.0,37.0,,2019-04-15,No
CUST-01929,Female,0,No,65,No,Month-to-month,Mailed check,56.56,3663.56,3.0,57.0,47081.0,2023-08-20,Yes
CUST-01930,Male,0,No,72,DSL,Month-to-month,Mailed check,61.44,4403.69,0.0,69.0,25724.0,2021-11-15,No
CUST-01931,Female,0,Yes,12,Fiber optic,One year,Bank transfer,49.57,516.8,1.0,,30656.0,2021-07-27,No
CUST-01932,Male,0,Yes,72,No,One year,Bank transfer,91.99,6656.35,1.0,48.0,81789.0,2021-03-28,Yes
CUST-01933,Female,0,Yes,4,Fiber optic,Month-to-month,Electronic check,43.39,168.29,2.0,35.0,56868.0,2019-05-20,Yes
CUST-01934,Male,1,No,7,DSL,Two year,Bank transfer,48.34,363.88,2.0,40.0,48737.0,2024-03-21,No
CUST-01935,Male,0,No,2,DSL,Two year,Electronic check,43.7,179.49,2.0,79.0,83064.0,2024-03-15,No
CUST-01936,Male,1,Yes,7,No,Two year,Electronic check,97.76,664.78,1.0,20.0,65405.0,2020-01-23,No
CUST-01937,Male,1,No,35,Fiber optic,Month-to-month,Mailed check,50.23,1641.15,2.0,45.0,116767.0,2022-12-24,No
CUST-01938,Male,0,No,46,Fiber optic,One year,Bank transfer,78.8,3648.85,1.0,48.0,37200.0,2018-10-07,No
CUST-01939,Male,0,No,36,Fiber optic,Two year,Credit card,120.0,4328.34,0.0,57.0,37881.0,2023-01-03,No
CUST-01940,Female,1,Yes,23,No,One year,Mailed check,62.76,1406.86,0.0,43.0,22456.0,2019-11-02,Yes
CUST-01941,Male,0,No,17,Fiber optic,Month-to-month,Credit card,98.36,1691.98,1.0,46.0,37896.0,2019-11-09,No
CUST-01942,Male,0,No,29,No,Two year,Electronic check,115.14,3378.36,2.0,36.0,87453.0,2021-04-03,No
CUST-01943,Male,1,Yes,11,Fiber optic,Two year,Credit card,95.82,1006.69,3.0,45.0,106936.0,2020-07-08,No
CUST-01944,Male,0,No,44,Fiber optic,One year,Credit card,64.5,2822.93,1.0,37.0,87219.0,2018-10-04,Yes
CUST-01945,Male,0,No,27,DSL,Month-to-month,Bank transfer,84.26,2348.86,0.0,50.0,16705.0,2021-10-21,Yes
CUST-01946,Male,0,No,28,DSL,Month-to-month,Electronic check,26.38,702.56,3.0,36.0,93890.0,2019-05-17,Yes
CUST-01947,Female,0,No,18,No,One year,Mailed check,41.6,752.13,0.0,47.0,16266.0,2020-11-07,No
CUST-01948,Male,0,Yes,51,DSL,Month-to-month,Electronic check,46.86,2258.64,1.0,41.0,84025.0,2019-06-26,Yes
CUST-01949,Male,1,No,6,DSL,One year,Bank transfer,120.0,645.91,0.0,57.0,39313.0,2023-07-03,No
CUST-01950,Male,0,Yes,11,Fiber optic,Month-to-month,Electronic check,,454.7,2.0,41.0,74721.0,2020-03-02,No
CUST-01951,Male,0,No,36,Fiber optic,Month-to-month,Mailed check,40.18,1507.88,3.0,18.0,22038.0,2023-09-11,No
CUST-01952,Male,0,Yes,16,DSL,Month-to-month,Electronic check,33.68,470.78,3.0,59.0,98982.0,2020-02-04,No
CUST-01953,Female,0,Yes,52,Fiber optic,Month-to-month,Electronic check,81.79,4256.81,3.0,29.0,20353.0,2019-02-25,No
CUST-01954,Female,0,No,10,Fiber optic,One year,Electronic check,69.28,674.01,2.0,32.0,32824.0,2021-09-13,Yes
CUST-01955,Male,0,No,11,No,Month-to-month,Electronic check,97.6,,1.0,33.0,26933.0,2021-07-24,No
CUST-01956,Male,0,No,52,Fiber optic,One year,Bank transfer,85.14,4366.39,0.0,,17110.0,2021-12-21,No
CUST-01957,Male,0,No,14,Fiber optic,One year,Electronic check,23.59,351.76,2.0,18.0,51881.0,2019-12-09,No
CUST-01958,Male,0,No,17,Fiber optic,Month-to-month,Bank transfer,40.78,660.58,0.0,85.0,144878.0,2020-01-20,No
CUST-01959,Male,0,No,9,DSL,Two year,Bank transfer,105.96,964.79,2.0,56.0,242836.0,2019-07-11,No
CUST-01960,Female,1,Yes,7,DSL,One year,Electronic check,58.9,,2.0,45.0,51963.0,2023-12-16,Yes
CUST-01961,Female,0,No,25,DSL,One year,Electronic check,100.63,2503.16,1.0,41.0,95799.0,2022-05-20,No
CUST-01962,Female,0,Yes,3,No,Two year,Bank transfer,60.51,205.42,3.0,45.0,56345.0,2022-11-07,No
CUST-01963,Male,0,No,50,No,Month-to-month,Credit card,35.97,1800.68,0.0,49.0,66126.0,2019-03-31,No
CUST-01964,Female,0,No,36,Fiber optic,Month-to-month,Mailed check,55.9,2005.76,0.0,51.0,39923.0,2022-03-31,Yes
CUST-01965,Male,0,No,5,DSL,Month-to-month,Mailed check,35.96,161.98,0.0,49.0,55107.0,2022-11-22,No
CUST-01966,Female,0,No,28,DSL,Month-to-month,Bank transfer,48.03,1348.72,0.0,43.0,67676.0,2020-03-13,No
CUST-01967,Male,0,Yes,22,DSL,One year,Credit card,71.03,1573.76,2.0,39.0,34645.0,2019-01-05,No
CUST-01968,Male,0,No,4,No,One year,Credit card,80.35,271.94,0.0,39.0,46793.0,2022-06-22,No
CUST-01969,Male,0,Yes,7,Fiber optic,Month-to-month,Mailed check,18.0,108.53,0.0,39.0,47332.0,2021-12-02,No
CUST-01970,Male,0,No,12,No,Month-to-month,Electronic check,64.48,721.0,3.0,57.0,80486.0,2021-09-10,No
CUST-01971,Female,0,No,28,Fiber optic,Month-to-month,Bank transfer,47.4,1325.21,,50.0,25858.0,2019-03-04,No
CUST-01972,Male,0,No,24,Fiber optic,Month-to-month,Electronic check,45.55,1063.58,4.0,18.0,47528.0,2019-09-08,Yes
CUST-01973,Female,0,Yes,18,Fiber optic,One year,Mailed check,68.98,1280.18,1.0,51.0,154384.0,2022-01-04,Yes
CUST-01974,Female,0,No,35,DSL,One year,Bank transfer,48.49,1730.79,1.0,44.0,98561.0,2021-12-08,No
CUST-01975,Female,0,Yes,34,Fiber optic,Month-to-month,Bank transfer,106.46,3573.5,0.0,41.0,110139.0,2021-07-23,Yes
CUST-01976,Female,0,No,23,No,Month-to-month,Bank transfer,100.64,2314.6,3.0,36.0,49744.0,2022-12-05,No
CUST-01977,Male,0,Yes,37,Fiber optic,Month-to-month,Electronic check,100.45,3748.58,0.0,57.0,59432.0,2023-03-24,No
CUST-01978,Male,0,No,9,Fiber optic,One year,Credit card,50.15,442.58,5.0,55.0,89441.0,2019-10-10,Yes
CUST-01979,Male,0,Yes,51,Fiber optic,Two year,Electronic check,36.13,1806.22,0.0,31.0,125010.0,2019-01-05,No
CUST-01980,Male,1,Yes,22,Fiber optic,Month-to-month,Electronic check,67.46,1429.5,0.0,47.0,15199.0,2019-04-17,No
CUST-01981,Female,0,No,41,Fiber optic,Two year,Bank transfer,60.49,2522.8,1.0,28.0,22264.0,2019-10-22,No
CUST-01982,Female,0,Yes,18,DSL,Two year,Credit card,46.74,886.46,2.0,22.0,107545.0,2024-01-30,No
CUST-01983,Female,0,Yes,5,No,Month-to-month,Bank transfer,29.73,138.25,,33.0,41517.0,2018-11-18,Yes
CUST-01984,Male,0,No,18,DSL,Two year,Bank transfer,63.75,1185.81,1.0,54.0,32760.0,2023-08-21,No
CUST-01985,Female,1,Yes,11,Fiber optic,Month-to-month,Mailed check,52.88,433.42,3.0,55.0,23098.0,2019-04-22,No
CUST-01986,Male,0,Yes,28,DSL,Two year,Electronic check,85.65,2464.58,3.0,49.0,35136.0,2020-03-27,No
CUST-01987,Male,0,Yes,15,DSL,One year,Bank transfer,84.95,1266.4,1.0,52.0,21132.0,2018-10-22,No
CUST-01988,Female,1,Yes,43,Fiber optic,Month-to-month,Mailed check,98.02,4221.95,0.0,49.0,171898.0,2018-08-31,No
CUST-01989,Male,0,No,27,No,Two year,Credit card,27.22,718.91,1.0,33.0,48365.0,2018-08-11,No
CUST-01990,Female,0,Yes,27,Fiber optic,Month-to-month,Electronic check,77.03,2149.6,2.0,48.0,47345.0,2020-03-14,No
CUST-01991,Female,0,No,5,DSL,Two year,Electronic check,43.18,162.86,0.0,53.0,69762.0,2021-05-12,No
CUST-01992,Female,0,No,72,Fiber optic,Month-to-month,Mailed check,28.39,2117.8,0.0,52.0,87326.0,2019-04-16,No
CUST-01993,Male,0,No,44,DSL,One year,Mailed check,52.14,2313.97,0.0,58.0,86468.0,2023-12-26,No
CUST-01994,Female,0,Yes,37,Fiber optic,Month-to-month,Mailed check,97.06,3622.35,0.0,51.0,93355.0,2021-10-05,No
CUST-01995,Male,0,No,9,DSL,Two year,Electronic check,53.83,468.01,3.0,46.0,33573.0,2023-09-05,No
CUST-01996,Male,0,Yes,18,Fiber optic,Month-to-month,Electronic check,111.96,1949.87,0.0,56.0,40998.0,2018-12-15,No
CUST-01997,Male,1,No,3,DSL,Month-to-month,Credit card,81.47,290.94,0.0,41.0,77762.0,2018-12-03,No
CUST-01998,Male,0,Yes,18,DSL,One year,Mailed check,53.18,972.81,3.0,29.0,35723.0,2023-06-07,No
CUST-01999,Female,0,No,3,No,Two year,Bank transfer,99.8,367.48,0.0,39.0,48870.0,2021-08-23,No
CUST-02000,Female,0,No,19,No,Month-to-month,Mailed check,78.36,1479.15,0.0,31.0,62271.0,2024-01-09,No
CUST-02001,Female,0,Yes,25,DSL,Month-to-month,Bank transfer,37.02,904.54,1.0,32.0,78520.0,2018-12-11,No
CUST-02002,Male,0,Yes,11,DSL,Month-to-month,Bank transfer,120.0,1389.4,2.0,39.0,16871.0,2018-03-02,Yes
CUST-02003,Female,0,No,16,Fiber optic,Month-to-month,Bank transfer,72.78,1260.07,0.0,30.0,75270.0,2023-11-18,No
CUST-02004,Male,0,No,50,Fiber optic,Two year,Electronic check,65.56,3278.47,1.0,37.0,42606.0,2022-06-26,No
CUST-02005,Male,1,No,2,No,Month-to-month,Bank transfer,39.33,41.02,1.0,18.0,74942.0,2023-03-07,No
CUST-02006,Female,0,Yes,37,Fiber optic,One year,Electronic check,100.39,,0.0,44.0,78132.0,2019-11-25,Yes
CUST-02007,Female,0,No,4,DSL,One year,Bank transfer,80.52,309.38,2.0,42.0,128636.0,2018-01-08,No
CUST-02008,Male,0,Yes,0,DSL,Month-to-month,Mailed check,83.88,29.96,1.0,30.0,,2021-02-05,No
CUST-02009,Male,0,Yes,4,Fiber optic,Month-to-month,Electronic check,49.77,186.12,0.0,51.0,,2024-05-08,No
CUST-02010,Female,0,Yes,34,Fiber optic,Two year,Bank transfer,90.02,3138.88,1.0,55.0,116564.0,2023-10-28,No
CUST-02011,Male,0,Yes,12,Fiber optic,Month-to-month,Electronic check,92.35,1073.23,,19.0,58385.0,2018-06-18,No
CUST-02012,Female,0,Yes,49,No,Month-to-month,Credit card,44.94,2226.09,3.0,31.0,49976.0,2019-03-16,No
CUST-02013,Female,0,No,17,DSL,Month-to-month,Electronic check,22.49,357.89,2.0,31.0,82759.0,2019-12-31,Yes
CUST-02014,Female,0,No,0,Fiber optic,One year,Credit card,82.44,0.0,2.0,28.0,76057.0,2023-04-30,No
CUST-02015,Male,0,Yes,30,No,Month-to-month,Mailed check,18.0,519.4,0.0,53.0,40723.0,2023-04-17,No
CUST-02016,Female,0,No,2,No,Two year,Electronic check,69.56,176.05,0.0,39.0,62498.0,2019-03-10,No
CUST-02017,Male,0,Yes,37,Fiber optic,One year,Electronic check,51.58,1954.38,0.0,38.0,47999.0,2021-06-03,Yes
CUST-02018,Female,0,No,4,Fiber optic,Month-to-month,Electronic check,101.56,434.13,4.0,18.0,29367.0,2021-03-21,No
CUST-02019,Male,1,No,10,Fiber optic,One year,Electronic check,53.21,526.7,0.0,50.0,106327.0,2020-08-28,No
CUST-02020,Male,0,No,34,Fiber optic,Month-to-month,Electronic check,98.22,3346.49,4.0,24.0,50671.0,2021-06-09,No
CUST-02021,Female,0,No,72,DSL,Two year,Electronic check,49.57,3613.93,2.0,42.0,167581.0,2019-11-18,No
CUST-02022,Male,0,Yes,11,Fiber optic,Month-to-month,Electronic check,95.0,1091.47,,45.0,18484.0,2021-05-30,No
CUST-02023,Female,0,Yes,42,Fiber optic,Month-to-month,Mailed check,120.0,4905.49,2.0,61.0,35099.0,2022-05-26,Yes
CUST-02024,Female,1,No,5,DSL,One year,Mailed check,32.96,151.19,4.0,23.0,49990.0,2018-05-27,No
CUST-02025,Male,0,No,39,Fiber optic,One year,Bank transfer,73.76,2865.43,1.0,18.0,96996.0,2024-03-16,Yes
CUST-02026,Male,0,Yes,25,Fiber optic,One year,Electronic check,120.0,3033.46,1.0,44.0,62297.0,2019-01-23,No
CUST-02027,Female,1,No,5,Fiber optic,Two year,Credit card,67.0,331.66,0.0,67.0,59058.0,2020-04-24,No
CUST-02028,Female,0,No,8,Fiber optic,Month-to-month,Mailed check,66.85,570.76,3.0,59.0,24925.0,2021-01-07,No
CUST-02029,Male,1,No,3,Fiber optic,Month-to-month,Bank transfer,88.65,,1.0,44.0,24485.0,2018-04-07,No
CUST-02030,Male,0,No,11,Fiber optic,Month-to-month,Electronic check,66.23,741.53,0.0,35.0,59486.0,2021-07-08,Yes
CUST-02031,Female,1,Yes,5,DSL,Two year,Bank transfer,18.0,135.01,1.0,53.0,21623.0,2023-08-01,No
CUST-02032,Female,0,No,24,DSL,Two year,Mailed check,98.97,2301.56,3.0,28.0,35627.0,2023-10-13,No
CUST-02033,Female,0,Yes,72,DSL,Two year,Credit card,18.0,1421.68,0.0,48.0,66207.0,2020-02-04,No
CUST-02034,Female,0,No,0,DSL,Month-to-month,Credit card,52.5,59.54,1.0,49.0,27190.0,2021-08-02,No
CUST-02035,Female,0,Yes,18,Fiber optic,Month-to-month,Bank transfer,101.22,1822.03,1.0,56.0,128439.0,2022-12-26,No
CUST-02036,Male,0,Yes,20,No,Month-to-month,Bank transfer,54.3,1044.58,1.0,80.0,102166.0,2019-08-16,No
CUST-02037,Male,0,Yes,58,DSL,Month-to-month,Bank transfer,44.19,2554.27,2.0,47.0,19094.0,2021-05-23,No
CUST-02038,Male,0,No,16,No,Month-to-month,Electronic check,91.38,1466.27,3.0,34.0,28017.0,2020-05-09,No
CUST-02039,Female,0,Yes,18,Fiber optic,Month-to-month,Bank transfer,39.47,732.49,3.0,41.0,,2020-06-05,No
CUST-02040,Female,0,Yes,15,,Month-to-month,Electronic check,28.33,499.98,0.0,18.0,30651.0,2018-08-09,Yes
CUST-02041,Male,0,Yes,7,DSL,Month-to-month,Bank transfer,73.24,488.88,0.0,32.0,77639.0,2020-08-11,No
CUST-02042,Female,0,Yes,1,Fiber optic,Month-to-month,Electronic check,59.51,87.65,3.0,36.0,38240.0,2019-01-12,Yes
CUST-02043,Male,0,No,12,Fiber optic,Month-to-month,Electronic check,27.69,267.66,2.0,34.0,64632.0,2019-12-07,No
CUST-02044,Female,0,No,1,DSL,One year,Mailed check,84.11,63.43,6.0,44.0,19665.0,2020-02-13,Yes
CUST-02045,Male,0,No,19,DSL,Month-to-month,Electronic check,78.93,1518.51,3.0,30.0,79125.0,2020-10-05,No
CUST-02046,Female,0,No,8,No,One year,Bank transfer,54.21,468.24,2.0,57.0,35134.0,2023-11-19,No
CUST-02047,Male,0,Yes,18,DSL,Month-to-month,Mailed check,56.26,975.02,3.0,42.0,49380.0,2022-01-18,No
CUST-02048,Female,0,Yes,3,No,Two year,Credit card,79.11,215.29,0.0,41.0,46363.0,2024-04-02,No
CUST-02049,Male,1,Yes,64,DSL,Month-to-month,Mailed check,100.71,6518.47,2.0,37.0,22858.0,2021-10-15,No
CUST-02050,Male,0,No,53,Fiber optic,Month-to-month,Bank transfer,56.52,3053.66,1.0,44.0,24542.0,2023-03-03,No
CUST-02051,Female,1,Yes,5,Fiber optic,One year,Credit card,84.64,433.62,4.0,53.0,87612.0,2023-05-09,No
CUST-02052,Male,0,No,10,Fiber optic,Two year,Electronic check,81.96,707.77,1.0,29.0,62279.0,2022-09-28,Yes
CUST-02053,Male,1,No,22,DSL,Month-to-month,Bank transfer,91.38,2135.92,3.0,,,2022-04-19,No
CUST-02054,Female,0,Yes,2,DSL,Month-to-month,Mailed check,66.18,131.36,0.0,37.0,59563.0,2020-09-06,Yes
CUST-02055,Female,0,No,10,Fiber optic,Two year,Electronic check,37.63,360.67,0.0,23.0,53412.0,2021-08-22,Yes
CUST-02056,Male,0,Yes,6,DSL,Month-to-month,Electronic check,51.13,280.66,1.0,30.0,17402.0,2019-03-30,No
CUST-02057,Female,0,No,59,Fiber optic,Month-to-month,Bank transfer,75.29,4460.93,2.0,35.0,41680.0,2021-12-19,No
CUST-02058,Female,0,Yes,45,No,Two year,Electronic check,119.55,5399.08,0.0,54.0,48221.0,2021-04-19,Yes
CUST-02059,Male,0,Yes,20,No,Two year,Electronic check,50.48,1057.13,0.0,45.0,158239.0,2023-02-28,No
CUST-02060,Female,0,Yes,17,DSL,Month-to-month,Mailed check,89.14,1469.08,1.0,44.0,74026.0,2023-10-16,No
CUST-02061,Female,1,No,64,Fiber optic,Two year,Electronic check,55.16,3514.62,1.0,53.0,123208.0,2018-11-08,No
CUST-02062,Female,0,No,64,Fiber optic,One year,Bank transfer,68.31,4473.37,1.0,40.0,70159.0,2022-06-07,No
CUST-02063,Male,1,No,72,DSL,Month-to-month,Electronic check,110.46,7964.35,0.0,47.0,31991.0,2024-02-04,No
CUST-02064,Female,0,Yes,3,Fiber optic,One year,Electronic check,87.93,255.16,1.0,40.0,,2023-11-21,No
CUST-02065,Female,0,Yes,4,DSL,One year,Mailed check,27.76,63.96,2.0,45.0,56485.0,2023-05-10,No
CUST-02066,Male,0,Yes,27,Fiber optic,One year,Mailed check,47.83,1316.71,3.0,33.0,27903.0,2018-04-24,No
CUST-02067,Female,1,No,18,,Two year,Credit card,102.69,1899.97,1.0,18.0,38924.0,2019-08-15,No
CUST-02068,Male,1,Yes,0,No,Month-to-month,Bank transfer,69.26,43.73,1.0,40.0,43327.0,2018-12-14,Yes
CUST-02069,Male,0,Yes,1,Fiber optic,One year,Credit card,30.53,17.59,0.0,61.0,128459.0,2023-12-12,Yes
CUST-02070,Female,0,Yes,52,Fiber optic,Month-to-month,Electronic check,40.43,2120.42,2.0,54.0,15000.0,2022-10-21,No
CUST-02071,Male,0,No,48,No,Month-to-month,Bank transfer,86.1,,2.0,55.0,101062.0,2021-05-30,No
CUST-02072,Male,0,Yes,10,Fiber optic,One year,Bank transfer,94.83,1001.84,0.0,59.0,27943.0,2024-04-13,No
CUST-02073,Male,0,No,53,Fiber optic,One year,Bank transfer,65.54,3434.41,0.0,43.0,21520.0,2019-04-02,No
CUST-02074,Male,0,No,21,No,Two year,Credit card,120.0,2392.7,0.0,44.0,,2022-02-12,No
CUST-02075,Male,0,Yes,39,DSL,Two year,Mailed check,89.72,,3.0,33.0,76049.0,2021-11-28,No
CUST-02076,Female,0,Yes,13,DSL,One year,Mailed check,57.7,790.03,3.0,37.0,104058.0,2020-03-08,No
CUST-02077,Male,0,Yes,2,Fiber optic,Month-to-month,Credit card,40.53,26.6,2.0,50.0,79254.0,2021-02-11,No
CUST-02078,Female,0,Yes,13,No,One year,Electronic check,35.75,464.31,1.0,58.0,,2019-07-06,No
CUST-02079,Male,0,Yes,14,DSL,Month-to-month,Electronic check,75.06,1037.66,3.0,40.0,68544.0,2022-05-06,No
CUST-02080,Male,0,No,19,Fiber optic,Month-to-month,Mailed check,,961.67,1.0,35.0,44627.0,2020-09-06,No
CUST-02081,Female,1,No,2,Fiber optic,One year,Electronic check,115.21,203.19,3.0,42.0,60219.0,2018-02-25,No
CUST-02082,Female,0,Yes,72,Fiber optic,One year,Mailed check,108.99,7911.81,1.0,50.0,,2024-02-06,No
CUST-02083,Male,0,No,6,DSL,One year,Credit card,83.99,511.34,1.0,21.0,30710.0,2021-03-20,No
CUST-02084,Female,0,No,5,No,Two year,Electronic check,29.63,104.2,0.0,18.0,33152.0,2022-07-12,Yes
CUST-02085,Male,0,No,17,No,Month-to-month,Bank transfer,44.83,807.98,0.0,34.0,40726.0,2019-04-07,Yes
CUST-02086,Female,0,No,18,Fiber optic,Month-to-month,Electronic check,102.67,1784.85,1.0,24.0,15000.0,2018-10-26,No
CUST-02087,Male,0,Yes,13,No,One year,Electronic check,48.11,689.65,0.0,34.0,53255.0,2023-10-16,No
CUST-02088,Female,0,Yes,35,No,One year,Electronic check,98.66,3502.65,2.0,39.0,15808.0,2021-10-16,No
CUST-02089,Male,0,No,17,Fiber optic,Month-to-month,Bank transfer,79.24,1416.57,3.0,35.0,50606.0,2021-03-01,No
CUST-02090,Female,0,No,22,No,Month-to-month,Electronic check,66.55,1456.19,1.0,62.0,82386.0,2021-05-06,Yes
CUST-02091,Female,0,Yes,30,No,Month-to-month,Bank transfer,43.92,1292.79,2.0,46.0,36822.0,2019-07-08,No
CUST-02092,Male,1,No,0,DSL,Two year,Bank transfer,62.17,4.2,2.0,46.0,134090.0,2023-11-09,No
CUST-02093,Male,0,No,20,DSL,Two year,Mailed check,70.69,1409.58,2.0,50.0,20408.0,2019-05-17,No
CUST-02094,Female,0,Yes,51,DSL,Month-to-month,Electronic check,95.98,4862.34,0.0,26.0,100183.0,2019-01-06,No
CUST-02095,Male,0,Yes,0,Fiber optic,Month-to-month,Electronic check,38.43,0.0,2.0,56.0,,2023-12-20,No
CUST-02096,Female,0,Yes,12,DSL,Month-to-month,Mailed check,57.12,667.12,,40.0,17507.0,2019-08-27,No
CUST-02097,Female,0,Yes,62,DSL,Month-to-month,Credit card,66.34,4054.58,2.0,51.0,249316.0,2023-07-14,No
CUST-02098,Male,0,No,10,No,Month-to-month,Bank transfer,84.88,882.7,0.0,26.0,47181.0,2022-12-15,Yes
CUST-02099,Female,0,No,14,Fiber optic,Month-to-month,Mailed check,37.75,525.89,1.0,20.0,,2020-06-13,No
CUST-02100,Male,1,No,72,No,Month-to-month,Credit card,25.5,1820.58,2.0,53.0,21072.0,2019-08-19,No
CUST-02101,Female,0,No,5,No,Month-to-month,Electronic check,85.22,370.58,1.0,47.0,42958.0,2022-11-14,No
CUST-02102,Male,0,No,1,Fiber optic,One year,Mailed check,19.46,0.0,1.0,29.0,45413.0,2021-11-01,No
CUST-02103,Female,0,Yes,47,Fiber optic,Month-to-month,Bank transfer,103.55,4963.65,2.0,29.0,52134.0,2019-08-19,No
CUST-02104,Male,0,Yes,48,DSL,Two year,Electronic check,60.32,2864.0,3.0,57.0,40999.0,2023-09-19,No
CUST-02105,Female,0,No,15,Fiber optic,Two year,Credit card,18.57,309.08,1.0,25.0,71677.0,2022-08-17,No
CUST-02106,Male,0,Yes,17,DSL,Month-to-month,Mailed check,50.59,868.16,1.0,64.0,38848.0,2023-11-01,No
CUST-02107,Male,0,Yes,43,DSL,Month-to-month,Electronic check,76.37,3145.15,1.0,29.0,15352.0,2020-10-21,Yes
CUST-02108,Male,0,No,32,DSL,Month-to-month,Electronic check,49.02,1658.26,1.0,50.0,44818.0,2018-10-28,No
CUST-02109,Male,0,No,7,Fiber optic,Month-to-month,Mailed check,65.6,493.4,3.0,37.0,15000.0,2023-12-06,No
CUST-02110,Male,0,No,0,No,Month-to-month,Bank transfer,87.2,0.0,3.0,50.0,60612.0,2021-11-10,No
CUST-02111,Male,0,No,15,DSL,One year,Credit card,58.93,882.53,1.0,34.0,27239.0,2021-11-20,No
CUST-02112,Female,0,Yes,47,Fiber optic,One year,Bank transfer,36.89,1676.37,1.0,39.0,54068.0,2021-09-30,No
CUST-02113,Male,0,No,54,Fiber optic,Month-to-month,Bank transfer,56.03,3116.93,2.0,42.0,107844.0,2021-01-11,No
CUST-02114,Female,0,Yes,72,Fiber optic,One year,Electronic check,107.45,7691.02,1.0,27.0,27743.0,2019-08-21,Yes
CUST-02115,Male,0,No,50,No,Month-to-month,Electronic check,115.55,5751.35,3.0,,92665.0,2021-12-07,No
CUST-02116,Male,0,Yes,20,DSL,Month-to-month,Bank transfer,18.0,323.52,1.0,34.0,37796.0,2022-08-11,No
CUST-02117,Male,0,No,14,DSL,One year,Credit card,97.73,1372.24,3.0,38.0,140353.0,2023-11-18,No
CUST-02118,Female,1,Yes,35,Fiber optic,Month-to-month,Bank transfer,72.5,2606.02,0.0,28.0,39375.0,2018-06-19,Yes
CUST-02119,Male,0,No,32,Fiber optic,One year,Mailed check,92.72,3056.51,1.0,18.0,29605.0,2019-08-20,Yes
CUST-02120,Female,0,Yes,18,DSL,Two year,Bank transfer,48.49,852.87,3.0,39.0,74038.0,2022-12-25,No
CUST-02121,Female,0,Yes,2,DSL,Two year,Mailed check,18.0,54.91,1.0,75.0,37741.0,2022-12-22,No
CUST-02122,Male,0,Yes,62,No,Month-to-month,Electronic check,82.53,5120.96,1.0,52.0,29588.0,2019-05-12,No
CUST-02123,Male,0,No,14,DSL,One year,Bank transfer,36.77,465.7,1.0,41.0,36801.0,2019-03-09,Yes
CUST-02124,Male,0,Yes,10,Fiber optic,Month-to-month,Mailed check,23.35,354.63,0.0,38.0,47726.0,2020-05-10,No
CUST-02125,Male,1,Yes,23,No,Two year,Mailed check,25.45,653.49,1.0,42.0,109678.0,2018-05-28,No
CUST-02126,Male,0,Yes,26,Fiber optic,Two year,Bank transfer,83.03,2168.24,4.0,49.0,15360.0,2022-09-08,No
CUST-02127,Female,0,No,5,Fiber optic,Month-to-month,Electronic check,69.18,424.99,1.0,25.0,49704.0,2022-04-19,No
CUST-02128,Female,1,Yes,43,Fiber optic,Two year,Mailed check,88.47,3864.82,1.0,57.0,71320.0,2023-07-05,No
CUST-02129,Female,0,No,8,Fiber optic,Month-to-month,Bank transfer,85.07,684.65,1.0,52.0,55053.0,2020-10-04,Yes
CUST-02130,Male,0,No,4,Fiber optic,Month-to-month,Electronic check,52.37,225.78,2.0,52.0,107572.0,2022-01-31,No
CUST-02131,Male,0,No,12,No,Month-to-month,Bank transfer,62.89,830.29,2.0,48.0,46882.0,2024-02-14,No
CUST-02132,Male,0,Yes,31,Fiber optic,Month-to-month,Mailed check,49.66,1492.15,1.0,,43882.0,2024-02-25,Yes
CUST-02133,Female,0,Yes,72,Fiber optic,Two year,Credit card,58.69,4309.36,2.0,51.0,69940.0,2018-06-16,No
CUST-02134,Female,0,Yes,39,DSL,Month-to-month,Credit card,35.98,1391.96,1.0,50.0,52030.0,2018-01-05,No
CUST-02135,Female,0,No,67,DSL,Two year,Mailed check,76.71,5215.8,0.0,37.0,38783.0,2024-02-28,No
CUST-02136,Male,0,Yes,3,Fiber optic,Two year,Electronic check,97.25,291.49,1.0,33.0,66815.0,2021-06-08,No
CUST-02137,Male,0,Yes,1,DSL,Two year,Bank transfer,40.5,57.38,2.0,43.0,33139.0,2022-06-30,No
CUST-02138,Male,0,Yes,19,No,Month-to-month,Mailed check,103.44,1963.64,2.0,63.0,33972.0,2023-11-09,No
CUST-02139,Female,0,No,8,Fiber optic,One year,Bank transfer,68.41,520.69,1.0,24.0,35710.0,2020-10-11,No
CUST-02140,Female,0,No,42,Fiber optic,One year,Electronic check,72.23,3020.16,1.0,21.0,110397.0,2020-10-29,No
CUST-02141,Male,0,No,26,Fiber optic,One year,Bank transfer,18.0,536.96,0.0,44.0,15000.0,2019-01-27,No
CUST-02142,Male,1,No,72,Fiber optic,Month-to-month,Mailed check,18.0,1180.29,0.0,42.0,62153.0,2023-10-24,No
CUST-02143,Female,0,No,7,Fiber optic,One year,Electronic check,69.32,423.29,0.0,44.0,50039.0,2022-02-26,No
CUST-02144,Female,0,No,15,Fiber optic,One year,Credit card,88.69,,2.0,45.0,17880.0,2019-02-27,Yes
CUST-02145,Male,0,No,16,Fiber optic,One year,Mailed check,44.86,663.84,2.0,38.0,59032.0,2021-08-04,No
CUST-02146,Male,1,Yes,6,No,Two year,Bank transfer,115.1,766.1,1.0,62.0,65215.0,2020-02-08,Yes
CUST-02147,Female,0,Yes,21,No,Month-to-month,Bank transfer,87.05,1890.93,1.0,19.0,69827.0,2018-12-11,No
CUST-02148,Male,0,No,14,DSL,Month-to-month,Electronic check,37.75,558.1,1.0,30.0,15000.0,2019-03-03,No
CUST-02149,Male,0,Yes,14,No,Month-to-month,Bank transfer,65.93,891.13,2.0,40.0,111283.0,2021-08-03,No
CUST-02150,Female,0,No,10,No,Month-to-month,Electronic check,120.0,1266.75,0.0,18.0,31487.0,2021-08-15,No
CUST-02151,Male,1,No,0,Fiber optic,Month-to-month,Bank transfer,27.72,0.0,4.0,39.0,74008.0,2023-01-25,No
CUST-02152,Male,0,No,17,Fiber optic,Month-to-month,Bank transfer,80.85,1481.55,0.0,65.0,76469.0,2019-08-05,No
CUST-02153,Male,0,No,9,Fiber optic,Two year,Electronic check,55.32,463.65,1.0,42.0,28969.0,2023-11-16,No
CUST-02154,Male,0,Yes,0,DSL,Two year,Mailed check,86.21,0.0,0.0,45.0,72858.0,2021-04-30,Yes
CUST-02155,Male,0,Yes,8,DSL,Month-to-month,Bank transfer,103.02,802.69,1.0,24.0,38898.0,2019-04-24,Yes
CUST-02156,Male,0,Yes,7,No,Month-to-month,Bank transfer,53.41,320.21,2.0,33.0,15000.0,2020-08-26,No
CUST-02157,Male,1,Yes,11,Fiber optic,Month-to-month,Bank transfer,98.57,1180.53,0.0,36.0,98779.0,2023-12-04,No
CUST-02158,Female,0,Yes,3,DSL,One year,Electronic check,120.0,,0.0,37.0,30790.0,2021-01-25,Yes
CUST-02159,Female,0,Yes,17,Fiber optic,One year,Bank transfer,66.99,1199.6,2.0,59.0,29357.0,2023-08-12,No
CUST-02160,Female,0,Yes,28,DSL,Month-to-month,Electronic check,88.55,2418.22,0.0,49.0,38490.0,2019-01-10,No
CUST-02161,Male,0,Yes,23,No,One year,Bank transfer,47.29,1096.72,1.0,26.0,57719.0,2023-11-12,No
CUST-02162,Male,0,Yes,39,Fiber optic,Month-to-month,Electronic check,65.58,2583.67,2.0,45.0,47364.0,2020-10-05,No
CUST-02163,Male,0,No,14,Fiber optic,Two year,Electronic check,59.7,849.34,2.0,48.0,68107.0,2024-01-03,No
CUST-02164,Male,0,No,17,DSL,Two year,Bank transfer,88.91,1453.45,,57.0,,2023-07-23,No
CUST-02165,Male,0,Yes,39,Fiber optic,Two year,Electronic check,101.14,3998.24,1.0,64.0,31400.0,2022-03-27,No
CUST-02166,Male,0,No,13,No,Month-to-month,Credit card,61.71,808.31,2.0,27.0,45725.0,2022-04-26,No
CUST-02167,Female,0,Yes,29,Fiber optic,Month-to-month,Bank transfer,111.01,3171.54,3.0,30.0,153082.0,2019-05-11,Yes
CUST-02168,Female,1,No,13,Fiber optic,Month-to-month,Credit card,110.9,1348.94,2.0,24.0,45785.0,2021-11-13,Yes
CUST-02169,Female,0,Yes,12,No,One year,Mailed check,90.41,1115.25,4.0,38.0,94007.0,2021-07-11,No
CUST-02170,Female,0,No,34,DSL,Month-to-month,Electronic check,49.52,1806.2,0.0,48.0,50168.0,2020-02-22,Yes
CUST-02171,Male,0,Yes,4,DSL,One year,Bank transfer,46.65,135.84,2.0,55.0,36673.0,2021-03-30,No
CUST-02172,Female,0,No,9,Fiber optic,One year,Electronic check,40.63,374.19,0.0,40.0,42275.0,2023-12-17,No
CUST-02173,Male,0,No,6,DSL,One year,Mailed check,93.47,616.34,1.0,37.0,44309.0,2018-01-13,No
CUST-02174,Male,0,Yes,10,DSL,Two year,Bank transfer,28.65,223.02,2.0,44.0,70416.0,2020-09-04,No
CUST-02175,Female,0,Yes,6,Fiber optic,One year,Bank transfer,85.31,487.86,1.0,30.0,111833.0,2020-02-21,No
CUST-02176,Male,0,Yes,20,Fiber optic,Month-to-month,Electronic check,32.57,608.39,3.0,71.0,60828.0,2024-03-02,Yes
CUST-02177,Male,1,Yes,38,No,One year,Bank transfer,89.71,3458.21,1.0,19.0,99932.0,2024-03-31,Yes
CUST-02178,Male,0,Yes,37,DSL,Two year,Mailed check,65.52,2490.52,2.0,44.0,27477.0,2021-10-04,No
CUST-02179,Male,0,Yes,10,No,One year,Bank transfer,105.01,1058.05,3.0,70.0,38224.0,2021-07-12,No
CUST-02180,Female,0,Yes,72,Fiber optic,One year,Electronic check,99.24,7103.19,3.0,42.0,,2023-10-18,No
CUST-02181,Male,0,Yes,21,Fiber optic,Two year,Mailed check,108.05,2246.91,0.0,39.0,59199.0,2018-01-16,No
CUST-02182,Female,0,No,12,DSL,One year,Bank transfer,108.82,1274.32,2.0,36.0,39522.0,2021-08-10,No
CUST-02183,Male,0,Yes,43,Fiber optic,Two year,Bank transfer,69.31,2931.47,0.0,39.0,75952.0,2018-02-27,No
CUST-02184,Male,0,Yes,31,No,Month-to-month,Mailed check,30.24,,1.0,61.0,28040.0,2024-03-18,No
CUST-02185,Male,1,No,33,Fiber optic,One year,Bank transfer,33.42,1131.6,3.0,18.0,50302.0,2020-01-21,No
CUST-02186,Male,0,Yes,5,DSL,Month-to-month,Electronic check,18.0,114.51,1.0,63.0,74021.0,2021-05-05,Yes
CUST-02187,Male,0,Yes,15,Fiber optic,Month-to-month,Credit card,32.49,486.94,3.0,,15000.0,2020-09-05,Yes
CUST-02188,Female,0,No,47,Fiber optic,Month-to-month,Bank transfer,67.06,3154.67,1.0,38.0,175076.0,2023-09-25,No
CUST-02189,Male,0,Yes,16,DSL,Month-to-month,Bank transfer,48.21,767.28,2.0,35.0,41361.0,2024-05-31,No
CUST-02190,Female,0,Yes,27,No,Month-to-month,Mailed check,59.6,1544.34,4.0,50.0,15000.0,2018-06-10,Yes
CUST-02191,Female,0,No,21,Fiber optic,Month-to-month,Electronic check,79.78,1683.39,1.0,19.0,53898.0,2022-09-12,No
CUST-02192,Male,0,No,44,Fiber optic,Month-to-month,Mailed check,55.88,2429.54,0.0,48.0,50014.0,2020-05-12,No
CUST-02193,Female,0,No,8,DSL,Two year,Mailed check,31.35,183.43,2.0,70.0,,2018-11-22,No
CUST-02194,Female,0,Yes,20,DSL,Month-to-month,Electronic check,63.4,1286.54,0.0,22.0,88850.0,2020-08-07,No
CUST-02195,Female,0,Yes,3,No,Month-to-month,Electronic check,38.05,83.56,1.0,44.0,76762.0,2024-05-27,Yes
CUST-02196,Male,0,No,28,DSL,Month-to-month,Bank transfer,56.88,1604.03,1.0,32.0,58613.0,2020-04-17,No
CUST-02197,Male,0,No,31,Fiber optic,Month-to-month,Electronic check,105.28,3306.06,0.0,47.0,64221.0,2019-10-12,No
CUST-02198,Female,0,Yes,1,Fiber optic,Two year,Credit card,56.88,9.37,4.0,42.0,46045.0,2023-06-06,Yes
CUST-02199,Male,0,No,27,DSL,Two year,Electronic check,118.13,3194.12,3.0,33.0,142243.0,2023-07-27,No
CUST-02200,Male,0,No,12,Fiber optic,Two year,Credit card,107.95,1204.88,1.0,48.0,20180.0,2020-03-04,No
CUST-02201,Male,1,No,3,Fiber optic,Month-to-month,Credit card,47.62,219.49,1.0,67.0,53305.0,2019-12-01,Yes
CUST-02202,Male,0,Yes,13,No,Month-to-month,Mailed check,31.67,343.76,2.0,39.0,50971.0,2022-02-25,Yes
CUST-02203,Male,0,Yes,5,Fiber optic,Month-to-month,Credit card,63.42,,1.0,52.0,79855.0,2019-04-26,Yes
CUST-02204,Male,0,Yes,12,No,One year,Credit card,99.6,1262.12,3.0,23.0,29545.0,2021-02-07,No
CUST-02205,Male,0,No,11,Fiber optic,Two year,Electronic check,50.29,541.46,3.0,28.0,17219.0,2018-11-28,No
CUST-02206,Male,0,No,32,DSL,Two year,Credit card,92.24,2891.81,2.0,48.0,53857.0,2019-12-16,No
CUST-02207,Male,0,No,35,DSL,Month-to-month,Electronic check,101.25,3579.4,0.0,62.0,,2019-11-28,Yes
CUST-02208,Female,0,No,22,No,Month-to-month,Electronic check,41.78,953.69,1.0,46.0,119821.0,2022-06-17,No
CUST-02209,Female,0,Yes,0,Fiber optic,Month-to-month,Bank transfer,44.72,0.0,2.0,37.0,22874.0,2019-10-24,Yes
CUST-02210,Male,0,No,64,Fiber optic,One year,Electronic check,86.38,5502.07,2.0,41.0,98009.0,2023-10-07,No
CUST-02211,Male,0,Yes,27,No,Month-to-month,Electronic check,69.56,1856.35,4.0,24.0,202895.0,2024-04-22,No
CUST-02212,Male,0,No,0,DSL,Month-to-month,Credit card,44.42,0.0,5.0,50.0,39079.0,2018-07-09,No
CUST-02213,Female,0,Yes,41,Fiber optic,Two year,Credit card,54.43,2136.98,0.0,54.0,22593.0,2020-07-20,No
CUST-02214,Female,0,No,5,Fiber optic,One year,Bank transfer,62.88,305.33,0.0,35.0,38400.0,2019-12-09,Yes
CUST-02215,Male,0,Yes,20,Fiber optic,Month-to-month,Mailed check,18.05,450.2,2.0,35.0,49434.0,2020-04-04,Yes
CUST-02216,Female,0,No,15,Fiber optic,Month-to-month,Credit card,87.97,1274.75,1.0,45.0,68752.0,2019-09-14,No
CUST-02217,Male,0,Yes,13,Fiber optic,One year,Electronic check,50.64,629.15,3.0,35.0,34377.0,2020-06-15,No
CUST-02218,Male,0,No,52,DSL,One year,Credit card,18.0,876.82,2.0,41.0,124631.0,2018-11-28,No
CUST-02219,Male,0,No,13,Fiber optic,One year,Mailed check,64.28,866.25,3.0,71.0,25116.0,2019-10-18,No
CUST-02220,Male,0,Yes,1,Fiber optic,Month-to-month,Credit card,42.75,102.91,2.0,38.0,17265.0,2022-10-19,Yes
CUST-02221,Female,0,No,70,No,Two year,Bank transfer,115.66,8155.22,1.0,36.0,95227.0,2020-03-17,Yes
CUST-02222,Male,1,No,60,DSL,One year,Credit card,47.44,2784.0,4.0,32.0,15000.0,2019-05-02,No
CUST-02223,Female,1,Yes,27,No,Two year,Credit card,32.07,890.88,0.0,52.0,43369.0,2018-09-12,No
CUST-02224,Female,0,Yes,15,Fiber optic,Month-to-month,Credit card,80.24,,3.0,39.0,,2020-03-26,No
CUST-02225,Male,0,Yes,2,Fiber optic,Month-to-month,Bank transfer,45.19,115.86,1.0,32.0,48667.0,2022-02-16,Yes
CUST-02226,Female,1,No,37,Fiber optic,Month-to-month,Credit card,41.62,1563.86,0.0,60.0,25022.0,2019-08-17,No
CUST-02227,Male,0,No,1,Fiber optic,Two year,Bank transfer,80.29,56.71,1.0,61.0,47361.0,2020-09-16,Yes
CUST-02228,Male,0,No,1,Fiber optic,Month-to-month,Electronic check,33.79,44.8,2.0,33.0,47549.0,2024-02-10,Yes
CUST-02229,Female,0,Yes,18,No,Month-to-month,Bank transfer,21.28,444.86,1.0,18.0,53981.0,2021-07-18,No
CUST-02230,Female,0,No,4,Fiber optic,Month-to-month,Electronic check,116.78,483.53,1.0,56.0,72937.0,2021-05-31,Yes
CUST-02231,Male,0,Yes,0,No,One year,Credit card,82.38,0.0,0.0,32.0,26279.0,2020-08-18,No
CUST-02232,Male,0,Yes,13,Fiber optic,Two year,Electronic check,57.07,719.11,3.0,53.0,134932.0,2021-07-28,Yes
CUST-02233,Male,0,Yes,3,No,Two year,Credit card,64.9,,0.0,18.0,56787.0,2024-04-25,No
CUST-02234,Female,0,Yes,4,DSL,One year,Mailed check,80.18,336.96,2.0,54.0,75816.0,2019-08-18,Yes
CUST-02235,Female,0,Yes,1,Fiber optic,Two year,Electronic check,94.2,100.15,1.0,25.0,33627.0,2024-01-16,Yes
CUST-02236,Female,0,No,5,No,Month-to-month,Credit card,42.32,183.9,0.0,52.0,106067.0,2018-12-16,No
CUST-02237,Male,1,No,30,No,Two year,Electronic check,75.98,2338.83,1.0,42.0,42014.0,2018-09-18,No
CUST-02238,Female,0,Yes,39,Fiber optic,Month-to-month,Mailed check,49.8,2025.32,0.0,28.0,57903.0,2022-03-14,No
CUST-02239,Male,0,No,14,DSL,Month-to-month,Bank transfer,59.33,893.78,1.0,36.0,28004.0,2019-08-12,No
CUST-02240,Male,0,Yes,16,Fiber optic,Month-to-month,Electronic check,69.82,1189.25,0.0,51.0,26952.0,2020-11-07,No
CUST-02241,Female,0,Yes,0,DSL,Month-to-month,Mailed check,64.8,0.0,2.0,43.0,74081.0,2022-09-06,No
CUST-02242,Female,0,No,1,DSL,Month-to-month,Bank transfer,87.07,62.06,2.0,50.0,37565.0,2021-06-07,No
CUST-02243,Female,0,Yes,7,DSL,Month-to-month,Credit card,79.61,549.45,0.0,69.0,29369.0,2018-02-02,No
CUST-02244,Female,0,Yes,18,DSL,Month-to-month,Electronic check,19.75,,0.0,20.0,33325.0,2019-12-18,No
CUST-02245,Female,0,Yes,32,Fiber optic,Month-to-month,Electronic check,24.27,848.19,2.0,64.0,74560.0,2018-06-01,No
CUST-02246,Male,0,Yes,22,Fiber optic,Month-to-month,Mailed check,53.91,1244.31,2.0,43.0,33609.0,2023-12-10,No
CUST-02247,Female,1,Yes,11,DSL,Two year,Mailed check,119.86,1345.38,1.0,29.0,45679.0,2023-02-05,No
CUST-02248,Male,0,Yes,3,Fiber optic,Two year,Mailed check,39.45,46.79,1.0,23.0,,2024-04-24,No
CUST-02249,Male,0,No,36,DSL,Two year,Electronic check,58.75,2030.6,1.0,39.0,15515.0,2023-09-05,No
CUST-02250,Male,0,Yes,10,DSL,One year,Bank transfer,48.91,501.12,1.0,54.0,20278.0,2021-01-18,No
CUST-02251,Female,1,No,31,Fiber optic,One year,Credit card,48.38,1543.79,1.0,40.0,59980.0,2023-08-30,No
CUST-02252,Female,0,Yes,17,Fiber optic,Two year,Electronic check,70.35,1191.97,0.0,63.0,31501.0,2022-04-25,No
CUST-02253,Male,1,No,32,Fiber optic,One year,Electronic check,107.02,3520.39,0.0,21.0,92414.0,2021-05-14,No
CUST-02254,Female,0,Yes,57,DSL,Month-to-month,Bank transfer,78.68,4430.64,0.0,41.0,87560.0,2020-05-18,No
CUST-02255,Male,0,Yes,60,Fiber optic,Month-to-month,Electronic check,40.89,2392.98,4.0,24.0,75470.0,2022-05-15,No
CUST-02256,Male,1,Yes,18,DSL,Month-to-month,Bank transfer,120.0,2126.79,0.0,47.0,146073.0,2021-10-14,No
CUST-02257,Male,0,Yes,17,DSL,Two year,Electronic check,67.36,1110.01,3.0,54.0,46636.0,2021-12-10,No
CUST-02258,Male,0,Yes,7,Fiber optic,One year,Mailed check,47.68,360.07,0.0,36.0,72354.0,2020-07-25,No
CUST-02259,Male,0,No,65,Fiber optic,Month-to-month,Mailed check,107.36,6957.31,0.0,18.0,34522.0,2022-09-29,No
CUST-02260,Female,0,Yes,14,DSL,Month-to-month,Electronic check,50.93,635.63,2.0,44.0,213506.0,2018-07-10,No
CUST-02261,Male,0,No,3,DSL,Month-to-month,Credit card,114.89,389.25,4.0,48.0,161164.0,2022-08-29,No
CUST-02262,Female,0,Yes,13,DSL,One year,Credit card,38.88,417.44,3.0,47.0,49371.0,2022-09-09,No
CUST-02263,Male,1,Yes,3,Fiber optic,One year,Mailed check,107.9,270.14,1.0,59.0,61818.0,2021-04-23,Yes
CUST-02264,Female,0,Yes,16,DSL,Month-to-month,Bank transfer,71.03,1055.34,0.0,27.0,110810.0,2019-09-09,No
CUST-02265,Female,0,No,19,DSL,Month-to-month,Electronic check,103.73,1981.23,3.0,51.0,44878.0,2021-05-01,No
CUST-02266,Female,0,No,9,No,One year,Bank transfer,120.0,1089.3,2.0,58.0,33058.0,2018-10-16,No
CUST-02267,Male,0,Yes,1,DSL,Two year,Bank transfer,31.02,126.84,3.0,18.0,82817.0,2019-10-31,No
CUST-02268,Male,0,Yes,68,Fiber optic,Two year,Electronic check,103.27,7068.05,4.0,46.0,51383.0,2020-09-14,Yes
CUST-02269,Female,0,Yes,35,No,Month-to-month,Electronic check,22.73,867.63,1.0,34.0,54709.0,2022-04-27,No
CUST-02270,Male,0,No,43,DSL,Month-to-month,Electronic check,33.58,1458.37,0.0,40.0,29715.0,2019-03-15,Yes
CUST-02271,Male,0,Yes,10,Fiber optic,Month-to-month,Electronic check,40.9,360.15,1.0,46.0,17490.0,2019-01-06,No
CUST-02272,Female,1,No,34,Fiber optic,One year,Bank transfer,80.11,2730.15,3.0,35.0,56482.0,2021-11-25,No
CUST-02273,Male,0,No,15,No,One year,Credit card,65.99,1019.47,2.0,32.0,,2022-05-12,No
CUST-02274,Female,0,No,5,No,Month-to-month,Bank transfer,59.99,335.14,3.0,42.0,42809.0,2018-07-16,Yes
CUST-02275,Male,1,No,3,Fiber optic,One year,Mailed check,69.39,184.55,2.0,26.0,116059.0,2018-03-19,Yes
CUST-02276,Male,0,No,10,DSL,Month-to-month,Mailed check,82.74,851.84,2.0,26.0,32133.0,2018-12-11,No
CUST-02277,Male,0,Yes,3,Fiber optic,Two year,Mailed check,85.05,208.5,3.0,51.0,26034.0,2023-10-13,No
CUST-02278,Male,0,Yes,72,No,Month-to-month,Bank transfer,97.83,6991.6,1.0,25.0,,2022-04-25,Yes
CUST-02279,Male,0,No,1,DSL,Month-to-month,Mailed check,119.6,63.81,1.0,51.0,46650.0,2023-11-28,No
CUST-02280,Female,1,Yes,13,No,One year,Electronic check,64.36,837.91,3.0,48.0,,2022-04-07,No
CUST-02281,Female,0,No,14,No,One year,Bank transfer,49.37,632.29,0.0,18.0,30792.0,2024-03-11,No
CUST-02282,Female,1,Yes,8,DSL,One year,Mailed check,83.41,646.04,3.0,32.0,111397.0,2020-10-25,No
CUST-02283,Male,1,Yes,20,Fiber optic,Two year,Electronic check,30.67,658.55,1.0,58.0,,2021-11-04,No
CUST-02284,Female,0,No,3,DSL,Month-to-month,Electronic check,44.64,82.46,2.0,28.0,47882.0,2021-11-09,No
CUST-02285,Female,0,Yes,36,Fiber optic,Month-to-month,Electronic check,94.98,3394.06,3.0,35.0,103759.0,2018-01-08,No
CUST-02286,Male,0,No,9,Fiber optic,Two year,Mailed check,61.28,555.1,1.0,48.0,26006.0,2018-03-06,No
CUST-02287,Male,1,No,21,Fiber optic,One year,Mailed check,28.75,616.09,0.0,52.0,93445.0,2018-12-07,No
CUST-02288,Female,0,No,30,Fiber optic,Month-to-month,Electronic check,20.31,584.34,1.0,38.0,91891.0,2021-04-12,No
CUST-02289,Female,0,Yes,52,Fiber optic,One year,Electronic check,66.46,3495.26,0.0,33.0,82294.0,2020-10-05,No
CUST-02290,Female,0,No,43,Fiber optic,One year,Electronic check,99.26,4297.7,3.0,61.0,48565.0,2021-06-18,No
CUST-02291,Female,0,No,22,Fiber optic,Month-to-month,Credit card,98.86,2231.91,2.0,66.0,15000.0,2023-02-19,No
CUST-02292,Male,0,Yes,11,No,Month-to-month,Electronic check,68.33,747.55,3.0,55.0,33355.0,2023-04-11,No
CUST-02293,Female,0,Yes,16,Fiber optic,Month-to-month,Electronic check,120.0,1894.36,,43.0,33672.0,2024-04-08,No
CUST-02294,Male,0,Yes,35,Fiber optic,Month-to-month,Bank transfer,61.86,2130.97,2.0,30.0,27256.0,2021-07-30,No
CUST-02295,Male,0,Yes,50,Fiber optic,Two year,Electronic check,60.84,3057.35,1.0,30.0,,2020-03-24,No
CUST-02296,Female,0,Yes,2,DSL,Month-to-month,Bank transfer,18.0,17.14,0.0,49.0,38124.0,2019-12-23,No
CUST-02297,Female,0,No,11,DSL,Month-to-month,Electronic check,51.58,538.92,1.0,47.0,29888.0,2020-03-09,No
CUST-02298,Female,0,No,35,Fiber optic,One year,Credit card,90.56,3147.19,2.0,61.0,25970.0,2020-01-29,No
CUST-02299,Female,0,No,13,Fiber optic,One year,Credit card,111.92,1420.78,1.0,51.0,31910.0,2020-07-09,No
CUST-02300,Male,0,Yes,9,Fiber optic,One year,Bank transfer,40.09,370.76,1.0,20.0,96076.0,2018-06-25,No
CUST-02301,Male,0,Yes,12,No,Month-to-month,Bank transfer,78.87,875.81,1.0,56.0,32971.0,2022-01-24,No
CUST-02302,Male,0,No,22,Fiber optic,Two year,Mailed check,96.41,2136.17,1.0,28.0,35991.0,2021-08-23,No
CUST-02303,Female,0,No,72,Fiber optic,One year,Credit card,65.34,4738.31,0.0,36.0,37271.0,2020-12-18,Yes
CUST-02304,Female,1,No,16,No,Month-to-month,Mailed check,18.0,258.96,0.0,45.0,60077.0,2018-07-10,No
CUST-02305,Female,0,No,5,Fiber optic,Two year,Electronic check,72.42,458.2,1.0,69.0,64456.0,2018-08-07,No
CUST-02306,Female,1,No,4,Fiber optic,Month-to-month,Electronic check,87.84,352.24,0.0,85.0,15000.0,2021-07-01,No
CUST-02307,Female,0,Yes,1,No,Two year,Electronic check,36.58,0.0,3.0,,90488.0,2018-03-27,Yes
CUST-02308,Female,0,Yes,19,Fiber optic,One year,Bank transfer,57.38,1076.16,0.0,39.0,116055.0,2022-08-26,No
CUST-02309,Male,1,Yes,18,Fiber optic,Two year,Electronic check,30.34,549.25,0.0,49.0,26105.0,2024-05-17,No
CUST-02310,Male,0,Yes,5,No,Month-to-month,Bank transfer,18.0,112.45,0.0,54.0,27354.0,2021-10-31,Yes
CUST-02311,Female,0,No,28,Fiber optic,Two year,Mailed check,95.81,2669.81,2.0,37.0,37415.0,2022-08-22,No
CUST-02312,Male,0,No,32,DSL,One year,Credit card,64.89,2025.9,2.0,67.0,31144.0,2020-10-25,No
CUST-02313,Female,0,Yes,7,No,One year,Bank transfer,112.93,735.76,3.0,45.0,56069.0,2022-04-13,No
CUST-02314,Female,0,No,10,No,Month-to-month,Bank transfer,90.72,874.52,2.0,48.0,15246.0,2022-03-08,No
CUST-02315,Female,0,Yes,72,DSL,Two year,Bank transfer,54.37,3886.75,0.0,51.0,25065.0,2023-04-15,No
CUST-02316,Male,0,No,11,Fiber optic,Month-to-month,Credit card,62.5,630.75,3.0,47.0,123440.0,2022-07-25,No
CUST-02317,Male,0,No,34,Fiber optic,Month-to-month,Electronic check,81.99,2751.02,1.0,53.0,28087.0,2022-10-22,No
CUST-02318,Male,0,Yes,14,No,One year,Electronic check,94.01,1349.11,3.0,33.0,103368.0,2021-07-28,Yes
CUST-02319,Female,1,No,37,DSL,Month-to-month,Bank transfer,74.68,2845.58,2.0,34.0,60669.0,2021-02-09,Yes
CUST-02320,Female,0,Yes,35,Fiber optic,Month-to-month,Bank transfer,98.17,3473.72,4.0,26.0,16554.0,2020-12-10,No
CUST-02321,Male,0,Yes,26,Fiber optic,One year,Mailed check,56.1,1523.89,0.0,48.0,71768.0,2020-07-07,No
CUST-02322,Male,0,No,46,Fiber optic,Month-to-month,Mailed check,35.09,1662.85,1.0,52.0,45679.0,2019-09-16,No
CUST-02323,Female,0,Yes,67,No,Two year,Electronic check,63.06,4266.68,3.0,48.0,37298.0,2018-03-20,No
CUST-02324,Male,0,No,20,No,One year,Electronic check,71.16,1406.31,0.0,65.0,56781.0,2022-04-22,Yes
CUST-02325,Female,0,No,6,DSL,One year,Credit card,28.95,180.75,3.0,41.0,65171.0,2023-10-12,No
CUST-02326,Male,1,Yes,12,DSL,Month-to-month,Electronic check,24.9,277.77,0.0,51.0,74948.0,2023-12-21,Yes
CUST-02327,Female,1,Yes,34,DSL,One year,Bank transfer,78.42,2655.32,0.0,26.0,99404.0,2021-09-22,No
CUST-02328,Male,0,Yes,25,Fiber optic,Two year,Bank transfer,52.81,1323.66,2.0,36.0,62622.0,2018-08-09,No
CUST-02329,Male,1,Yes,4,Fiber optic,Month-to-month,Electronic check,60.02,275.76,2.0,51.0,21474.0,2023-08-21,Yes
CUST-02330,Male,0,No,1,Fiber optic,Month-to-month,Electronic check,54.21,75.38,0.0,53.0,36894.0,2022-10-18,No
CUST-02331,Female,1,Yes,27,DSL,Month-to-month,Electronic check,110.62,2978.65,2.0,37.0,286596.0,2019-08-13,No
CUST-02332,Male,0,No,6,DSL,One year,Bank transfer,102.85,619.88,0.0,40.0,75712.0,2023-02-26,Yes
CUST-02333,Female,0,Yes,16,DSL,One year,Electronic check,27.88,467.75,1.0,20.0,203124.0,2021-01-10,No
CUST-02334,Male,0,Yes,32,Fiber optic,Month-to-month,Electronic check,49.02,1602.01,2.0,37.0,113239.0,2023-09-11,No
CUST-02335,Female,0,No,19,Fiber optic,One year,Electronic check,90.5,1643.55,2.0,54.0,56674.0,2019-08-04,Yes
CUST-02336,Male,0,No,2,DSL,Two year,Electronic check,83.06,112.25,4.0,50.0,58738.0,2023-02-20,No
CUST-02337,Male,0,No,4,DSL,Month-to-month,Electronic check,63.76,310.41,2.0,49.0,47956.0,2022-07-27,No
CUST-02338,Male,0,No,5,Fiber optic,One year,Electronic check,30.87,151.31,1.0,42.0,17280.0,2018-02-03,Yes
CUST-02339,Female,0,Yes,7,No,Two year,Electronic check,44.52,290.44,0.0,42.0,49554.0,2021-08-12,No
CUST-02340,Male,0,No,20,DSL,Two year,Bank transfer,49.5,976.83,3.0,32.0,101357.0,2022-08-04,No
CUST-02341,Male,1,Yes,16,Fiber optic,Month-to-month,Electronic check,73.31,1159.77,1.0,51.0,34208.0,2019-01-02,No
CUST-02342,Female,0,No,5,DSL,Month-to-month,Bank transfer,116.11,608.45,4.0,47.0,62766.0,2021-05-31,Yes
CUST-02343,Male,0,Yes,1,DSL,Two year,Bank transfer,,0.0,,48.0,81711.0,2019-12-14,No
CUST-02344,Male,1,Yes,4,Fiber optic,Month-to-month,Credit card,34.22,138.12,4.0,34.0,28401.0,2022-06-20,Yes
CUST-02345,Male,0,No,72,Fiber optic,One year,Electronic check,61.74,4457.59,2.0,18.0,37392.0,2021-06-19,No
CUST-02346,Male,0,Yes,15,Fiber optic,One year,Electronic check,95.95,1459.06,1.0,57.0,26615.0,2021-12-27,Yes
CUST-02347,Male,0,Yes,48,No,One year,Credit card,21.59,1047.46,0.0,35.0,29932.0,2018-06-19,No
CUST-02348,Female,1,No,45,Fiber optic,Month-to-month,Credit card,108.61,4913.25,1.0,29.0,22639.0,2018-11-19,No
CUST-02349,Male,0,Yes,17,Fiber optic,Two year,Electronic check,59.84,988.65,1.0,51.0,28559.0,2021-07-17,No
CUST-02350,Female,0,Yes,29,Fiber optic,Month-to-month,Electronic check,42.97,1199.04,3.0,36.0,114883.0,2019-03-01,No
CUST-02351,Male,0,Yes,5,DSL,One year,Credit card,18.0,212.85,2.0,56.0,28302.0,2021-03-14,No
CUST-02352,Female,0,No,27,Fiber optic,Month-to-month,Electronic check,86.2,2312.34,1.0,50.0,52885.0,2022-06-05,No
CUST-02353,Female,1,Yes,7,DSL,Month-to-month,Credit card,59.86,409.8,1.0,51.0,36253.0,2023-03-13,No
CUST-02354,Male,0,No,42,DSL,Month-to-month,Credit card,70.12,2978.93,0.0,22.0,99440.0,2018-12-02,Yes
CUST-02355,Male,0,Yes,2,DSL,Two year,Electronic check,37.98,155.76,4.0,58.0,107656.0,2022-10-05,No
CUST-02356,Male,0,Yes,35,DSL,One year,Credit card,55.43,1912.82,3.0,45.0,,2020-04-30,No
CUST-02357,Female,0,Yes,2,Fiber optic,One year,Mailed check,50.4,50.86,1.0,36.0,58904.0,2022-05-10,No
CUST-02358,Male,0,No,51,No,One year,Bank transfer,61.98,3098.87,4.0,44.0,42674.0,2018-12-07,No
CUST-02359,Female,0,Yes,8,No,Month-to-month,Mailed check,44.91,438.94,0.0,,23977.0,2021-04-22,No
CUST-02360,Male,1,Yes,25,Fiber optic,One year,Electronic check,18.97,422.34,2.0,,157332.0,2023-05-17,No
CUST-02361,Male,0,No,16,DSL,Month-to-month,Bank transfer,120.0,1918.62,0.0,27.0,31076.0,2018-09-07,Yes
CUST-02362,Male,1,No,10,DSL,One year,Electronic check,24.1,192.14,2.0,23.0,72998.0,2023-04-24,No
CUST-02363,Male,0,No,24,DSL,Month-to-month,Credit card,70.44,1618.14,0.0,20.0,92571.0,2020-11-26,No
CUST-02364,Female,0,Yes,70,DSL,Two year,Mailed check,18.0,1245.38,1.0,57.0,35130.0,2023-04-13,No
CUST-02365,Female,0,Yes,1,Fiber optic,One year,Electronic check,18.0,0.0,2.0,33.0,91382.0,2024-02-24,No
CUST-02366,Female,0,No,60,No,Month-to-month,Electronic check,67.93,4041.22,3.0,63.0,77538.0,2019-01-10,No
CUST-02367,Female,0,No,22,Fiber optic,Month-to-month,Credit card,70.23,1645.37,1.0,34.0,138244.0,2022-04-30,No
CUST-02368,Female,0,Yes,39,No,Month-to-month,Electronic check,102.84,4032.0,3.0,18.0,36989.0,2019-07-05,No
CUST-02369,Female,0,No,11,Fiber optic,Two year,Credit card,76.99,893.46,3.0,26.0,22662.0,2018-11-14,No
CUST-02370,Male,0,No,15,Fiber optic,Month-to-month,Electronic check,60.51,948.88,3.0,59.0,36196.0,2022-01-11,No
CUST-02371,Male,0,Yes,48,No,Month-to-month,Mailed check,36.51,1747.44,3.0,39.0,55565.0,2018-09-11,No
CUST-02372,Male,0,Yes,12,Fiber optic,Month-to-month,Credit card,109.97,1297.65,0.0,34.0,50763.0,2020-12-25,Yes
CUST-02373,Male,0,Yes,18,Fiber optic,Two year,Electronic check,92.87,1684.11,0.0,44.0,38713.0,2022-01-30,No
CUST-02374,Female,0,No,0,DSL,One year,Electronic check,27.61,8.42,2.0,49.0,15591.0,2021-03-16,No
CUST-02375,Female,0,No,4,DSL,Month-to-month,Credit card,66.14,236.12,2.0,57.0,65009.0,2022-06-22,No
CUST-02376,Female,0,Yes,24,No,One year,Bank transfer,69.32,1670.17,3.0,62.0,160076.0,2023-02-21,No
CUST-02377,Female,0,Yes,30,DSL,Two year,Bank transfer,54.63,,0.0,36.0,64766.0,2023-08-06,No
CUST-02378,Male,0,No,20,Fiber optic,One year,Credit card,88.16,1754.63,1.0,23.0,70649.0,2021-08-04,No
CUST-02379,Male,1,Yes,3,Fiber optic,Month-to-month,Mailed check,89.95,253.09,1.0,36.0,69110.0,2019-10-11,No
CUST-02380,Female,0,Yes,14,Fiber optic,Month-to-month,Credit card,59.29,766.62,0.0,45.0,62207.0,2021-04-09,Yes
CUST-02381,Male,0,No,10,DSL,Month-to-month,Bank transfer,56.57,448.14,0.0,28.0,85733.0,2020-06-27,No
CUST-02382,Female,0,Yes,16,DSL,Month-to-month,Bank transfer,109.97,1712.57,3.0,28.0,62144.0,2019-06-14,No
CUST-02383,Male,0,Yes,49,Fiber optic,One year,Electronic check,92.99,4646.72,2.0,46.0,40635.0,2021-05-24,No
CUST-02384,Female,0,No,35,Fiber optic,One year,Credit card,67.17,2335.47,1.0,41.0,,2018-02-23,No
CUST-02385,Female,0,No,2,DSL,Two year,Bank transfer,18.0,74.8,0.0,42.0,,2021-11-19,No
CUST-02386,Male,0,No,53,No,One year,Electronic check,75.32,,2.0,31.0,59188.0,2023-04-10,No
CUST-02387,Male,0,No,15,Fiber optic,Month-to-month,Bank transfer,85.94,1238.69,2.0,38.0,40552.0,2024-05-30,Yes
CUST-02388,Male,1,Yes,32,Fiber optic,One year,Mailed check,18.0,508.28,2.0,29.0,59195.0,2023-11-30,No
CUST-02389,Male,0,Yes,3,Fiber optic,One year,Bank transfer,72.56,207.56,2.0,54.0,63798.0,2018-07-30,Yes
CUST-02390,Female,0,Yes,26,DSL,Month-to-month,Credit card,52.5,1486.1,1.0,,80814.0,2019-01-16,No
CUST-02391,Male,0,Yes,6,No,One year,Electronic check,58.37,373.23,0.0,18.0,105839.0,2018-11-21,No
CUST-02392,Male,0,No,13,No,Month-to-month,Credit card,37.78,575.92,0.0,28.0,51369.0,2021-08-01,No
CUST-02393,Female,0,No,0,Fiber optic,Month-to-month,Electronic check,60.55,0.0,4.0,21.0,22366.0,2018-04-18,Yes
CUST-02394,Male,0,Yes,3,Fiber optic,One year,Mailed check,106.76,388.52,1.0,32.0,39852.0,2024-01-05,No
CUST-02395,Female,0,Yes,2,Fiber optic,Month-to-month,Mailed check,51.61,206.88,1.0,40.0,50334.0,2018-05-25,No
CUST-02396,Male,0,Yes,6,Fiber optic,One year,Electronic check,93.97,558.35,3.0,21.0,16293.0,2020-07-05,No
CUST-02397,Male,1,Yes,2,Fiber optic,Month-to-month,Bank transfer,40.81,54.66,3.0,29.0,112780.0,2023-09-26,Yes
CUST-02398,Male,0,Yes,28,Fiber optic,Two year,Credit card,87.76,2391.39,4.0,27.0,53392.0,2024-02-01,No
CUST-02399,Male,0,No,0,DSL,Two year,Electronic check,65.05,0.0,2.0,44.0,61624.0,2020-12-26,No
CUST-02400,Female,1,Yes,23,Fiber optic,Two year,Electronic check,75.56,1741.97,0.0,42.0,,2021-02-18,No
CUST-02401,Male,1,No,3,Fiber optic,Two year,Bank transfer,65.21,297.18,1.0,31.0,33587.0,2022-01-30,No
CUST-02402,Male,0,No,69,DSL,Two year,Bank transfer,84.25,5748.5,1.0,44.0,69177.0,2020-08-13,No
CUST-02403,Male,0,Yes,64,Fiber optic,One year,Credit card,18.0,1154.98,1.0,34.0,45893.0,2020-01-31,No
CUST-02404,Male,0,No,6,Fiber optic,Two year,Electronic check,22.41,43.74,0.0,38.0,43894.0,2022-09-29,No
CUST-02405,Female,0,Yes,22,Fiber optic,One year,Credit card,77.51,1683.88,1.0,65.0,30843.0,2021-10-26,Yes
CUST-02406,Male,0,Yes,0,DSL,Two year,Mailed check,18.0,15.57,0.0,60.0,133167.0,2021-02-02,No
CUST-02407,Male,0,No,64,Fiber optic,Month-to-month,Electronic check,49.08,3166.75,2.0,23.0,39132.0,2018-08-25,Yes
CUST-02408,Male,0,No,17,Fiber optic,One year,Credit card,63.37,1106.74,1.0,53.0,74583.0,2018-06-11,No
CUST-02409,Male,0,Yes,1,Fiber optic,Two year,Electronic check,40.16,60.03,1.0,53.0,15914.0,2021-04-11,No
CUST-02410,Male,1,No,10,Fiber optic,One year,Bank transfer,44.25,471.52,3.0,25.0,99507.0,2021-12-22,No
CUST-02411,Female,0,No,1,Fiber optic,Month-to-month,Bank transfer,73.15,75.44,1.0,53.0,92164.0,2022-03-21,Yes
CUST-02412,Female,1,No,11,Fiber optic,One year,Mailed check,95.28,995.69,0.0,63.0,51972.0,2023-09-28,No
CUST-02413,Male,0,Yes,26,Fiber optic,One year,Bank transfer,36.25,849.92,2.0,26.0,,2023-03-28,No
CUST-02414,Male,0,No,15,DSL,One year,Bank transfer,47.75,688.92,1.0,29.0,62317.0,2018-11-26,Yes
CUST-02415,Female,0,Yes,11,Fiber optic,One year,Electronic check,43.06,466.93,3.0,56.0,,2023-02-05,No
CUST-02416,Male,0,Yes,3,Fiber optic,Month-to-month,Bank transfer,18.0,116.7,0.0,45.0,17018.0,2022-05-04,No
CUST-02417,Male,0,No,6,Fiber optic,Two year,Credit card,69.25,410.47,0.0,49.0,78371.0,2023-04-25,No
CUST-02418,Male,1,No,2,DSL,One year,Mailed check,93.04,176.25,4.0,46.0,28368.0,2023-05-30,Yes
CUST-02419,Female,0,No,39,DSL,Month-to-month,Credit card,95.5,3743.78,1.0,47.0,48438.0,2020-03-20,Yes
CUST-02420,Male,1,Yes,3,DSL,Two year,Mailed check,38.88,103.14,0.0,23.0,42246.0,2019-09-09,No
CUST-02421,Male,0,Yes,21,DSL,Month-to-month,Mailed check,27.45,616.98,1.0,56.0,37911.0,2021-07-18,No
CUST-02422,Female,0,Yes,10,Fiber optic,Month-to-month,Bank transfer,65.65,755.47,2.0,58.0,,2019-12-01,Yes
CUST-02423,Female,0,Yes,6,DSL,Two year,Electronic check,89.88,648.82,0.0,38.0,24822.0,2020-03-30,No
CUST-02424,Female,0,No,24,Fiber optic,Two year,Credit card,69.65,1676.45,1.0,41.0,90899.0,2018-06-12,No
CUST-02425,Female,0,No,14,No,Month-to-month,Credit card,73.68,1048.36,1.0,20.0,16705.0,2024-05-11,No
CUST-02426,Male,0,Yes,12,DSL,Month-to-month,Credit card,99.25,1269.94,1.0,49.0,67768.0,2019-12-26,No
CUST-02427,Male,0,No,21,No,Month-to-month,Bank transfer,42.83,891.93,2.0,50.0,40298.0,2023-01-02,No
CUST-02428,Male,0,Yes,16,Fiber optic,Two year,Credit card,58.4,968.36,3.0,41.0,24280.0,2024-05-15,No
CUST-02429,Female,0,No,8,No,Two year,Bank transfer,114.04,855.56,2.0,57.0,55349.0,2024-03-20,Yes
CUST-02430,Female,1,No,19,DSL,Month-to-month,Mailed check,59.1,1107.36,0.0,37.0,19260.0,2022-01-25,No
CUST-02431,Female,0,Yes,26,No,Month-to-month,Credit card,26.98,759.29,0.0,49.0,50202.0,2021-06-16,No
CUST-02432,Female,0,Yes,0,No,Month-to-month,Mailed check,44.92,0.0,1.0,27.0,20874.0,2019-12-26,Yes
CUST-02433,Female,0,No,15,No,Two year,Mailed check,36.85,546.35,1.0,41.0,64651.0,2023-07-12,No
CUST-02434,Female,0,No,1,Fiber optic,Month-to-month,Electronic check,75.71,0.0,3.0,39.0,28152.0,2020-03-02,Yes
CUST-02435,Female,0,Yes,4,DSL,One year,Credit card,38.12,252.77,0.0,45.0,37399.0,2018-09-08,No
CUST-02436,Male,1,Yes,19,DSL,One year,Electronic check,73.13,1452.62,1.0,36.0,58475.0,2019-11-21,No
CUST-02437,Female,0,No,48,No,Month-to-month,Electronic check,42.92,2069.56,1.0,40.0,30837.0,2020-01-09,No
CUST-02438,Female,0,No,51,DSL,Month-to-month,Electronic check,18.0,943.38,0.0,53.0,47345.0,2022-08-11,No
CUST-02439,Male,0,No,1,DSL,Month-to-month,Mailed check,74.2,93.99,1.0,35.0,19765.0,2019-02-02,No
CUST-02440,Male,1,Yes,13,DSL,One year,Electronic check,69.45,972.07,3.0,19.0,71576.0,2020-01-13,No
CUST-02441,Female,0,No,20,Fiber optic,Two year,Bank transfer,80.53,1584.66,0.0,66.0,141343.0,2018-06-29,No
CUST-02442,Male,0,No,3,Fiber optic,One year,Electronic check,44.81,171.04,1.0,61.0,261797.0,2023-06-11,No
CUST-02443,Male,0,No,34,No,Month-to-month,Bank transfer,41.61,1468.61,2.0,,51776.0,2022-08-26,No
CUST-02444,Male,0,Yes,32,No,Month-to-month,Electronic check,77.04,2526.05,3.0,51.0,78662.0,2020-10-22,No
CUST-02445,Female,0,No,56,Fiber optic,Month-to-month,Electronic check,110.57,6078.95,3.0,34.0,16841.0,2020-10-04,Yes
CUST-02446,Male,0,No,0,Fiber optic,Month-to-month,Credit card,65.34,0.0,0.0,45.0,120769.0,2019-01-25,Yes
CUST-02447,Female,0,Yes,5,Fiber optic,One year,Mailed check,77.74,337.74,0.0,46.0,78099.0,2020-06-19,No
CUST-02448,Female,0,No,42,DSL,Two year,Electronic check,55.35,2332.18,0.0,38.0,36667.0,2023-10-26,No
CUST-02449,Female,0,Yes,26,No,Two year,Credit card,18.69,385.14,0.0,31.0,102981.0,2018-11-21,No
CUST-02450,Female,0,No,53,Fiber optic,One year,Electronic check,94.02,4880.78,0.0,,42079.0,2022-11-28,No
CUST-02451,Female,0,No,1,Fiber optic,One year,Electronic check,92.25,200.75,1.0,29.0,37241.0,2018-04-21,No
CUST-02452,Male,0,No,21,DSL,Two year,Mailed check,86.32,1843.6,3.0,30.0,65199.0,2020-01-01,Yes
CUST-02453,Male,0,Yes,20,Fiber optic,One year,Electronic check,59.54,1196.85,1.0,41.0,25899.0,2023-06-08,No
CUST-02454,Female,0,No,0,Fiber optic,One year,Electronic check,82.91,18.18,2.0,31.0,90488.0,2020-11-08,Yes
CUST-02455,Male,0,No,17,DSL,Month-to-month,Credit card,91.81,1568.09,3.0,51.0,26014.0,2022-07-05,No
CUST-02456,Male,1,Yes,22,,Month-to-month,Electronic check,113.6,2549.07,2.0,62.0,26107.0,2018-08-31,No
CUST-02457,Male,0,No,5,DSL,Month-to-month,Electronic check,94.66,441.68,1.0,33.0,28401.0,2022-05-21,Yes
CUST-02458,Male,0,No,7,Fiber optic,Two year,Credit card,66.91,477.7,0.0,45.0,77319.0,2023-04-03,No
CUST-02459,Female,0,Yes,24,Fiber optic,One year,Mailed check,25.75,629.37,0.0,48.0,33858.0,2023-03-02,No
CUST-02460,Female,0,Yes,15,No,Month-to-month,Electronic check,69.67,992.71,1.0,48.0,21833.0,2020-10-25,Yes
CUST-02461,Female,0,Yes,46,No,One year,Bank transfer,72.7,3408.05,1.0,43.0,34084.0,2023-10-20,Yes
CUST-02462,Male,0,Yes,10,No,Month-to-month,Electronic check,86.27,840.42,2.0,52.0,48087.0,2021-09-09,No
CUST-02463,Male,0,Yes,7,DSL,Two year,Mailed check,105.62,790.21,2.0,48.0,24134.0,2023-04-01,No
CUST-02464,Male,0,No,72,No,Month-to-month,Bank transfer,62.15,,1.0,24.0,24562.0,2019-05-16,No
CUST-02465,Male,0,Yes,58,DSL,One year,Credit card,120.0,7041.68,1.0,54.0,173994.0,2019-05-08,Yes
CUST-02466,Female,0,No,0,DSL,One year,Electronic check,18.0,0.0,3.0,54.0,29250.0,2022-11-03,No
CUST-02467,Male,0,Yes,35,DSL,Two year,Bank transfer,77.58,2661.06,2.0,31.0,40383.0,2022-02-24,No
CUST-02468,Male,0,Yes,2,No,One year,Electronic check,41.04,36.8,0.0,42.0,39326.0,2022-05-04,No
CUST-02469,Male,1,No,0,Fiber optic,Two year,Mailed check,18.0,6.66,3.0,51.0,38070.0,2019-07-09,No
CUST-02470,Male,0,No,7,DSL,Month-to-month,Electronic check,58.95,489.72,1.0,39.0,71168.0,2020-07-25,Yes
CUST-02471,Female,0,No,7,DSL,Month-to-month,Mailed check,21.28,228.61,2.0,57.0,86585.0,2019-08-29,No
CUST-02472,Female,0,Yes,41,DSL,Month-to-month,Mailed check,60.16,2351.06,1.0,75.0,40799.0,2018-06-09,No
CUST-02473,Male,0,Yes,29,Fiber optic,One year,Credit card,66.04,1927.65,1.0,30.0,23344.0,2019-04-23,No
CUST-02474,Male,0,Yes,72,DSL,Month-to-month,Credit card,98.56,6935.67,2.0,22.0,105310.0,2024-05-20,No
CUST-02475,Female,0,No,29,Fiber optic,Month-to-month,Bank transfer,19.77,613.08,1.0,46.0,46295.0,2019-07-03,No
CUST-02476,Female,0,Yes,13,Fiber optic,One year,Electronic check,92.25,1255.16,1.0,52.0,138440.0,2019-01-09,No
CUST-02477,Male,0,No,28,Fiber optic,One year,Bank transfer,,1900.31,2.0,38.0,15000.0,2022-06-21,No
CUST-02478,Male,0,No,72,No,One year,Bank transfer,95.87,6906.84,1.0,62.0,55118.0,2021-11-11,Yes
CUST-02479,Male,0,Yes,29,DSL,Month-to-month,Electronic check,52.05,1513.13,1.0,23.0,154997.0,2022-10-14,Yes
CUST-02480,Female,0,No,34,DSL,Two year,Mailed check,25.03,,2.0,51.0,39657.0,2022-03-12,No
CUST-02481,Male,0,Yes,66,Fiber optic,One year,Electronic check,28.48,1901.27,2.0,33.0,42817.0,2019-06-07,No
CUST-02482,Female,1,No,2,No,Month-to-month,Electronic check,26.25,40.93,0.0,66.0,58530.0,2021-03-19,No
CUST-02483,Female,0,No,29,Fiber optic,One year,Electronic check,79.33,2347.08,1.0,69.0,35056.0,2019-02-18,No
CUST-02484,Female,1,Yes,45,No,Month-to-month,Credit card,109.31,4913.27,2.0,31.0,40650.0,2019-08-18,No
CUST-02485,Male,0,Yes,72,Fiber optic,One year,Electronic check,48.05,3416.55,1.0,34.0,40027.0,2024-05-01,No
CUST-02486,Male,0,Yes,5,DSL,Month-to-month,Electronic check,83.87,342.56,0.0,54.0,33642.0,2022-09-04,No
CUST-02487,Female,0,No,16,Fiber optic,Two year,Credit card,19.3,215.6,2.0,36.0,102468.0,2023-01-09,No
CUST-02488,Male,0,Yes,27,DSL,Two year,Mailed check,,1966.7,0.0,41.0,64643.0,2018-03-12,No
CUST-02489,Female,0,No,6,Fiber optic,Month-to-month,Bank transfer,85.06,487.47,,42.0,56975.0,2020-06-14,Yes
CUST-02490,Male,0,Yes,22,DSL,Month-to-month,Electronic check,21.56,491.25,1.0,18.0,79629.0,2021-07-24,No
CUST-02491,Female,0,No,7,DSL,Month-to-month,Mailed check,58.88,501.32,3.0,41.0,41830.0,2018-12-17,No
CUST-02492,Male,0,Yes,9,No,One year,Electronic check,86.48,750.18,,32.0,30806.0,2023-06-12,Yes
CUST-02493,Male,0,No,13,DSL,Month-to-month,Mailed check,18.0,202.63,0.0,35.0,34146.0,2018-11-24,No
CUST-02494,Female,1,No,18,DSL,Two year,Bank transfer,105.06,1884.47,2.0,62.0,49073.0,2022-01-31,No
CUST-02495,Female,0,No,14,No,Month-to-month,Mailed check,75.61,1060.01,0.0,24.0,25964.0,2021-07-20,No
CUST-02496,Male,0,Yes,16,Fiber optic,One year,Mailed check,86.5,1478.38,3.0,53.0,36309.0,2023-06-13,No
CUST-02497,Male,0,Yes,8,Fiber optic,Month-to-month,Bank transfer,52.62,499.25,2.0,38.0,35966.0,2020-01-01,Yes
CUST-02498,Female,0,Yes,4,No,Two year,Mailed check,18.0,103.04,1.0,38.0,175384.0,2019-10-28,No
CUST-02499,Female,1,No,1,Fiber optic,Month-to-month,Bank transfer,81.02,153.49,1.0,53.0,15000.0,2023-06-07,No
CUST-02500,Male,0,Yes,5,DSL,One year,Electronic check,62.52,303.69,2.0,46.0,44012.0,2019-06-03,No
CUST-02501,Male,0,No,20,Fiber optic,One year,Credit card,65.96,1334.16,1.0,49.0,138056.0,2022-10-14,Yes
CUST-02502,Male,0,No,37,Fiber optic,One year,Mailed check,97.63,3597.23,0.0,55.0,52738.0,2019-03-24,No
CUST-02503,Male,0,Yes,4,No,Month-to-month,Mailed check,87.86,286.92,1.0,37.0,77037.0,2023-08-14,Yes
CUST-02504,Male,0,No,2,DSL,Month-to-month,Mailed check,120.0,300.19,0.0,33.0,52046.0,2023-05-20,No
CUST-02505,Male,0,Yes,33,DSL,One year,Credit card,69.62,2324.04,1.0,26.0,32846.0,2023-01-20,No
CUST-02506,Female,1,Yes,8,DSL,Two year,Credit card,44.26,354.98,4.0,30.0,15000.0,2021-02-25,No
CUST-02507,Female,0,Yes,72,Fiber optic,Month-to-month,Electronic check,59.35,4273.08,2.0,83.0,55452.0,2018-03-21,No
CUST-02508,Female,0,Yes,30,DSL,Month-to-month,Bank transfer,77.47,2248.79,1.0,59.0,30780.0,2018-11-07,Yes
CUST-02509,Male,0,Yes,9,No,Month-to-month,Electronic check,95.48,810.45,1.0,23.0,30327.0,2020-12-05,No
CUST-02510,Female,0,No,8,No,One year,Electronic check,20.99,184.73,2.0,23.0,36337.0,2018-04-13,No
CUST-02511,Female,0,No,17,Fiber optic,One year,Credit card,65.26,1082.96,3.0,48.0,139653.0,2018-05-29,No
CUST-02512,Female,0,No,1,No,One year,Electronic check,113.29,102.4,1.0,49.0,207503.0,2018-10-22,Yes
CUST-02513,Male,0,Yes,3,DSL,Month-to-month,Electronic check,57.79,168.14,1.0,49.0,55844.0,2019-09-04,No
CUST-02514,Male,0,Yes,4,No,Month-to-month,Bank transfer,92.93,337.6,1.0,,37091.0,2022-10-22,Yes
CUST-02515,Female,0,No,35,Fiber optic,One year,Credit card,79.79,2744.25,1.0,40.0,24189.0,2018-04-23,No
CUST-02516,Male,1,No,17,DSL,Month-to-month,Electronic check,93.68,,2.0,,64933.0,2024-04-23,Yes
CUST-02517,Female,0,Yes,0,DSL,Month-to-month,Electronic check,40.71,0.0,0.0,43.0,142877.0,2019-10-04,No
CUST-02518,Female,0,Yes,26,Fiber optic,One year,Electronic check,40.84,,3.0,18.0,42259.0,2020-01-21,No
CUST-02519,Female,0,No,13,Fiber optic,Month-to-month,Electronic check,65.61,770.75,0.0,38.0,15000.0,2019-08-04,No
CUST-02520,Female,0,No,17,No,Two year,Electronic check,19.03,322.31,2.0,30.0,73279.0,2021-11-12,No
CUST-02521,Male,0,No,5,Fiber optic,Month-to-month,Credit card,56.91,298.61,1.0,44.0,88542.0,2018-02-15,Yes
CUST-02522,Male,0,No,19,Fiber optic,Month-to-month,Electronic check,72.59,1329.73,2.0,83.0,18929.0,2018-08-08,No
CUST-02523,Female,0,Yes,72,DSL,Month-to-month,Bank transfer,118.54,8605.99,0.0,47.0,,2018-08-20,Yes
CUST-02524,Male,1,Yes,1,Fiber optic,One year,Credit card,77.08,57.79,2.0,37.0,64262.0,2022-04-06,Yes
CUST-02525,Female,0,No,8,Fiber optic,One year,Bank transfer,83.76,665.02,4.0,54.0,46917.0,2020-02-12,No
CUST-02526,Female,0,No,6,DSL,One year,Electronic check,99.93,591.52,2.0,48.0,30501.0,2020-10-22,No
CUST-02527,Male,0,No,6,No,Month-to-month,Bank transfer,36.06,127.82,2.0,47.0,90179.0,2024-02-04,No
CUST-02528,Male,1,No,11,Fiber optic,Month-to-month,Credit card,60.05,710.99,1.0,50.0,38483.0,2019-04-14,Yes
CUST-02529,Female,0,Yes,40,Fiber optic,Month-to-month,Electronic check,120.0,4752.22,2.0,,20108.0,2018-06-14,Yes
CUST-02530,Male,0,No,58,Fiber optic,Two year,Electronic check,62.63,3620.71,3.0,26.0,,2020-10-31,No
CUST-02531,Male,0,No,5,No,Month-to-month,Electronic check,98.49,522.33,2.0,48.0,104454.0,2019-01-20,No
CUST-02532,Male,1,No,18,DSL,One year,Mailed check,93.91,1763.43,5.0,29.0,70968.0,2018-12-05,No
CUST-02533,Female,0,No,24,Fiber optic,Two year,Electronic check,20.66,441.84,0.0,49.0,51677.0,2020-08-18,No
CUST-02534,Female,0,Yes,17,DSL,Month-to-month,Bank transfer,74.31,1240.95,0.0,29.0,37640.0,2022-04-18,No
CUST-02535,Male,0,No,13,DSL,One year,Bank transfer,69.4,971.32,0.0,36.0,35689.0,2019-07-24,No
CUST-02536,Female,0,Yes,5,DSL,Month-to-month,Mailed check,74.9,397.69,0.0,37.0,25708.0,2023-08-15,Yes
CUST-02537,Male,0,Yes,16,Fiber optic,Month-to-month,Bank transfer,42.38,711.64,1.0,55.0,37840.0,2020-04-29,No
CUST-02538,Female,1,Yes,12,No,Month-to-month,Electronic check,31.49,325.32,4.0,54.0,15000.0,2023-12-29,Yes
CUST-02539,Male,0,No,38,Fiber optic,Two year,Bank transfer,50.72,1908.4,1.0,24.0,31519.0,2021-02-27,No
CUST-02540,Male,0,No,34,Fiber optic,Month-to-month,Bank transfer,62.07,2101.99,2.0,42.0,40677.0,2022-08-30,Yes
CUST-02541,Female,0,Yes,3,No,Month-to-month,Bank transfer,100.55,258.76,1.0,32.0,70680.0,2023-06-13,No
CUST-02542,Male,0,No,2,Fiber optic,Month-to-month,Electronic check,119.52,155.31,2.0,24.0,47860.0,2021-05-26,No
CUST-02543,Male,1,Yes,57,DSL,Month-to-month,Bank transfer,106.9,6067.78,1.0,38.0,78980.0,2023-06-16,Yes
CUST-02544,Female,0,No,18,DSL,Two year,Mailed check,90.81,1702.29,2.0,37.0,110137.0,2020-06-04,No
CUST-02545,Male,0,No,46,DSL,Month-to-month,Mailed check,34.87,1606.98,0.0,75.0,92494.0,2020-05-01,No
CUST-02546,Male,0,No,1,DSL,Two year,Electronic check,52.73,121.44,1.0,48.0,65010.0,2023-02-04,No
CUST-02547,Female,0,Yes,17,DSL,Two year,Electronic check,71.3,1221.05,2.0,22.0,49370.0,2019-07-20,No
CUST-02548,Female,0,No,18,Fiber optic,Two year,Mailed check,46.03,790.3,0.0,34.0,27215.0,2022-08-08,No
CUST-02549,Male,0,No,47,DSL,Month-to-month,Mailed check,82.32,3932.92,2.0,56.0,76417.0,2018-06-30,No
CUST-02550,Female,0,No,2,Fiber optic,Month-to-month,Mailed check,86.61,183.84,1.0,71.0,134302.0,2022-01-29,No
CUST-02551,Male,0,No,6,Fiber optic,One year,Bank transfer,81.09,534.63,2.0,19.0,60190.0,2024-01-16,No
CUST-02552,Female,0,No,12,Fiber optic,Month-to-month,Electronic check,95.75,1095.58,0.0,18.0,154872.0,2020-12-05,No
CUST-02553,Male,0,Yes,48,No,One year,Electronic check,37.86,1869.22,2.0,68.0,19626.0,2020-09-01,No
CUST-02554,Male,0,No,67,No,Month-to-month,Mailed check,92.98,6283.1,1.0,47.0,24526.0,2021-06-20,No
CUST-02555,Male,0,No,72,Fiber optic,Two year,Bank transfer,44.13,3191.85,2.0,29.0,81889.0,2022-08-13,No
CUST-02556,Female,0,Yes,72,Fiber optic,Month-to-month,Bank transfer,36.77,2607.09,1.0,49.0,57444.0,2020-04-20,No
CUST-02557,Female,0,No,0,Fiber optic,Month-to-month,Credit card,80.96,0.0,0.0,18.0,107825.0,2018-01-01,No
CUST-02558,Male,0,No,1,Fiber optic,One year,Bank transfer,101.48,132.04,1.0,42.0,48567.0,2021-03-22,No
CUST-02559,Male,0,No,3,Fiber optic,Month-to-month,Electronic check,79.64,250.65,0.0,46.0,,2020-09-09,Yes
CUST-02560,Female,0,Yes,10,Fiber optic,Month-to-month,Bank transfer,65.62,686.25,1.0,54.0,43124.0,2021-06-02,Yes
CUST-02561,Female,0,Yes,42,Fiber optic,Month-to-month,Mailed check,74.3,3171.21,1.0,27.0,19543.0,2022-08-03,No
CUST-02562,Female,0,No,53,No,Month-to-month,Mailed check,69.09,3629.35,1.0,43.0,,2019-10-26,No
CUST-02563,Male,0,Yes,4,DSL,Month-to-month,Credit card,31.22,67.13,1.0,29.0,87857.0,2021-03-29,No
CUST-02564,Female,0,Yes,23,Fiber optic,Month-to-month,Mailed check,27.72,635.68,0.0,45.0,82757.0,2019-08-17,Yes
CUST-02565,Female,1,Yes,59,Fiber optic,Month-to-month,Bank transfer,62.64,3679.27,2.0,29.0,60949.0,2020-12-12,No
CUST-02566,Male,0,No,14,Fiber optic,Month-to-month,Credit card,67.4,982.89,1.0,36.0,17454.0,2020-03-18,No
CUST-02567,Female,0,Yes,2,DSL,Month-to-month,Electronic check,65.34,76.96,1.0,,39535.0,2020-05-14,No
CUST-02568,Male,0,No,14,Fiber optic,One year,Electronic check,85.28,1244.94,3.0,51.0,23505.0,2021-09-19,Yes
CUST-02569,Male,1,No,11,Fiber optic,Month-to-month,Electronic check,58.54,711.62,2.0,54.0,99301.0,2022-06-04,No
CUST-02570,Female,1,Yes,20,Fiber optic,Month-to-month,Electronic check,81.89,1637.82,1.0,38.0,34536.0,2018-01-30,Yes
CUST-02571,Female,1,Yes,13,Fiber optic,Two year,Electronic check,60.66,791.62,0.0,42.0,25554.0,2023-08-16,No
CUST-02572,Female,0,Yes,0,Fiber optic,One year,Credit card,119.7,0.0,2.0,21.0,49905.0,2020-05-03,No
CUST-02573,Male,0,No,72,Fiber optic,Month-to-month,Credit card,67.42,4827.11,2.0,37.0,33386.0,2022-02-16,No
CUST-02574,Female,1,No,18,Fiber optic,Two year,Bank transfer,120.0,2139.58,2.0,41.0,119401.0,2018-10-14,No
CUST-02575,Male,1,No,15,No,One year,Bank transfer,75.56,1205.55,1.0,78.0,31543.0,2021-08-31,No
CUST-02576,Female,0,No,72,Fiber optic,Month-to-month,Electronic check,58.59,4214.89,3.0,26.0,21172.0,2022-05-09,No
CUST-02577,Male,0,Yes,4,DSL,Two year,Bank transfer,38.02,85.97,1.0,62.0,15000.0,2019-01-04,No
CUST-02578,Male,1,No,5,Fiber optic,Month-to-month,Electronic check,21.71,121.32,2.0,55.0,48123.0,2023-11-08,Yes
CUST-02579,Male,1,Yes,39,DSL,Two year,Mailed check,35.26,1416.45,0.0,45.0,34990.0,2022-11-10,Yes
CUST-02580,Female,0,Yes,7,Fiber optic,Month-to-month,Electronic check,38.61,269.0,3.0,66.0,20798.0,2021-06-04,No
CUST-02581,Female,0,Yes,38,Fiber optic,Month-to-month,Bank transfer,76.84,2993.38,1.0,47.0,100061.0,2019-01-25,Yes
CUST-02582,Female,0,Yes,7,No,One year,Electronic check,49.22,383.42,2.0,47.0,73155.0,2023-07-21,No
CUST-02583,Male,0,Yes,0,DSL,Month-to-month,Electronic check,70.61,0.0,0.0,41.0,,2018-06-10,No
CUST-02584,Male,0,Yes,17,Fiber optic,Month-to-month,Bank transfer,103.46,1731.25,1.0,59.0,111145.0,2018-09-27,No
CUST-02585,Male,0,No,5,DSL,One year,Bank transfer,62.37,323.16,0.0,57.0,,2022-06-24,No
CUST-02586,Female,0,Yes,34,No,Month-to-month,Electronic check,120.0,3996.69,1.0,33.0,29920.0,2019-08-18,No
CUST-02587,Male,0,No,24,Fiber optic,Two year,Electronic check,29.73,730.34,0.0,23.0,26277.0,2020-12-12,No
CUST-02588,Male,0,Yes,61,Fiber optic,Month-to-month,Credit card,60.48,3601.2,,39.0,80080.0,2021-06-16,Yes
CUST-02589,Male,0,Yes,36,Fiber optic,Two year,Electronic check,48.82,1808.69,1.0,30.0,62181.0,2020-12-09,No
CUST-02590,Female,0,No,4,DSL,Month-to-month,Bank transfer,93.1,417.76,0.0,41.0,54276.0,2018-07-16,No
CUST-02591,Female,0,No,38,No,One year,Electronic check,18.0,709.24,2.0,59.0,29498.0,2022-09-24,No
CUST-02592,Female,0,Yes,24,Fiber optic,Month-to-month,Bank transfer,21.71,487.25,3.0,35.0,70598.0,2019-07-17,No
CUST-02593,Male,0,No,26,Fiber optic,One year,Bank transfer,61.78,1614.79,4.0,41.0,31154.0,2022-09-27,No
CUST-02594,Female,0,Yes,42,Fiber optic,Month-to-month,Credit card,111.54,4659.01,1.0,42.0,46111.0,2023-07-21,No
CUST-02595,Female,0,Yes,20,No,Month-to-month,Mailed check,71.78,1384.06,2.0,53.0,116793.0,2021-06-10,No
CUST-02596,Male,0,No,15,DSL,Month-to-month,Electronic check,24.45,349.81,0.0,18.0,32974.0,2022-07-14,No
CUST-02597,Male,0,Yes,24,Fiber optic,Month-to-month,Credit card,29.09,733.07,0.0,33.0,,2018-03-28,No
CUST-02598,Male,1,Yes,8,No,Month-to-month,Mailed check,115.19,923.71,2.0,44.0,26068.0,2018-03-28,Yes
CUST-02599,Female,0,No,4,DSL,One year,Credit card,46.37,258.02,1.0,,89016.0,2019-04-07,Yes
CUST-02600,Male,0,Yes,23,Fiber optic,Month-to-month,Bank transfer,36.71,882.62,0.0,35.0,57115.0,2020-04-19,No
CUST-02601,Male,0,No,6,Fiber optic,Month-to-month,Mailed check,109.32,688.85,1.0,18.0,45373.0,2019-03-05,No
CUST-02602,Male,0,Yes,1,DSL,Two year,Credit card,95.33,14.88,2.0,50.0,36117.0,2022-01-27,No
CUST-02603,Male,0,No,0,Fiber optic,One year,Mailed check,103.22,0.0,1.0,33.0,65592.0,2019-10-11,No
CUST-02604,Male,0,Yes,22,No,Two year,Bank transfer,36.5,,0.0,25.0,29452.0,2023-06-05,No
CUST-02605,Female,0,Yes,10,Fiber optic,Two year,Bank transfer,19.25,183.35,0.0,33.0,58888.0,2021-08-06,No
CUST-02606,Male,0,No,33,DSL,Month-to-month,Mailed check,68.99,2242.01,2.0,39.0,31610.0,2020-06-04,No
CUST-02607,Male,1,Yes,11,DSL,Two year,Bank transfer,75.05,806.67,2.0,33.0,28606.0,2023-09-24,No
CUST-02608,Female,0,No,15,No,Month-to-month,Bank transfer,75.94,1192.16,2.0,18.0,33439.0,2023-04-25,No
CUST-02609,Female,0,No,12,DSL,Two year,Bank transfer,109.35,1335.96,1.0,54.0,39134.0,2023-04-06,Yes
CUST-02610,Female,0,Yes,25,DSL,One year,Mailed check,18.0,500.36,3.0,59.0,47605.0,2022-09-03,No
CUST-02611,Male,0,Yes,10,No,One year,Bank transfer,90.79,827.87,1.0,51.0,56459.0,2021-12-10,No
CUST-02612,Male,1,Yes,72,No,One year,Electronic check,32.1,2314.1,,26.0,15000.0,2020-05-09,No
CUST-02613,Female,1,No,66,Fiber optic,Two year,Electronic check,90.67,6032.56,1.0,39.0,30194.0,2020-09-17,No
CUST-02614,Male,0,Yes,45,DSL,One year,Electronic check,50.75,2359.06,0.0,41.0,38756.0,2022-02-25,No
CUST-02615,Female,0,Yes,60,DSL,Month-to-month,Mailed check,40.58,2357.4,2.0,50.0,120938.0,2019-02-10,No
CUST-02616,Male,1,Yes,14,DSL,Month-to-month,Credit card,46.7,636.23,2.0,51.0,25642.0,2023-04-24,No
CUST-02617,Female,0,Yes,18,Fiber optic,One year,Bank transfer,21.63,441.05,2.0,31.0,54050.0,2024-01-09,No
CUST-02618,Female,0,Yes,32,Fiber optic,Month-to-month,Credit card,66.21,2109.11,1.0,43.0,120212.0,2018-08-18,No
CUST-02619,Male,0,No,28,DSL,One year,Electronic check,41.82,1125.44,6.0,48.0,22297.0,2018-02-22,No
CUST-02620,Female,0,No,53,DSL,One year,Bank transfer,88.59,4617.77,1.0,62.0,62092.0,2018-12-01,Yes
CUST-02621,Male,1,No,30,No,Month-to-month,Electronic check,84.2,2478.56,1.0,51.0,30291.0,2022-11-16,No
CUST-02622,Male,1,No,72,Fiber optic,One year,Electronic check,115.64,8241.63,0.0,53.0,36214.0,2018-09-10,No
CUST-02623,Female,1,Yes,10,Fiber optic,One year,Credit card,75.99,762.82,1.0,43.0,30276.0,2020-05-22,No
CUST-02624,Female,0,No,42,DSL,Two year,Electronic check,80.62,3430.86,0.0,61.0,31599.0,2018-05-28,No
CUST-02625,Female,0,Yes,28,No,Month-to-month,Electronic check,107.0,2932.95,5.0,47.0,250984.0,2020-10-10,No
CUST-02626,Female,1,Yes,28,Fiber optic,Two year,Electronic check,46.17,1305.65,0.0,29.0,81362.0,2021-11-15,No
CUST-02627,Male,0,Yes,9,Fiber optic,Two year,Bank transfer,20.35,225.41,2.0,61.0,94944.0,2022-01-12,No
CUST-02628,Male,0,No,36,No,Two year,Bank transfer,71.0,2555.86,1.0,51.0,65854.0,2021-04-30,No
CUST-02629,Female,0,Yes,55,DSL,Two year,Electronic check,22.32,1147.07,1.0,35.0,18699.0,2024-01-07,No
CUST-02630,Male,0,No,5,Fiber optic,One year,Electronic check,120.0,619.31,1.0,35.0,62129.0,2021-05-29,No
CUST-02631,Female,1,Yes,23,Fiber optic,Month-to-month,Electronic check,108.66,2496.45,1.0,46.0,93317.0,2023-07-07,No
CUST-02632,Female,0,No,11,DSL,One year,Electronic check,120.0,1312.17,2.0,48.0,29376.0,2024-05-15,No
CUST-02633,Female,0,No,72,Fiber optic,One year,Credit card,66.87,4787.3,3.0,44.0,87482.0,2019-06-23,No
CUST-02634,Male,0,No,15,No,Two year,Credit card,81.52,1227.14,1.0,46.0,74802.0,2019-09-15,No
CUST-02635,Female,0,No,6,DSL,One year,Credit card,51.22,332.81,0.0,65.0,148928.0,2021-05-07,No
CUST-02636,Female,0,No,11,Fiber optic,One year,Credit card,91.49,1125.92,1.0,57.0,38151.0,2019-03-04,Yes
CUST-02637,Male,0,No,25,Fiber optic,One year,Credit card,28.53,718.87,2.0,44.0,25372.0,2021-08-14,No
CUST-02638,Male,1,No,1,Fiber optic,Month-to-month,Credit card,18.0,93.56,1.0,55.0,39459.0,2022-05-23,No
CUST-02639,Female,0,No,22,Fiber optic,Month-to-month,Credit card,41.28,926.05,4.0,27.0,115999.0,2018-05-22,No
CUST-02640,Female,0,Yes,64,DSL,One year,Credit card,21.34,1360.78,1.0,47.0,16365.0,2022-05-16,No
CUST-02641,Male,0,Yes,45,DSL,Month-to-month,Mailed check,109.34,4927.73,1.0,67.0,15000.0,2019-01-09,No
CUST-02642,Male,0,Yes,1,No,Month-to-month,Electronic check,119.47,58.38,1.0,38.0,51721.0,2019-12-03,No
CUST-02643,Male,0,No,72,No,One year,Bank transfer,22.91,1664.81,2.0,30.0,37588.0,2022-09-28,No
CUST-02644,Female,0,Yes,28,DSL,One year,Bank transfer,103.75,2805.4,2.0,32.0,49248.0,2019-01-19,No
CUST-02645,Female,1,Yes,4,Fiber optic,One year,Bank transfer,93.54,331.03,2.0,26.0,86438.0,2021-05-30,No
CUST-02646,Female,0,Yes,0,Fiber optic,Two year,Bank transfer,18.0,5.49,3.0,31.0,35187.0,2021-10-12,No
CUST-02647,Male,0,Yes,4,DSL,Month-to-month,Bank transfer,53.29,,1.0,36.0,15933.0,2019-01-21,Yes
CUST-02648,Male,0,Yes,43,Fiber optic,Month-to-month,Electronic check,47.6,2118.33,3.0,22.0,167157.0,2019-10-06,No
CUST-02649,Female,0,No,0,DSL,One year,Electronic check,87.44,0.0,0.0,42.0,26947.0,2021-11-21,No
CUST-02650,Female,1,Yes,6,No,Two year,Credit card,28.14,176.63,1.0,54.0,,2020-12-16,No
CUST-02651,Male,0,Yes,33,DSL,One year,Bank transfer,62.03,2096.21,1.0,29.0,95057.0,2022-03-27,No
CUST-02652,Female,0,Yes,21,No,Month-to-month,Electronic check,44.42,866.35,0.0,63.0,38921.0,2023-06-26,No
CUST-02653,Male,0,Yes,36,Fiber optic,One year,Credit card,79.2,2871.44,3.0,49.0,47191.0,2018-11-13,No
CUST-02654,Male,1,Yes,32,Fiber optic,Two year,Electronic check,58.5,1830.61,2.0,56.0,,2018-06-15,No
CUST-02655,Female,0,Yes,1,No,Month-to-month,Mailed check,48.94,40.35,3.0,32.0,93915.0,2022-04-12,No
CUST-02656,Female,0,Yes,53,DSL,Month-to-month,Electronic check,58.6,3082.85,2.0,53.0,40131.0,2022-12-11,Yes
CUST-02657,Female,0,Yes,6,Fiber optic,One year,Credit card,120.0,741.77,3.0,26.0,122023.0,2020-11-18,Yes
CUST-02658,Female,0,Yes,19,Fiber optic,Month-to-month,Bank transfer,52.49,1024.83,2.0,54.0,15000.0,2020-07-11,No
CUST-02659,Female,0,No,24,Fiber optic,Month-to-month,Mailed check,33.77,855.03,2.0,44.0,77332.0,2021-10-30,No
CUST-02660,Male,0,Yes,4,Fiber optic,Month-to-month,Credit card,82.5,,0.0,49.0,29622.0,2021-07-16,Yes
CUST-02661,Female,0,No,72,DSL,Month-to-month,Credit card,60.69,4378.26,0.0,25.0,111676.0,2021-02-22,Yes
CUST-02662,Female,0,No,16,DSL,Month-to-month,Bank transfer,22.54,453.34,1.0,29.0,53381.0,2023-04-03,No
CUST-02663,Female,0,Yes,1,Fiber optic,Month-to-month,Credit card,120.0,43.78,0.0,50.0,32736.0,2019-02-11,Yes
CUST-02664,Female,0,Yes,66,DSL,Month-to-month,Bank transfer,54.43,3677.16,4.0,28.0,72962.0,2022-05-16,No
CUST-02665,Female,0,No,21,No,Two year,Bank transfer,53.66,1112.37,0.0,48.0,83776.0,2022-10-03,No
CUST-02666,Female,0,Yes,28,Fiber optic,Month-to-month,Mailed check,69.8,1982.94,0.0,22.0,72051.0,2023-10-13,No
CUST-02667,Female,0,Yes,17,Fiber optic,One year,Electronic check,116.9,1971.02,2.0,53.0,26428.0,2024-01-24,Yes
CUST-02668,Female,1,No,43,DSL,Two year,Electronic check,18.0,738.87,1.0,24.0,36665.0,2021-04-04,No
CUST-02669,Female,0,No,0,Fiber optic,Month-to-month,Credit card,73.28,24.23,2.0,49.0,48901.0,2020-10-13,Yes
CUST-02670,Male,0,Yes,7,DSL,Month-to-month,Electronic check,120.0,892.11,4.0,50.0,47822.0,2021-03-26,Yes
CUST-02671,Female,0,No,15,Fiber optic,One year,Mailed check,68.86,,2.0,32.0,76868.0,2022-09-13,Yes
CUST-02672,Female,0,No,1,DSL,Month-to-month,Electronic check,27.94,0.83,5.0,50.0,15000.0,2018-02-10,No
CUST-02673,Female,0,Yes,29,Fiber optic,Month-to-month,Mailed check,46.45,1527.62,0.0,45.0,59909.0,2019-02-13,No
CUST-02674,Female,0,No,12,Fiber optic,Two year,Electronic check,71.21,914.45,2.0,34.0,41192.0,2023-10-28,Yes
CUST-02675,Female,0,No,7,Fiber optic,Month-to-month,Credit card,104.92,,1.0,27.0,29640.0,2019-04-03,Yes
CUST-02676,Female,0,No,0,DSL,One year,Credit card,54.82,0.0,2.0,18.0,,2019-06-20,No
CUST-02677,Female,0,No,30,DSL,Two year,Credit card,89.8,2662.74,2.0,46.0,43099.0,2024-01-11,No
CUST-02678,Male,0,Yes,43,DSL,Month-to-month,Bank transfer,21.94,929.43,2.0,20.0,15000.0,2019-11-21,No
CUST-02679,Male,0,Yes,12,Fiber optic,Month-to-month,Credit card,21.69,314.35,1.0,43.0,32184.0,2019-11-12,No
CUST-02680,Male,0,Yes,19,DSL,One year,Mailed check,50.52,910.35,1.0,38.0,28984.0,2023-12-05,No
CUST-02681,Male,0,No,6,DSL,Two year,Mailed check,108.14,595.43,0.0,51.0,67485.0,2020-05-28,Yes
CUST-02682,Male,0,Yes,23,DSL,Month-to-month,Electronic check,67.07,1569.59,2.0,37.0,30232.0,2021-03-03,Yes
CUST-02683,Male,1,Yes,0,Fiber optic,Month-to-month,Credit card,73.69,15.96,0.0,37.0,43085.0,2021-08-06,Yes
CUST-02684,Female,1,Yes,16,Fiber optic,Month-to-month,Electronic check,73.34,,1.0,52.0,123669.0,2023-07-28,Yes
CUST-02685,Female,1,No,24,No,Month-to-month,Bank transfer,98.28,2304.16,2.0,46.0,89019.0,2018-07-01,No
CUST-02686,Female,0,No,60,Fiber optic,Month-to-month,Bank transfer,46.69,2873.29,2.0,46.0,84234.0,2019-09-04,No
CUST-02687,Male,0,Yes,11,DSL,Month-to-month,Bank transfer,85.65,960.0,2.0,48.0,36318.0,2021-10-07,No
CUST-02688,Male,0,Yes,34,Fiber optic,One year,Electronic check,40.07,1294.2,1.0,20.0,67901.0,2020-10-15,No
CUST-02689,Female,1,Yes,21,Fiber optic,Two year,Bank transfer,120.0,2455.32,1.0,52.0,42602.0,2019-10-15,No
CUST-02690,Male,0,Yes,62,Fiber optic,Two year,Bank transfer,40.99,2523.3,3.0,50.0,43579.0,2020-08-17,No
CUST-02691,Male,0,No,12,No,Two year,Electronic check,38.53,499.0,2.0,27.0,62680.0,2024-03-13,No
CUST-02692,Male,0,No,9,Fiber optic,Month-to-month,Bank transfer,81.49,763.16,2.0,38.0,34262.0,2018-02-19,Yes
CUST-02693,Male,0,No,52,Fiber optic,Month-to-month,Credit card,67.39,3560.86,1.0,41.0,120066.0,2018-12-11,No
CUST-02694,Male,0,Yes,1,Fiber optic,One year,Credit card,74.81,0.29,1.0,40.0,44530.0,2018-02-13,No
CUST-02695,Male,0,Yes,3,Fiber optic,One year,Mailed check,71.82,226.65,0.0,46.0,71041.0,2021-10-22,Yes
CUST-02696,Female,0,Yes,2,Fiber optic,One year,Electronic check,32.29,135.88,2.0,62.0,117402.0,2018-01-31,No
CUST-02697,Female,0,Yes,44,DSL,Month-to-month,Mailed check,113.4,5056.24,4.0,,91034.0,2020-11-29,Yes
CUST-02698,Male,0,Yes,0,No,Month-to-month,Bank transfer,91.81,17.95,5.0,23.0,21049.0,2023-07-07,Yes
CUST-02699,Male,0,Yes,47,Fiber optic,Month-to-month,Credit card,105.77,5088.59,1.0,50.0,64019.0,2018-08-16,No
CUST-02700,Female,0,Yes,14,DSL,Month-to-month,Credit card,49.15,718.56,0.0,60.0,81669.0,2020-05-05,Yes
CUST-02701,Male,1,No,0,No,Month-to-month,Credit card,77.5,52.14,1.0,47.0,83710.0,2020-06-04,No
CUST-02702,Female,0,No,12,No,Two year,Bank transfer,70.92,853.26,0.0,57.0,25135.0,2020-04-28,No
CUST-02703,Male,0,Yes,4,DSL,Month-to-month,Bank transfer,98.84,356.31,6.0,70.0,33050.0,2022-09-01,Yes
CUST-02704,Male,1,No,23,DSL,Two year,Electronic check,99.81,2251.87,1.0,56.0,89030.0,2018-01-11,No
CUST-02705,Male,0,Yes,27,Fiber optic,Two year,Mailed check,70.79,,,45.0,31037.0,2023-01-02,No
CUST-02706,Male,0,Yes,16,DSL,One year,Credit card,19.46,300.78,2.0,56.0,40953.0,2023-05-20,No
CUST-02707,Female,0,No,0,DSL,Two year,Bank transfer,118.39,0.0,0.0,44.0,126187.0,2020-10-07,No
CUST-02708,Female,0,Yes,25,No,Month-to-month,Mailed check,81.68,1990.71,0.0,42.0,47634.0,2023-09-10,No
CUST-02709,Female,0,No,44,Fiber optic,One year,Electronic check,46.75,2041.08,0.0,37.0,31695.0,2020-06-11,No
CUST-02710,Female,0,No,30,Fiber optic,Two year,Electronic check,77.2,2352.36,1.0,63.0,28953.0,2022-06-16,No
CUST-02711,Female,0,Yes,42,Fiber optic,Month-to-month,Bank transfer,19.67,825.34,2.0,30.0,59852.0,2020-06-30,No
CUST-02712,Male,0,No,5,Fiber optic,One year,Credit card,96.66,479.7,1.0,63.0,22028.0,2018-03-30,Yes
CUST-02713,Female,0,Yes,52,No,Month-to-month,Electronic check,20.86,1035.37,2.0,48.0,42260.0,2018-07-15,No
CUST-02714,Female,0,Yes,9,Fiber optic,Month-to-month,Electronic check,58.37,526.49,1.0,22.0,59870.0,2020-11-01,No
CUST-02715,Male,0,Yes,0,Fiber optic,Two year,Bank transfer,72.33,65.96,3.0,47.0,106882.0,2024-05-08,No
CUST-02716,Male,0,No,44,Fiber optic,One year,Electronic check,96.17,4239.26,0.0,18.0,73169.0,2019-02-21,No
CUST-02717,Male,1,Yes,68,No,Month-to-month,Electronic check,68.2,,0.0,50.0,31938.0,2023-09-30,No
CUST-02718,Female,0,Yes,25,Fiber optic,Two year,Electronic check,84.05,2038.67,0.0,54.0,99414.0,2023-11-25,No
CUST-02719,Female,0,Yes,6,No,Month-to-month,Mailed check,64.15,414.34,0.0,33.0,40957.0,2020-08-17,No
CUST-02720,Female,0,Yes,6,DSL,Two year,Bank transfer,64.03,372.96,0.0,43.0,23355.0,2020-12-18,No
CUST-02721,Male,0,Yes,15,DSL,Two year,Credit card,67.56,1009.67,1.0,69.0,44213.0,2021-03-24,No
CUST-02722,Female,1,No,54,DSL,Two year,Mailed check,59.33,3173.18,2.0,34.0,116180.0,2022-12-11,Yes
CUST-02723,Male,0,No,3,DSL,One year,Bank transfer,18.0,79.17,1.0,27.0,54130.0,2018-10-17,Yes
CUST-02724,Male,0,No,41,DSL,One year,Electronic check,41.95,1704.9,3.0,62.0,49390.0,2020-02-09,No
CUST-02725,Male,0,No,8,DSL,One year,Bank transfer,72.34,,2.0,69.0,130918.0,2019-02-04,No
CUST-02726,Male,0,No,39,No,Month-to-month,Bank transfer,57.53,2201.11,0.0,42.0,20768.0,2023-08-21,Yes
CUST-02727,Male,0,Yes,60,DSL,Month-to-month,Electronic check,60.33,3665.88,3.0,56.0,22666.0,2018-06-15,No
CUST-02728,Male,1,Yes,13,Fiber optic,Month-to-month,Bank transfer,55.3,707.84,1.0,60.0,18592.0,2022-10-18,Yes
CUST-02729,Female,0,No,10,No,One year,Electronic check,39.09,421.29,2.0,31.0,61303.0,2020-10-27,No
CUST-02730,Female,0,No,38,DSL,One year,Bank transfer,50.21,1848.3,0.0,,54170.0,2022-08-02,No
CUST-02731,Female,1,Yes,18,DSL,One year,Bank transfer,55.8,1091.09,1.0,59.0,123703.0,2023-09-17,No
CUST-02732,Male,0,No,27,DSL,One year,Bank transfer,65.15,1822.92,0.0,65.0,56731.0,2020-03-06,No
CUST-02733,Male,0,No,23,DSL,One year,Credit card,76.8,1670.91,1.0,49.0,38465.0,2019-06-16,No
CUST-02734,Male,0,No,3,No,One year,Credit card,59.58,138.64,3.0,29.0,49073.0,2022-03-04,No
CUST-02735,Female,0,No,44,No,Month-to-month,Credit card,34.11,,2.0,69.0,52608.0,2024-05-26,No
CUST-02736,Female,0,No,5,No,Month-to-month,Credit card,23.06,49.31,3.0,34.0,17978.0,2022-09-06,No
CUST-02737,Female,0,No,64,No,Month-to-month,Electronic check,120.0,7673.42,1.0,37.0,249246.0,2023-02-08,No
CUST-02738,Male,1,No,6,DSL,One year,Mailed check,31.11,207.99,0.0,46.0,66964.0,2022-01-15,No
CUST-02739,Male,0,Yes,31,Fiber optic,Month-to-month,Electronic check,49.44,1523.4,3.0,63.0,55603.0,2020-05-12,No
CUST-02740,Female,0,No,8,Fiber optic,One year,Electronic check,80.51,671.02,1.0,53.0,70905.0,2022-03-14,No
CUST-02741,Female,0,No,9,No,Month-to-month,Mailed check,75.83,647.8,3.0,47.0,75030.0,2018-10-29,Yes
CUST-02742,Male,0,No,8,DSL,Month-to-month,Credit card,80.63,532.83,4.0,48.0,45056.0,2021-02-19,No
CUST-02743,Male,0,No,33,Fiber optic,One year,Mailed check,51.72,1755.87,1.0,42.0,33565.0,2021-09-04,No
CUST-02744,Female,0,No,19,DSL,Month-to-month,Bank transfer,72.16,1419.83,2.0,49.0,70239.0,2023-10-26,No
CUST-02745,Female,0,No,51,DSL,One year,Mailed check,66.84,3534.02,2.0,18.0,61785.0,2023-11-25,No
CUST-02746,Female,0,No,8,Fiber optic,Two year,Bank transfer,55.64,334.76,0.0,37.0,30153.0,2018-05-21,No
CUST-02747,Male,0,No,28,DSL,One year,Credit card,72.36,2063.62,0.0,45.0,114854.0,2022-01-20,No
CUST-02748,Female,1,No,33,Fiber optic,One year,Electronic check,96.66,3091.35,1.0,25.0,58454.0,2023-02-09,No
CUST-02749,Male,0,Yes,3,Fiber optic,One year,Credit card,64.33,280.81,2.0,47.0,75954.0,2021-06-10,No
CUST-02750,Male,0,No,12,DSL,Month-to-month,Electronic check,64.53,798.75,2.0,39.0,113001.0,2018-08-13,Yes
CUST-02751,Male,0,Yes,15,DSL,One year,Credit card,97.04,1408.0,1.0,66.0,49668.0,2019-06-30,No
CUST-02752,Male,0,Yes,10,No,Month-to-month,Electronic check,93.84,977.41,0.0,64.0,59288.0,2020-01-05,No
CUST-02753,Male,0,No,9,Fiber optic,Month-to-month,Mailed check,112.52,985.03,4.0,35.0,79699.0,2022-04-02,No
CUST-02754,Male,0,No,27,Fiber optic,Month-to-month,Credit card,18.0,501.02,3.0,39.0,31732.0,2018-06-03,No
CUST-02755,Female,0,No,5,No,One year,Bank transfer,92.15,471.05,0.0,40.0,50636.0,2021-07-11,No
CUST-02756,Male,1,No,29,DSL,One year,Bank transfer,83.05,,2.0,35.0,52856.0,2018-09-13,Yes
CUST-02757,Male,0,No,65,DSL,Two year,Bank transfer,38.43,2588.7,1.0,44.0,27621.0,2020-07-14,No
CUST-02758,Female,0,No,19,DSL,Month-to-month,Electronic check,72.55,1348.59,2.0,31.0,196925.0,2020-09-24,No
CUST-02759,Female,1,Yes,22,Fiber optic,Month-to-month,Electronic check,96.53,2176.57,1.0,26.0,21070.0,2020-11-24,Yes
CUST-02760,Female,0,Yes,1,Fiber optic,One year,Electronic check,40.13,57.87,0.0,50.0,22497.0,2022-07-24,No
CUST-02761,Female,0,No,47,DSL,One year,Electronic check,78.28,3608.53,1.0,50.0,107854.0,2018-07-10,No
CUST-02762,Male,0,Yes,8,DSL,Month-to-month,Credit card,91.14,694.31,1.0,30.0,75204.0,2019-09-21,No
CUST-02763,Female,0,No,22,No,Month-to-month,Credit card,32.87,839.95,2.0,54.0,26487.0,2022-02-11,Yes
CUST-02764,Male,0,No,72,Fiber optic,One year,Electronic check,60.73,4390.45,1.0,33.0,70570.0,2024-01-20,No
CUST-02765,Female,0,No,21,No,Month-to-month,Credit card,74.03,1604.62,0.0,45.0,118268.0,2021-12-25,No
CUST-02766,Male,0,No,30,DSL,One year,Electronic check,41.12,1223.0,2.0,53.0,48138.0,2023-09-01,No
CUST-02767,Female,0,No,14,Fiber optic,One year,Electronic check,38.63,513.82,4.0,41.0,233116.0,2024-03-18,No
CUST-02768,Female,0,No,1,No,Month-to-month,Bank transfer,60.95,62.31,2.0,48.0,17423.0,2023-09-02,Yes
CUST-02769,Female,1,No,38,No,Month-to-month,Electronic check,89.05,3370.59,3.0,,74331.0,2024-03-27,No
CUST-02770,Male,0,No,0,DSL,Two year,Electronic check,84.31,0.0,1.0,39.0,98707.0,2022-12-26,No
CUST-02771,Female,0,Yes,28,DSL,Month-to-month,Bank transfer,39.16,1046.31,1.0,39.0,83684.0,2023-09-10,No
CUST-02772,Male,0,No,0,DSL,Month-to-month,Credit card,84.57,35.39,3.0,31.0,43364.0,2021-02-25,No
CUST-02773,Male,0,Yes,47,Fiber optic,One year,Bank transfer,39.92,1857.21,3.0,39.0,,2020-03-20,No
CUST-02774,Female,1,No,4,Fiber optic,One year,Electronic check,18.0,73.29,3.0,20.0,63990.0,2024-05-31,No
CUST-02775,Female,0,No,17,Fiber optic,One year,Mailed check,53.99,929.58,3.0,35.0,79973.0,2018-08-18,No
CUST-02776,Female,0,Yes,21,DSL,One year,Bank transfer,98.69,2088.14,2.0,38.0,70367.0,2024-02-24,No
CUST-02777,Female,1,No,14,Fiber optic,Two year,Bank transfer,84.68,1242.85,1.0,38.0,91494.0,2020-10-06,No
CUST-02778,Male,0,No,10,DSL,Month-to-month,Credit card,,594.57,3.0,38.0,26600.0,2018-02-22,No
CUST-02779,Male,0,No,15,No,One year,Credit card,52.5,816.01,4.0,41.0,42759.0,2023-02-25,No
CUST-02780,Male,0,No,8,Fiber optic,One year,Credit card,53.31,464.23,5.0,48.0,27889.0,2020-11-06,Yes
CUST-02781,Male,0,Yes,13,Fiber optic,Month-to-month,Bank transfer,68.26,936.67,2.0,54.0,,2023-02-15,No
CUST-02782,Male,0,Yes,10,Fiber optic,Month-to-month,Mailed check,32.95,258.85,2.0,32.0,90141.0,2018-04-16,No
CUST-02783,Male,0,No,20,DSL,One year,Bank transfer,54.56,1103.94,1.0,25.0,52302.0,2024-04-01,No
CUST-02784,Female,0,Yes,6,Fiber optic,Month-to-month,Bank transfer,58.53,436.98,1.0,,234243.0,2022-04-22,Yes
CUST-02785,Male,0,No,72,DSL,Two year,Electronic check,24.47,1756.88,0.0,35.0,55052.0,2018-04-23,No
CUST-02786,Male,0,Yes,16,Fiber optic,One year,Mailed check,39.85,661.77,0.0,37.0,50808.0,2018-01-11,No
CUST-02787,Male,0,No,5,Fiber optic,One year,Electronic check,77.32,425.62,1.0,31.0,52245.0,2021-10-23,Yes
CUST-02788,Male,0,Yes,15,DSL,Two year,Credit card,65.29,928.08,0.0,23.0,33433.0,2024-04-06,No
CUST-02789,Male,0,Yes,48,Fiber optic,One year,Electronic check,55.74,2767.21,3.0,35.0,47348.0,2021-05-12,No
CUST-02790,Female,0,No,0,DSL,One year,Credit card,37.66,24.98,1.0,44.0,96439.0,2020-04-09,Yes
CUST-02791,Male,0,No,27,DSL,One year,Mailed check,112.31,3058.35,4.0,50.0,,2024-01-09,Yes
CUST-02792,Male,0,Yes,19,No,One year,Bank transfer,39.86,674.24,4.0,34.0,30452.0,2024-04-24,No
CUST-02793,Female,0,Yes,4,Fiber optic,One year,Electronic check,72.55,329.93,1.0,36.0,28140.0,2023-01-13,Yes
CUST-02794,Male,0,No,40,Fiber optic,Month-to-month,Bank transfer,50.36,2039.72,1.0,29.0,,2022-08-10,No
CUST-02795,Female,0,No,11,Fiber optic,Two year,Electronic check,66.09,808.2,0.0,41.0,51242.0,2018-01-05,No
CUST-02796,Female,1,Yes,8,Fiber optic,Month-to-month,Mailed check,78.73,614.28,4.0,30.0,100323.0,2020-01-05,No
CUST-02797,Female,0,No,42,Fiber optic,One year,Electronic check,23.89,954.0,2.0,50.0,21932.0,2023-12-08,No
CUST-02798,Female,0,Yes,24,DSL,Month-to-month,Mailed check,64.8,1521.09,1.0,18.0,40461.0,2020-05-12,No
CUST-02799,Female,0,No,54,Fiber optic,One year,Credit card,100.72,5413.63,2.0,36.0,53454.0,2020-02-23,No
CUST-02800,Female,1,Yes,23,Fiber optic,Two year,Bank transfer,117.85,2654.61,1.0,46.0,16313.0,2021-06-12,No
CUST-02801,Female,0,Yes,32,No,Two year,Electronic check,61.1,2019.71,4.0,44.0,29727.0,2020-11-15,No
CUST-02802,Male,0,Yes,43,DSL,One year,Mailed check,66.25,2915.13,2.0,79.0,32599.0,2023-07-06,No
CUST-02803,Male,0,No,1,DSL,One year,Credit card,120.0,110.21,,46.0,30406.0,2018-07-11,No
CUST-02804,Male,0,No,35,No,Month-to-month,Bank transfer,99.05,3447.11,0.0,,55002.0,2022-03-24,No
CUST-02805,Male,0,No,22,Fiber optic,Month-to-month,Electronic check,46.48,931.79,3.0,40.0,44518.0,2022-06-22,Yes
CUST-02806,Male,0,No,1,No,Month-to-month,Electronic check,46.43,81.23,4.0,18.0,35130.0,2023-08-25,Yes
CUST-02807,Female,0,Yes,17,Fiber optic,Month-to-month,Bank transfer,,1675.57,0.0,40.0,63372.0,2020-09-01,No
CUST-02808,Female,1,Yes,2,Fiber optic,Two year,Electronic check,34.67,37.48,2.0,30.0,137839.0,2019-11-23,No
CUST-02809,Female,0,No,31,DSL,Month-to-month,Bank transfer,97.63,3020.69,3.0,54.0,131078.0,2022-01-08,Yes
CUST-02810,Male,0,No,18,DSL,One year,Bank transfer,75.03,1372.25,0.0,34.0,15465.0,2022-08-26,No
CUST-02811,Male,1,Yes,72,Fiber optic,Two year,Electronic check,80.53,5884.38,0.0,40.0,69302.0,2019-02-05,No
CUST-02812,Female,0,No,4,DSL,One year,Bank transfer,57.3,239.19,1.0,33.0,44054.0,2019-01-06,Yes
CUST-02813,Male,0,Yes,22,Fiber optic,Month-to-month,Credit card,46.11,1024.19,0.0,66.0,53803.0,2019-09-10,No
CUST-02814,Female,0,No,5,No,Month-to-month,Mailed check,108.86,553.27,1.0,37.0,38600.0,2019-08-04,Yes
CUST-02815,Male,0,No,22,DSL,Month-to-month,Electronic check,57.6,1195.95,6.0,67.0,52604.0,2022-10-25,Yes
CUST-02816,Female,0,Yes,30,DSL,One year,Bank transfer,52.67,1507.76,1.0,53.0,53682.0,2021-05-28,Yes
CUST-02817,Female,0,Yes,30,No,Month-to-month,Electronic check,62.6,1837.6,4.0,48.0,34635.0,2021-07-07,No
CUST-02818,Female,0,No,40,DSL,One year,Credit card,70.79,2882.24,1.0,47.0,28629.0,2018-02-04,No
CUST-02819,Male,0,Yes,46,Fiber optic,Two year,Credit card,34.08,1550.91,1.0,47.0,37450.0,2024-05-18,No
CUST-02820,Female,0,Yes,1,No,Month-to-month,Credit card,48.05,21.57,2.0,18.0,56418.0,2023-04-29,No
CUST-02821,Male,1,Yes,10,DSL,Month-to-month,Mailed check,46.46,437.24,1.0,38.0,70220.0,2020-11-05,No
CUST-02822,Male,1,Yes,27,No,One year,Bank transfer,90.36,2432.84,2.0,53.0,81798.0,2018-06-06,Yes
CUST-02823,Female,1,No,16,Fiber optic,Month-to-month,Credit card,38.42,699.83,3.0,41.0,36442.0,2022-06-15,No
CUST-02824,Male,0,No,5,DSL,One year,Electronic check,18.0,82.44,2.0,22.0,58122.0,2021-06-07,No
CUST-02825,Male,0,No,19,No,One year,Electronic check,18.0,302.69,1.0,41.0,87334.0,2022-05-07,No
CUST-02826,Female,0,No,12,Fiber optic,Month-to-month,Mailed check,20.89,251.94,1.0,65.0,98652.0,2022-05-07,No
CUST-02827,Male,0,No,11,Fiber optic,Two year,Credit card,105.85,1252.1,0.0,59.0,47320.0,2018-12-29,Yes
CUST-02828,Female,0,No,39,Fiber optic,Month-to-month,Mailed check,65.49,,1.0,41.0,42934.0,2020-02-10,No
CUST-02829,Female,0,No,12,DSL,Month-to-month,Mailed check,80.04,901.43,3.0,55.0,54977.0,2018-02-11,No
CUST-02830,Male,0,No,0,DSL,Two year,Bank transfer,81.09,0.0,2.0,36.0,24591.0,2024-04-20,No
CUST-02831,Female,0,Yes,1,DSL,Month-to-month,Bank transfer,66.69,73.13,2.0,18.0,43644.0,2023-03-05,No
CUST-02832,Male,0,Yes,46,DSL,Month-to-month,Electronic check,62.76,2921.37,2.0,29.0,76630.0,2023-12-17,No
CUST-02833,Female,0,Yes,72,DSL,Two year,Bank transfer,96.34,6986.82,2.0,63.0,72053.0,2018-04-14,No
CUST-02834,Male,0,No,27,DSL,Month-to-month,Bank transfer,69.38,1820.97,,38.0,41682.0,2021-03-18,No
CUST-02835,Female,0,Yes,10,DSL,Month-to-month,Bank transfer,106.97,1022.16,0.0,38.0,55861.0,2022-10-18,Yes
CUST-02836,Female,1,No,66,DSL,One year,Bank transfer,83.62,5502.76,0.0,37.0,29887.0,2018-08-31,No
CUST-02837,Female,1,No,26,Fiber optic,Month-to-month,Mailed check,46.47,1242.44,1.0,68.0,74764.0,2022-12-26,No
CUST-02838,Male,0,No,44,DSL,One year,Credit card,50.09,2140.96,3.0,64.0,46784.0,2022-02-26,No
CUST-02839,Male,1,Yes,34,Fiber optic,Month-to-month,Mailed check,43.18,1437.75,0.0,73.0,41540.0,2024-04-26,No
CUST-02840,Male,0,Yes,11,Fiber optic,One year,Mailed check,101.53,1087.19,1.0,39.0,,2018-11-27,No
CUST-02841,Male,0,No,15,No,Month-to-month,Bank transfer,52.85,839.84,3.0,46.0,47205.0,2022-01-14,No
CUST-02842,Male,0,No,4,Fiber optic,Two year,Credit card,41.05,190.61,3.0,20.0,37469.0,2024-01-29,No
CUST-02843,Female,0,No,8,No,Month-to-month,Bank transfer,74.59,641.91,2.0,62.0,72757.0,2022-10-09,No
CUST-02844,Male,0,Yes,36,Fiber optic,One year,Electronic check,62.08,2301.81,1.0,25.0,38670.0,2020-02-27,No
CUST-02845,Male,0,Yes,53,DSL,Two year,Electronic check,73.84,3898.24,2.0,45.0,127488.0,2018-10-07,No
CUST-02846,Female,0,Yes,30,Fiber optic,Month-to-month,Electronic check,120.0,,0.0,26.0,118081.0,2024-03-08,No
CUST-02847,Male,0,No,15,Fiber optic,Month-to-month,Electronic check,92.39,1326.8,1.0,33.0,28712.0,2018-06-18,Yes
CUST-02848,Male,0,No,2,Fiber optic,Month-to-month,Bank transfer,65.81,39.71,1.0,30.0,51114.0,2024-04-03,No
CUST-02849,Female,0,No,1,Fiber optic,Two year,Credit card,22.75,0.0,0.0,33.0,33176.0,2019-12-13,No
CUST-02850,Male,0,No,11,Fiber optic,One year,Bank transfer,50.0,530.79,2.0,34.0,40296.0,2023-07-09,Yes
CUST-02851,Female,1,No,14,DSL,Two year,Electronic check,86.33,1248.0,2.0,,162992.0,2021-07-22,No
CUST-02852,Male,1,No,22,No,One year,Electronic check,29.87,657.99,0.0,53.0,40760.0,2023-11-09,No
CUST-02853,Female,0,No,0,Fiber optic,Month-to-month,Bank transfer,120.0,0.0,0.0,26.0,60848.0,2020-09-26,No
CUST-02854,Male,0,No,72,Fiber optic,Month-to-month,Bank transfer,65.43,4705.16,0.0,45.0,67832.0,2023-06-15,No
CUST-02855,Male,0,Yes,10,No,Two year,Credit card,66.47,612.75,2.0,59.0,26893.0,2019-07-13,No
CUST-02856,Male,0,Yes,45,Fiber optic,Month-to-month,Credit card,45.0,2076.27,2.0,34.0,29346.0,2020-12-29,No
CUST-02857,Male,0,Yes,18,Fiber optic,Month-to-month,Credit card,79.9,1398.9,0.0,,23774.0,2023-06-06,Yes
CUST-02858,Female,0,No,3,No,One year,Mailed check,30.26,,6.0,38.0,28808.0,2018-10-05,No
CUST-02859,Male,0,No,38,Fiber optic,Month-to-month,Bank transfer,120.0,4600.89,3.0,58.0,15000.0,2022-09-04,Yes
CUST-02860,Female,0,Yes,29,Fiber optic,Month-to-month,Electronic check,104.52,3059.79,2.0,44.0,67965.0,2020-10-20,Yes
CUST-02861,Female,0,Yes,17,No,One year,Electronic check,94.53,1520.83,0.0,34.0,168133.0,2021-04-17,No
CUST-02862,Male,0,No,17,DSL,Month-to-month,Electronic check,23.29,438.68,1.0,48.0,53567.0,2021-09-18,Yes
CUST-02863,Female,1,Yes,2,Fiber optic,Month-to-month,Electronic check,71.16,105.24,2.0,26.0,20957.0,2019-10-08,Yes
CUST-02864,Female,0,Yes,25,DSL,One year,Electronic check,101.27,2513.04,5.0,51.0,33334.0,2018-08-14,No
CUST-02865,Female,0,No,58,Fiber optic,One year,Credit card,,4811.17,2.0,47.0,37222.0,2018-02-13,No
CUST-02866,Female,0,Yes,2,DSL,Month-to-month,Mailed check,34.94,99.21,3.0,37.0,26620.0,2020-10-06,No
CUST-02867,Male,0,Yes,7,Fiber optic,Month-to-month,Credit card,45.5,340.77,3.0,30.0,,2019-09-22,No
CUST-02868,Male,0,No,55,DSL,Two year,Credit card,51.44,,1.0,29.0,79710.0,2022-01-22,No
CUST-02869,Male,0,No,8,DSL,Month-to-month,Credit card,46.9,353.97,5.0,49.0,24507.0,2022-08-05,No
CUST-02870,Female,0,Yes,25,No,Month-to-month,Credit card,110.86,2792.11,1.0,59.0,75739.0,2021-03-26,No
CUST-02871,Male,0,No,18,DSL,Month-to-month,Bank transfer,18.0,318.08,1.0,33.0,122527.0,2021-12-21,No
CUST-02872,Female,0,No,21,DSL,Month-to-month,Mailed check,84.68,1868.55,2.0,48.0,153512.0,2021-08-06,No
CUST-02873,Male,0,Yes,12,DSL,One year,Bank transfer,26.23,344.08,1.0,18.0,273519.0,2018-01-11,No
CUST-02874,Female,0,Yes,8,Fiber optic,Two year,Credit card,36.16,243.11,1.0,33.0,28532.0,2023-05-27,Yes
CUST-02875,Female,0,Yes,1,Fiber optic,Month-to-month,Credit card,18.0,0.0,2.0,41.0,266874.0,2018-05-20,No
CUST-02876,Female,1,No,32,No,One year,Credit card,48.53,1555.37,1.0,29.0,39635.0,2020-08-19,No
CUST-02877,Male,0,No,32,DSL,Two year,Bank transfer,110.32,3595.21,4.0,28.0,34355.0,2018-09-18,No
CUST-02878,Male,0,Yes,26,Fiber optic,Month-to-month,Mailed check,,,0.0,32.0,59649.0,2022-04-01,No
CUST-02879,Female,0,No,24,Fiber optic,Month-to-month,Credit card,29.05,677.39,2.0,46.0,34570.0,2020-02-02,No
CUST-02880,Female,0,No,6,Fiber optic,One year,Credit card,95.51,526.38,1.0,39.0,62281.0,2018-06-16,No
CUST-02881,Male,0,Yes,0,Fiber optic,Month-to-month,Mailed check,101.94,0.0,2.0,18.0,22202.0,2018-04-17,Yes
CUST-02882,Female,1,No,39,Fiber optic,One year,Bank transfer,68.12,2669.3,1.0,18.0,42478.0,2019-07-10,No
CUST-02883,Male,0,Yes,16,DSL,One year,Credit card,120.0,2035.19,1.0,33.0,106016.0,2022-04-13,No
CUST-02884,Female,0,Yes,8,DSL,Month-to-month,Mailed check,89.65,,0.0,48.0,47370.0,2022-08-10,Yes
CUST-02885,Female,0,Yes,2,Fiber optic,Month-to-month,Credit card,85.48,91.26,0.0,18.0,53367.0,2018-10-28,Yes
CUST-02886,Female,0,No,1,Fiber optic,Month-to-month,Electronic check,40.9,4.6,1.0,35.0,65196.0,2018-11-22,No
CUST-02887,Male,0,No,10,Fiber optic,Month-to-month,Mailed check,83.82,807.0,1.0,34.0,98952.0,2021-10-21,No
CUST-02888,Male,0,No,39,Fiber optic,Month-to-month,Mailed check,71.5,2747.4,0.0,61.0,,2024-02-21,Yes
CUST-02889,Female,0,No,60,Fiber optic,One year,Bank transfer,80.59,4816.01,2.0,36.0,69613.0,2021-07-19,No
CUST-02890,Female,0,Yes,54,Fiber optic,Month-to-month,Electronic check,44.46,2419.31,2.0,47.0,41735.0,2022-07-26,No
CUST-02891,Female,1,No,60,DSL,One year,Electronic check,68.84,4164.5,1.0,43.0,54175.0,2021-09-10,No
CUST-02892,Male,1,Yes,57,Fiber optic,Month-to-month,Credit card,40.49,2362.52,0.0,18.0,92593.0,2018-09-03,No
CUST-02893,Male,0,No,17,DSL,One year,Electronic check,18.0,332.21,2.0,52.0,23944.0,2024-01-27,No
CUST-02894,Male,0,No,5,Fiber optic,Two year,Electronic check,94.95,377.04,4.0,45.0,26699.0,2018-06-18,No
CUST-02895,Female,0,Yes,38,Fiber optic,Two year,Bank transfer,19.93,704.47,1.0,49.0,15348.0,2022-11-16,Yes
CUST-02896,Female,0,Yes,5,Fiber optic,Month-to-month,Mailed check,68.22,333.2,1.0,85.0,35260.0,2024-04-13,No
CUST-02897,Female,0,Yes,7,Fiber optic,Month-to-month,Credit card,74.99,532.29,0.0,18.0,108908.0,2020-01-18,No
CUST-02898,Male,0,No,6,DSL,Month-to-month,Mailed check,74.8,491.87,2.0,66.0,45599.0,2019-02-07,No
CUST-02899,Male,0,No,17,DSL,Month-to-month,Bank transfer,56.51,962.83,1.0,37.0,21936.0,2021-08-19,No
CUST-02900,Female,1,No,9,DSL,Two year,Mailed check,73.14,660.8,5.0,46.0,36628.0,2023-02-06,Yes
CUST-02901,Female,0,Yes,4,DSL,One year,Credit card,79.13,328.41,4.0,41.0,20076.0,2024-02-03,Yes
CUST-02902,Male,0,No,14,Fiber optic,One year,Electronic check,87.05,1205.95,3.0,36.0,24956.0,2022-06-14,No
CUST-02903,Male,0,No,49,No,One year,Mailed check,117.0,5737.34,1.0,34.0,61900.0,2020-02-26,No
CUST-02904,Female,0,Yes,20,DSL,One year,Credit card,72.03,1496.89,,46.0,24237.0,2021-03-04,No
CUST-02905,Male,0,Yes,50,DSL,One year,Bank transfer,66.92,3341.8,,20.0,95566.0,2022-11-19,No
CUST-02906,Female,1,No,5,No,Month-to-month,Bank transfer,37.8,187.49,1.0,52.0,46972.0,2023-01-21,No
CUST-02907,Male,0,No,4,Fiber optic,Month-to-month,Electronic check,78.08,310.64,3.0,36.0,51604.0,2018-06-24,Yes
CUST-02908,Female,0,Yes,20,Fiber optic,One year,Mailed check,85.02,,1.0,26.0,41480.0,2021-12-08,No
CUST-02909,Female,0,Yes,14,No,Two year,Electronic check,59.23,773.82,3.0,35.0,77941.0,2024-03-16,No
CUST-02910,Male,0,Yes,25,Fiber optic,Month-to-month,Electronic check,81.34,2122.29,1.0,59.0,78424.0,2023-01-14,No
CUST-02911,Female,0,Yes,37,Fiber optic,One year,Mailed check,56.22,2021.32,1.0,34.0,59936.0,2018-01-18,No
CUST-02912,Male,1,Yes,33,Fiber optic,Month-to-month,Credit card,85.13,2776.58,3.0,47.0,,2019-06-12,No
CUST-02913,Male,0,Yes,68,DSL,Month-to-month,Electronic check,92.38,6319.08,2.0,31.0,43163.0,2020-11-08,No
CUST-02914,Male,0,Yes,12,Fiber optic,Month-to-month,Electronic check,91.96,1155.04,2.0,52.0,67868.0,2022-07-13,No
CUST-02915,Female,0,Yes,5,DSL,One year,Electronic check,68.54,272.53,2.0,51.0,40025.0,2021-07-24,No
CUST-02916,Male,0,No,19,Fiber optic,Month-to-month,Bank transfer,33.8,587.56,2.0,67.0,49086.0,2018-07-01,No
CUST-02917,Male,0,Yes,2,DSL,One year,Mailed check,46.64,,1.0,39.0,41573.0,2022-09-26,Yes
CUST-02918,Male,0,No,8,Fiber optic,Month-to-month,Mailed check,82.85,780.02,3.0,51.0,37259.0,2023-05-20,No
CUST-02919,Female,0,Yes,5,Fiber optic,One year,Credit card,,662.31,3.0,43.0,32420.0,2019-04-28,No
CUST-02920,Female,0,No,12,DSL,Month-to-month,Electronic check,54.78,644.96,1.0,60.0,64900.0,2018-06-07,No
CUST-02921,Male,0,Yes,2,DSL,Month-to-month,Mailed check,78.68,36.4,1.0,31.0,107620.0,2023-01-28,No
CUST-02922,Male,0,Yes,0,Fiber optic,Month-to-month,Electronic check,48.32,4.08,2.0,52.0,98978.0,2022-02-09,Yes
CUST-02923,Female,0,No,25,Fiber optic,Month-to-month,Electronic check,35.78,912.61,0.0,39.0,23064.0,2023-02-26,Yes
CUST-02924,Male,0,Yes,22,No,Month-to-month,Electronic check,44.71,964.49,2.0,41.0,106246.0,2021-08-20,No
CUST-02925,Female,0,Yes,29,No,Two year,Electronic check,18.0,,0.0,43.0,40501.0,2020-10-01,No
CUST-02926,Male,0,Yes,25,DSL,Month-to-month,Mailed check,105.6,2647.96,1.0,45.0,70293.0,2024-03-06,No
CUST-02927,Female,0,No,2,Fiber optic,One year,Electronic check,18.0,0.0,3.0,40.0,28460.0,2023-01-02,Yes
CUST-02928,Male,0,No,8,Fiber optic,One year,Electronic check,57.09,550.34,1.0,45.0,53379.0,2020-08-23,No
CUST-02929,Male,0,Yes,3,Fiber optic,One year,Electronic check,29.66,164.82,2.0,64.0,59173.0,2023-10-28,No
CUST-02930,Female,0,No,44,No,One year,Electronic check,38.47,1725.58,1.0,55.0,20115.0,2024-05-16,No
CUST-02931,Female,0,Yes,32,Fiber optic,Two year,Electronic check,106.3,3406.09,0.0,54.0,70612.0,2019-12-24,No
CUST-02932,Male,0,No,5,Fiber optic,Two year,Electronic check,,322.14,1.0,35.0,109925.0,2023-09-23,No
CUST-02933,Female,0,No,10,Fiber optic,Month-to-month,Credit card,36.04,359.36,1.0,29.0,44143.0,2018-04-17,No
CUST-02934,Male,1,Yes,72,DSL,One year,Bank transfer,47.31,3488.28,2.0,55.0,110868.0,2019-05-18,No
CUST-02935,Female,1,No,21,Fiber optic,Month-to-month,Bank transfer,42.04,926.27,5.0,54.0,43747.0,2019-01-13,No
CUST-02936,Male,1,Yes,38,DSL,Month-to-month,Credit card,63.69,2430.4,0.0,62.0,81613.0,2020-04-15,No
CUST-02937,Male,0,Yes,7,DSL,Month-to-month,Bank transfer,70.19,537.53,0.0,33.0,15000.0,2021-08-11,No
CUST-02938,Female,0,No,5,DSL,Two year,Bank transfer,120.0,627.28,3.0,38.0,209246.0,2022-08-14,Yes
CUST-02939,Male,0,Yes,36,Fiber optic,One year,Bank transfer,18.0,667.81,3.0,19.0,120243.0,2023-10-17,No
CUST-02940,Female,0,No,27,No,One year,Bank transfer,63.96,1775.95,5.0,36.0,41325.0,2019-01-07,No
CUST-02941,Female,0,Yes,27,DSL,Month-to-month,Credit card,55.53,1525.16,2.0,55.0,15014.0,2021-09-16,No
CUST-02942,Female,0,Yes,19,Fiber optic,Month-to-month,Electronic check,93.4,,1.0,35.0,58268.0,2021-07-23,Yes
CUST-02943,Female,0,No,19,DSL,Month-to-month,Electronic check,75.64,1445.23,2.0,50.0,20612.0,2020-12-10,No
CUST-02944,Male,0,No,31,DSL,One year,Electronic check,82.71,2551.3,5.0,39.0,64017.0,2022-06-16,No
CUST-02945,Female,0,No,7,No,Month-to-month,Credit card,75.35,500.04,2.0,46.0,62751.0,2021-04-17,Yes
CUST-02946,Male,0,No,10,DSL,One year,Mailed check,37.04,337.03,1.0,25.0,27865.0,2021-07-13,No
CUST-02947,Female,1,No,49,DSL,Two year,Credit card,101.34,4885.4,4.0,43.0,96045.0,2023-10-18,No
CUST-02948,Female,0,No,8,DSL,Two year,Mailed check,88.96,666.08,3.0,18.0,79486.0,2023-07-09,No
CUST-02949,Female,0,No,18,DSL,Two year,Mailed check,92.47,1617.42,2.0,39.0,88035.0,2021-09-14,No
CUST-02950,Male,0,No,29,Fiber optic,Month-to-month,Mailed check,102.92,2959.31,0.0,,49282.0,2019-01-01,Yes
CUST-02951,Male,0,No,72,DSL,Two year,Bank transfer,77.53,,1.0,58.0,20966.0,2024-02-25,No
CUST-02952,Male,0,Yes,13,Fiber optic,Two year,Bank transfer,109.43,1414.71,1.0,52.0,88143.0,2021-12-29,No
CUST-02953,Female,0,Yes,13,,Two year,Mailed check,76.33,1004.38,0.0,48.0,41680.0,2023-03-07,No
CUST-02954,Female,0,No,44,Fiber optic,Two year,Bank transfer,58.43,2584.59,1.0,63.0,,2018-05-09,No
CUST-02955,Female,0,Yes,39,No,Two year,Electronic check,64.8,2606.58,1.0,28.0,110329.0,2023-10-03,No
CUST-02956,Female,0,Yes,31,DSL,Month-to-month,Bank transfer,64.28,1963.9,1.0,66.0,172757.0,2022-06-13,No
CUST-02957,Female,0,Yes,14,Fiber optic,Month-to-month,Mailed check,49.42,680.75,2.0,,47822.0,2022-05-25,No
CUST-02958,Male,0,No,9,Fiber optic,One year,Credit card,113.96,1020.33,3.0,38.0,179059.0,2018-09-15,No
CUST-02959,Male,0,Yes,22,DSL,One year,Credit card,73.89,1682.41,1.0,57.0,51781.0,2022-07-29,No
CUST-02960,Male,0,Yes,50,No,Month-to-month,Mailed check,67.84,3459.21,2.0,26.0,39015.0,2018-06-29,No
CUST-02961,Female,0,No,51,Fiber optic,One year,Electronic check,76.65,,1.0,30.0,33581.0,2018-05-11,Yes
CUST-02962,Male,0,Yes,2,DSL,Month-to-month,Credit card,120.0,301.65,3.0,33.0,130907.0,2020-02-02,No
CUST-02963,Male,0,No,13,DSL,Month-to-month,Electronic check,31.05,412.53,1.0,34.0,30696.0,2018-02-24,No
CUST-02964,Female,0,No,14,DSL,Month-to-month,Mailed check,39.65,546.47,3.0,27.0,76203.0,2019-01-10,No
CUST-02965,Female,0,No,72,No,Month-to-month,Electronic check,23.58,1756.7,2.0,59.0,35048.0,2022-08-29,No
CUST-02966,Female,0,Yes,27,Fiber optic,One year,Mailed check,58.02,1590.92,2.0,38.0,37190.0,2023-05-11,No
CUST-02967,Female,0,Yes,12,Fiber optic,Two year,Bank transfer,72.37,831.66,0.0,46.0,90957.0,2019-02-25,No
CUST-02968,Female,0,Yes,0,DSL,One year,Mailed check,51.04,49.87,1.0,34.0,39025.0,2023-04-13,No
CUST-02969,Male,0,No,19,Fiber optic,One year,Credit card,48.81,916.97,1.0,18.0,38450.0,2021-01-30,Yes
CUST-02970,Female,1,No,2,No,Month-to-month,Bank transfer,69.27,122.0,0.0,45.0,96730.0,2024-02-23,No
CUST-02971,Male,0,No,43,Fiber optic,One year,Bank transfer,49.94,2192.07,0.0,18.0,127827.0,2018-11-23,No
CUST-02972,Female,0,No,33,DSL,Two year,Mailed check,74.31,,1.0,41.0,72172.0,2018-05-06,No
CUST-02973,Female,0,No,14,DSL,One year,Electronic check,98.43,1397.47,3.0,22.0,33095.0,2023-06-04,No
CUST-02974,Female,0,No,13,DSL,Month-to-month,Bank transfer,85.31,1142.13,2.0,69.0,36085.0,2020-04-28,No
CUST-02975,Female,0,No,54,DSL,Two year,Bank transfer,91.43,4898.07,1.0,54.0,51428.0,2020-12-07,No
CUST-02976,Female,0,Yes,8,Fiber optic,Two year,Mailed check,97.58,799.88,1.0,43.0,59430.0,2021-04-14,No
CUST-02977,Male,0,Yes,6,DSL,Month-to-month,Mailed check,73.48,508.35,2.0,59.0,27099.0,2023-04-18,No
CUST-02978,Female,1,Yes,67,No,Month-to-month,Mailed check,60.24,3988.26,2.0,30.0,75646.0,2018-06-28,No
CUST-02979,Female,0,Yes,39,Fiber optic,Month-to-month,Bank transfer,41.83,1653.87,2.0,49.0,51601.0,2021-07-15,No
CUST-02980,Female,1,Yes,41,Fiber optic,Month-to-month,Bank transfer,53.26,2142.19,1.0,44.0,17510.0,2020-10-05,No
CUST-02981,Female,0,No,5,Fiber optic,Two year,Bank transfer,49.29,297.52,1.0,45.0,28075.0,2020-03-08,No
CUST-02982,Female,0,No,3,DSL,Two year,Credit card,86.95,311.45,1.0,59.0,36225.0,2020-03-26,Yes
CUST-02983,Female,0,No,0,DSL,One year,Bank transfer,75.4,0.0,5.0,52.0,46924.0,2023-12-20,No
CUST-02984,Male,0,Yes,6,No,One year,Electronic check,85.9,625.88,0.0,46.0,152293.0,2019-09-21,Yes
CUST-02985,Male,0,Yes,35,Fiber optic,One year,Bank transfer,30.19,1111.98,1.0,18.0,56551.0,2020-12-01,No
CUST-02986,Female,0,Yes,6,DSL,Month-to-month,Bank transfer,107.95,683.05,1.0,28.0,29600.0,2021-02-28,Yes
CUST-02987,Male,1,Yes,31,DSL,One year,Electronic check,52.19,1650.42,2.0,40.0,55959.0,2022-08-14,No
CUST-02988,Male,1,Yes,6,DSL,Two year,Mailed check,32.0,241.2,1.0,43.0,39685.0,2021-04-30,No
CUST-02989,Female,0,Yes,12,DSL,Two year,Bank transfer,51.82,572.06,2.0,26.0,59566.0,2021-12-26,No
CUST-02990,Female,0,Yes,72,DSL,Month-to-month,Bank transfer,120.0,8649.73,4.0,75.0,69448.0,2020-07-23,No
CUST-02991,Male,0,Yes,6,DSL,Month-to-month,Credit card,53.37,339.38,1.0,63.0,101269.0,2022-08-11,No
CUST-02992,Male,0,Yes,11,Fiber optic,Month-to-month,Credit card,55.25,587.74,1.0,50.0,,2020-12-27,No
CUST-02993,Female,0,Yes,8,No,One year,Electronic check,59.24,497.16,0.0,43.0,131055.0,2019-06-06,No
CUST-02994,Female,0,No,2,DSL,One year,Bank transfer,60.54,182.66,1.0,39.0,84525.0,2023-03-30,No
CUST-02995,Female,0,No,16,Fiber optic,Month-to-month,Bank transfer,41.56,643.87,2.0,28.0,32065.0,2022-11-29,No
CUST-02996,Female,0,No,11,DSL,One year,Electronic check,69.3,759.58,0.0,43.0,184593.0,2022-01-10,No
CUST-02997,Male,0,No,28,DSL,Month-to-month,Electronic check,97.27,2682.53,0.0,45.0,59646.0,2021-05-07,No
CUST-02998,Female,0,No,40,Fiber optic,Month-to-month,Electronic check,74.43,2887.85,2.0,24.0,29700.0,2019-05-04,Yes
CUST-02999,Female,0,No,18,No,Two year,Electronic check,31.67,609.01,2.0,46.0,132157.0,2023-07-28,No
CUST-03000,Male,0,No,0,DSL,Month-to-month,Credit card,54.67,0.0,1.0,39.0,170530.0,2018-08-16,Yes
CUST-03001,Male,0,Yes,23,Fiber optic,Month-to-month,Electronic check,48.45,1116.73,1.0,18.0,48059.0,2020-06-16,No
CUST-03002,Male,0,No,1,No,Month-to-month,Electronic check,66.59,17.25,2.0,29.0,36236.0,2023-06-21,Yes
CUST-03003,Female,0,No,22,Fiber optic,Month-to-month,Electronic check,104.91,2298.74,1.0,36.0,44204.0,2021-10-27,Yes
CUST-03004,Female,1,Yes,27,DSL,One year,Bank transfer,60.53,1689.14,3.0,,75270.0,2020-10-24,No
CUST-03005,Male,0,Yes,5,DSL,One year,Electronic check,62.36,311.84,0.0,49.0,105526.0,2023-01-29,Yes
CUST-03006,Male,0,Yes,41,,Month-to-month,Electronic check,118.33,4852.99,1.0,23.0,69029.0,2024-05-07,Yes
CUST-03007,Male,0,No,58,DSL,Month-to-month,Mailed check,91.29,5305.2,3.0,48.0,52105.0,2019-03-19,No
CUST-03008,Male,0,Yes,40,Fiber optic,Month-to-month,Electronic check,82.22,3226.98,2.0,20.0,120427.0,2018-04-29,Yes
CUST-03009,Male,0,No,8,Fiber optic,Month-to-month,Mailed check,120.0,991.25,1.0,57.0,40631.0,2020-12-20,No
CUST-03010,Male,0,No,21,Fiber optic,One year,Bank transfer,79.69,1610.73,3.0,35.0,90994.0,2019-11-05,No
CUST-03011,Female,0,Yes,59,DSL,Month-to-month,Electronic check,18.0,1015.02,0.0,,41239.0,2022-04-12,No
CUST-03012,Female,1,Yes,9,Fiber optic,Month-to-month,Electronic check,89.98,757.36,2.0,60.0,63488.0,2021-03-04,Yes
CUST-03013,Male,1,No,41,DSL,Month-to-month,Electronic check,18.0,729.24,4.0,23.0,45791.0,2021-03-15,No
CUST-03014,Male,1,No,0,Fiber optic,Month-to-month,Credit card,78.56,0.0,3.0,22.0,,2020-04-11,No
CUST-03015,Female,0,No,0,Fiber optic,Month-to-month,Electronic check,18.0,0.0,1.0,33.0,39087.0,2019-05-09,Yes
CUST-03016,Male,0,Yes,34,DSL,One year,Credit card,50.99,1688.4,0.0,56.0,109854.0,2019-05-16,No
CUST-03017,Male,0,No,34,Fiber optic,Month-to-month,Credit card,54.09,1889.33,1.0,20.0,31578.0,2020-06-25,Yes
CUST-03018,Male,0,No,37,No,Month-to-month,Mailed check,41.9,1592.0,2.0,18.0,31440.0,2022-05-17,No
CUST-03019,Male,0,No,63,No,One year,Bank transfer,54.53,3426.7,1.0,35.0,,2020-02-29,No
CUST-03020,Male,0,Yes,3,DSL,One year,Mailed check,95.98,264.02,0.0,49.0,88142.0,2020-02-03,No
CUST-03021,Female,0,No,6,Fiber optic,Month-to-month,Bank transfer,43.58,,0.0,58.0,15000.0,2020-09-22,No
CUST-03022,Male,0,Yes,56,Fiber optic,Month-to-month,Bank transfer,81.35,4540.09,1.0,35.0,34921.0,2024-05-10,No
CUST-03023,Male,1,Yes,4,Fiber optic,One year,Bank transfer,36.03,74.11,0.0,36.0,16527.0,2018-08-02,No
CUST-03024,Male,0,No,27,Fiber optic,One year,Electronic check,59.32,1553.66,1.0,58.0,27711.0,2019-11-22,No
CUST-03025,Male,0,Yes,18,No,Month-to-month,Bank transfer,74.72,1387.97,0.0,18.0,15000.0,2019-11-16,No
CUST-03026,Female,0,Yes,2,DSL,Month-to-month,Bank transfer,35.1,85.29,2.0,36.0,45152.0,2024-04-02,No
CUST-03027,Female,0,No,8,Fiber optic,Month-to-month,Electronic check,25.65,286.91,0.0,44.0,24706.0,2020-08-12,Yes
CUST-03028,Male,0,Yes,17,DSL,One year,Credit card,79.76,1340.96,2.0,48.0,50814.0,2021-08-21,No
CUST-03029,Female,1,Yes,45,No,One year,Electronic check,98.69,4422.97,1.0,34.0,18488.0,2019-04-10,No
CUST-03030,Female,0,Yes,29,Fiber optic,Month-to-month,Credit card,62.63,1795.88,2.0,42.0,51521.0,2018-01-30,No
CUST-03031,Female,0,No,23,Fiber optic,Month-to-month,Bank transfer,51.28,1163.48,0.0,18.0,38217.0,2020-03-05,Yes
CUST-03032,Male,0,Yes,16,No,Two year,Bank transfer,69.67,1081.72,2.0,32.0,120713.0,2022-02-06,Yes
CUST-03033,Male,0,No,8,Fiber optic,Month-to-month,Credit card,66.66,546.83,1.0,48.0,114326.0,2022-06-09,No
CUST-03034,Female,1,Yes,3,Fiber optic,Month-to-month,Credit card,72.29,218.33,1.0,28.0,78527.0,2022-11-02,Yes
CUST-03035,Male,0,Yes,12,No,One year,Electronic check,18.0,190.5,2.0,42.0,40296.0,2023-07-10,No
CUST-03036,Male,0,No,0,DSL,Month-to-month,Bank transfer,32.93,62.56,1.0,48.0,161333.0,2018-09-28,No
CUST-03037,Female,1,Yes,5,No,One year,Electronic check,39.64,293.03,1.0,37.0,19306.0,2018-07-13,Yes
CUST-03038,Female,0,No,13,DSL,One year,Mailed check,69.53,962.22,1.0,44.0,21117.0,2023-01-20,No
CUST-03039,Male,1,No,13,Fiber optic,Two year,Credit card,70.58,945.45,2.0,28.0,46617.0,2020-10-17,No
CUST-03040,Female,0,Yes,1,DSL,One year,Electronic check,84.09,122.18,3.0,39.0,189552.0,2024-01-29,No
CUST-03041,Female,0,Yes,21,DSL,Month-to-month,Electronic check,72.73,1620.15,2.0,50.0,43416.0,2024-01-20,No
CUST-03042,Male,0,No,19,Fiber optic,One year,Bank transfer,25.98,531.64,4.0,44.0,43916.0,2018-11-28,No
CUST-03043,Male,0,No,1,DSL,Two year,Mailed check,108.41,79.15,1.0,33.0,20637.0,2022-06-08,No
CUST-03044,Male,0,Yes,68,No,Month-to-month,Mailed check,103.16,7034.49,0.0,45.0,86470.0,2018-06-07,No
CUST-03045,Male,0,No,2,DSL,Month-to-month,Bank transfer,27.25,85.81,1.0,52.0,86847.0,2020-08-03,No
CUST-03046,Male,0,Yes,46,DSL,Two year,Bank transfer,74.98,3399.34,2.0,18.0,78703.0,2023-05-27,No
CUST-03047,Male,0,No,0,No,Month-to-month,Mailed check,47.14,0.0,1.0,58.0,33606.0,2020-12-16,No
CUST-03048,Male,0,Yes,51,Fiber optic,Month-to-month,Mailed check,69.17,,1.0,37.0,32079.0,2018-03-20,No
CUST-03049,Male,1,No,0,Fiber optic,Month-to-month,Credit card,96.6,0.0,1.0,47.0,22564.0,2019-07-18,Yes
CUST-03050,Male,0,No,34,DSL,Month-to-month,Credit card,120.0,4017.48,1.0,58.0,51550.0,2018-07-22,No
CUST-03051,Male,0,No,10,Fiber optic,One year,Bank transfer,87.54,866.58,0.0,22.0,25636.0,2020-08-14,No
CUST-03052,Male,0,Yes,32,Fiber optic,Month-to-month,Electronic check,73.85,2380.88,0.0,32.0,24186.0,2022-06-21,Yes
CUST-03053,Male,0,No,12,No,Month-to-month,Mailed check,54.81,589.84,2.0,37.0,38016.0,2022-03-28,Yes
CUST-03054,Female,0,No,1,Fiber optic,One year,Credit card,70.46,64.12,0.0,31.0,36552.0,2022-08-12,No
CUST-03055,Male,0,Yes,35,No,One year,Mailed check,105.79,3760.34,3.0,66.0,35497.0,2020-06-18,No
CUST-03056,Male,0,Yes,1,Fiber optic,Two year,Credit card,63.66,67.09,3.0,30.0,64852.0,2019-09-14,No
CUST-03057,Female,1,Yes,61,Fiber optic,Month-to-month,Mailed check,38.42,,4.0,34.0,51401.0,2018-05-14,No
CUST-03058,Male,0,No,1,Fiber optic,Month-to-month,Credit card,18.0,0.0,2.0,44.0,41237.0,2024-01-16,Yes
CUST-03059,Male,0,No,15,Fiber optic,One year,Electronic check,80.39,1165.35,4.0,25.0,54710.0,2018-10-05,No
CUST-03060,Male,0,No,30,DSL,Month-to-month,Mailed check,72.42,2215.04,1.0,36.0,27040.0,2019-02-22,No
CUST-03061,Female,0,No,11,DSL,Month-to-month,Bank transfer,45.62,520.28,2.0,46.0,52217.0,2018-02-28,No
CUST-03062,Female,0,No,5,DSL,One year,Credit card,95.78,419.62,0.0,37.0,53656.0,2020-01-14,No
CUST-03063,Male,0,Yes,34,Fiber optic,Month-to-month,Bank transfer,52.35,1739.86,1.0,40.0,19893.0,2023-04-03,No
CUST-03064,Male,0,Yes,36,Fiber optic,One year,Electronic check,60.96,2272.79,0.0,34.0,89091.0,2020-02-18,No
CUST-03065,Female,0,Yes,61,Fiber optic,One year,Credit card,64.5,3888.27,1.0,20.0,28886.0,2022-04-10,No
CUST-03066,Male,0,No,11,No,Month-to-month,Bank transfer,54.47,645.89,1.0,46.0,51750.0,2024-03-12,No
CUST-03067,Female,0,Yes,16,Fiber optic,Month-to-month,Electronic check,72.08,1129.37,0.0,66.0,98582.0,2023-09-23,No
CUST-03068,Male,0,No,10,DSL,Month-to-month,Mailed check,99.55,995.34,2.0,42.0,85426.0,2019-02-26,Yes
CUST-03069,Male,1,Yes,7,DSL,Month-to-month,Bank transfer,,229.84,3.0,45.0,50041.0,2020-04-21,No
CUST-03070,Male,1,No,33,DSL,Two year,Mailed check,79.66,2523.73,1.0,51.0,39438.0,2022-10-26,No
CUST-03071,Male,0,No,9,DSL,One year,Credit card,70.16,558.3,1.0,24.0,86552.0,2024-04-09,No
CUST-03072,Male,0,Yes,13,DSL,Month-to-month,Mailed check,69.61,909.25,2.0,65.0,73483.0,2022-08-05,No
CUST-03073,Female,0,No,12,Fiber optic,Month-to-month,Bank transfer,91.16,1057.7,2.0,44.0,33825.0,2019-08-14,No
CUST-03074,Male,0,No,29,DSL,Month-to-month,Electronic check,66.48,1977.75,1.0,64.0,30426.0,2018-11-08,No
CUST-03075,Male,0,Yes,59,DSL,Two year,Mailed check,79.41,4604.88,1.0,31.0,15000.0,2021-03-06,No
CUST-03076,Male,0,Yes,26,No,Two year,Electronic check,86.48,2276.74,2.0,67.0,53767.0,2019-03-29,No
CUST-03077,Female,0,No,15,No,Month-to-month,Electronic check,,679.24,0.0,52.0,46647.0,2019-06-18,No
CUST-03078,Male,1,No,36,Fiber optic,Two year,Electronic check,73.98,2645.67,0.0,49.0,96927.0,2022-01-26,No
CUST-03079,Male,1,No,24,DSL,Month-to-month,Electronic check,57.48,1326.3,1.0,45.0,60805.0,2021-04-21,No
CUST-03080,Male,0,No,1,No,Month-to-month,Electronic check,61.02,156.14,1.0,38.0,,2018-10-10,Yes
CUST-03081,Male,0,No,2,Fiber optic,Month-to-month,Mailed check,55.34,43.71,0.0,58.0,32259.0,2018-12-27,Yes
CUST-03082,Female,0,No,0,DSL,One year,Electronic check,79.13,0.0,2.0,43.0,97041.0,2018-02-15,No
CUST-03083,Male,1,Yes,14,Fiber optic,Month-to-month,Electronic check,67.45,857.96,1.0,18.0,35690.0,2019-05-30,No
CUST-03084,Male,0,Yes,41,DSL,Two year,Credit card,76.84,3230.42,3.0,26.0,78163.0,2023-09-10,No
CUST-03085,Female,0,No,9,No,Month-to-month,Mailed check,64.47,600.29,1.0,39.0,20429.0,2023-02-02,Yes
CUST-03086,Male,0,No,11,No,One year,Mailed check,18.0,204.85,3.0,46.0,56448.0,2020-08-29,No
CUST-03087,Female,0,Yes,57,DSL,Month-to-month,Electronic check,65.94,3832.3,2.0,41.0,15000.0,2022-10-05,No
CUST-03088,Female,1,Yes,43,Fiber optic,Month-to-month,Mailed check,66.91,2884.5,2.0,59.0,41760.0,2020-08-11,No
CUST-03089,Male,0,No,26,Fiber optic,Month-to-month,Bank transfer,72.28,1890.26,4.0,18.0,63844.0,2023-01-30,No
CUST-03090,Male,0,Yes,7,No,Two year,Mailed check,47.19,336.92,2.0,44.0,35861.0,2019-03-03,No
CUST-03091,Female,0,No,2,Fiber optic,One year,Mailed check,29.14,86.46,0.0,18.0,26101.0,2018-12-24,No
CUST-03092,Male,0,No,0,DSL,Month-to-month,Bank transfer,83.74,0.0,1.0,52.0,81444.0,2018-07-02,Yes
CUST-03093,Male,0,No,2,DSL,Month-to-month,Credit card,56.79,102.87,0.0,40.0,46070.0,2019-07-21,Yes
CUST-03094,Male,0,Yes,8,DSL,One year,Credit card,70.14,601.64,0.0,47.0,36543.0,2018-12-09,No
CUST-03095,Male,0,No,19,No,Month-to-month,Electronic check,56.56,1088.51,2.0,29.0,50268.0,2023-02-15,No
CUST-03096,Male,0,No,1,No,Two year,Bank transfer,64.82,59.11,2.0,59.0,238470.0,2019-07-17,No
CUST-03097,Male,0,Yes,3,DSL,Two year,Electronic check,51.52,84.53,1.0,56.0,97939.0,2021-04-24,No
CUST-03098,Male,0,No,4,DSL,One year,Bank transfer,35.96,218.74,0.0,50.0,98473.0,2022-11-07,No
CUST-03099,Female,1,No,23,Fiber optic,One year,Mailed check,79.21,1788.76,2.0,40.0,,2022-05-06,No
CUST-03100,Male,0,Yes,22,Fiber optic,One year,Mailed check,46.91,1081.38,1.0,50.0,54170.0,2019-04-25,No
CUST-03101,Male,0,No,19,DSL,Month-to-month,Bank transfer,69.92,1337.27,1.0,,15000.0,2018-06-30,No
CUST-03102,Male,0,No,6,Fiber optic,Month-to-month,Bank transfer,77.31,399.19,1.0,53.0,32617.0,2023-11-07,No
CUST-03103,Male,1,Yes,11,DSL,Month-to-month,Bank transfer,47.4,584.01,1.0,65.0,36741.0,2021-12-28,No
CUST-03104,Male,0,No,2,DSL,Two year,Electronic check,28.88,70.49,0.0,56.0,15915.0,2022-07-14,No
CUST-03105,Male,0,No,6,Fiber optic,One year,Bank transfer,120.0,786.77,2.0,31.0,24478.0,2020-06-23,Yes
CUST-03106,Male,1,No,54,Fiber optic,Month-to-month,Credit card,49.17,2646.06,3.0,47.0,15000.0,2019-07-21,No
CUST-03107,Female,0,Yes,72,Fiber optic,One year,Electronic check,83.7,,4.0,23.0,47906.0,2021-05-28,No
CUST-03108,Male,0,Yes,25,Fiber optic,Month-to-month,Electronic check,120.0,2911.87,3.0,50.0,80118.0,2018-07-02,No
CUST-03109,Male,0,No,59,Fiber optic,Two year,Bank transfer,88.7,5208.29,0.0,48.0,95231.0,2023-02-18,No
CUST-03110,Female,1,Yes,24,DSL,Month-to-month,Mailed check,55.99,1280.11,4.0,18.0,62872.0,2022-03-14,No
CUST-03111,Male,0,Yes,0,Fiber optic,One year,Bank transfer,62.99,0.0,1.0,25.0,27500.0,2022-11-20,No
CUST-03112,Male,1,Yes,72,No,Month-to-month,Mailed check,40.02,2905.03,1.0,38.0,15379.0,2021-08-26,No
CUST-03113,Female,0,No,2,Fiber optic,One year,Credit card,91.45,152.67,2.0,37.0,17083.0,2021-09-16,No
CUST-03114,Male,0,No,27,Fiber optic,Month-to-month,Credit card,81.99,2256.92,0.0,25.0,22893.0,2021-11-07,No
CUST-03115,Female,0,No,6,DSL,Month-to-month,Electronic check,49.57,254.59,1.0,47.0,28758.0,2023-01-12,No
CUST-03116,Male,1,Yes,11,DSL,One year,Mailed check,33.73,415.29,1.0,45.0,44540.0,2019-06-13,No
CUST-03117,Female,0,Yes,24,DSL,One year,Mailed check,25.36,674.13,2.0,39.0,26675.0,2022-05-16,No
CUST-03118,Male,1,No,13,Fiber optic,Two year,Electronic check,94.6,1280.48,2.0,31.0,60077.0,2021-07-18,No
CUST-03119,Female,0,Yes,6,Fiber optic,One year,Mailed check,68.61,394.45,2.0,56.0,42643.0,2021-03-06,Yes
CUST-03120,Female,0,No,9,No,One year,Bank transfer,71.45,536.78,0.0,65.0,49331.0,2021-06-21,No
CUST-03121,Male,0,Yes,10,Fiber optic,Two year,Credit card,40.31,432.21,2.0,35.0,97163.0,2019-09-30,No
CUST-03122,Female,1,No,72,Fiber optic,Two year,Credit card,21.09,1512.22,0.0,33.0,24145.0,2018-03-28,No
CUST-03123,Male,1,No,38,Fiber optic,One year,Electronic check,93.88,3518.52,0.0,48.0,63020.0,2022-11-14,No
CUST-03124,Female,1,Yes,14,Fiber optic,One year,Bank transfer,66.26,899.83,3.0,36.0,48611.0,2023-11-17,No
CUST-03125,Female,0,Yes,5,Fiber optic,Two year,Mailed check,92.22,532.82,3.0,40.0,40131.0,2021-01-31,No
CUST-03126,Female,1,No,39,Fiber optic,One year,Electronic check,53.42,2026.51,2.0,52.0,83379.0,2023-05-18,No
CUST-03127,Male,0,No,4,Fiber optic,One year,Mailed check,57.9,255.02,2.0,18.0,83067.0,2021-07-24,No
CUST-03128,Female,0,Yes,5,DSL,Month-to-month,Credit card,86.4,,1.0,60.0,27780.0,2023-12-20,Yes
CUST-03129,Female,0,No,10,No,One year,Mailed check,86.97,851.83,5.0,43.0,43945.0,2021-04-06,No
CUST-03130,Male,1,Yes,50,Fiber optic,Month-to-month,Credit card,88.93,4478.73,1.0,36.0,58030.0,2019-04-25,No
CUST-03131,Male,0,No,3,Fiber optic,Month-to-month,Bank transfer,,250.03,0.0,40.0,41614.0,2023-08-01,No
CUST-03132,Female,0,Yes,3,Fiber optic,Two year,Mailed check,83.44,235.52,1.0,41.0,69634.0,2023-02-19,Yes
CUST-03133,Female,0,No,16,Fiber optic,One year,Electronic check,98.27,1560.16,2.0,18.0,58029.0,2020-07-21,No
CUST-03134,Female,0,Yes,7,Fiber optic,Month-to-month,Electronic check,61.86,464.12,3.0,62.0,147198.0,2023-05-27,No
CUST-03135,Male,0,No,20,No,Month-to-month,Bank transfer,49.6,1037.91,3.0,42.0,19571.0,2018-01-22,No
CUST-03136,Male,0,No,14,Fiber optic,Month-to-month,Bank transfer,105.28,1467.53,0.0,48.0,45548.0,2023-02-17,No
CUST-03137,Female,0,No,13,No,Month-to-month,Mailed check,45.37,574.54,1.0,55.0,28421.0,2022-06-01,No
CUST-03138,Male,0,No,2,Fiber optic,Month-to-month,Mailed check,83.88,56.88,0.0,27.0,70436.0,2020-06-08,No
CUST-03139,Male,0,Yes,3,No,Month-to-month,Credit card,63.25,150.85,0.0,48.0,18577.0,2023-01-29,No
CUST-03140,Female,0,Yes,41,Fiber optic,Month-to-month,Electronic check,18.0,681.03,0.0,38.0,60342.0,2018-10-24,Yes
CUST-03141,Male,0,Yes,52,Fiber optic,Two year,Bank transfer,98.86,5174.95,1.0,53.0,33589.0,2019-04-22,Yes
CUST-03142,Male,0,Yes,6,DSL,Month-to-month,Bank transfer,18.0,95.8,3.0,18.0,31555.0,2021-06-04,No
CUST-03143,Male,0,No,2,Fiber optic,Month-to-month,Electronic check,18.0,21.85,1.0,40.0,20580.0,2023-08-27,No
CUST-03144,Male,0,No,1,DSL,Two year,Credit card,,80.37,1.0,33.0,37084.0,2018-11-01,Yes
CUST-03145,Female,0,Yes,22,Fiber optic,One year,Bank transfer,80.81,1734.31,2.0,48.0,93967.0,2021-08-15,No
CUST-03146,Female,0,No,30,Fiber optic,Month-to-month,Electronic check,45.87,1453.76,1.0,48.0,48285.0,2022-10-31,Yes
CUST-03147,Female,0,Yes,11,DSL,Month-to-month,Credit card,69.43,828.64,2.0,32.0,71439.0,2022-10-08,No
CUST-03148,Male,0,Yes,27,Fiber optic,One year,Credit card,18.0,566.91,1.0,,133090.0,2022-01-11,No
CUST-03149,Female,0,Yes,29,Fiber optic,Month-to-month,Bank transfer,86.21,2534.26,2.0,40.0,57426.0,2024-01-14,Yes
CUST-03150,Female,0,No,65,Fiber optic,One year,Mailed check,72.49,4710.38,1.0,29.0,35056.0,2021-02-03,No
CUST-03151,Female,0,No,1,Fiber optic,Month-to-month,Credit card,63.63,144.37,2.0,53.0,64883.0,2023-08-25,No
CUST-03152,Female,0,Yes,5,Fiber optic,Two year,Electronic check,65.63,294.1,1.0,36.0,35363.0,2021-12-22,No
CUST-03153,Male,0,No,1,Fiber optic,One year,Mailed check,79.8,,3.0,18.0,36219.0,2022-09-24,Yes
CUST-03154,Female,0,No,48,Fiber optic,Month-to-month,Electronic check,64.13,3048.16,3.0,36.0,19693.0,2020-12-25,No
CUST-03155,Male,0,Yes,37,No,Month-to-month,Mailed check,18.0,,3.0,27.0,85455.0,2019-01-28,No
CUST-03156,Male,0,No,20,Fiber optic,One year,Credit card,120.0,2361.89,1.0,19.0,38886.0,2018-09-13,No
CUST-03157,Male,0,Yes,2,Fiber optic,Month-to-month,Bank transfer,101.02,194.27,2.0,24.0,54680.0,2022-05-18,No
CUST-03158,Male,0,No,7,DSL,Month-to-month,Bank transfer,26.45,105.06,1.0,43.0,26328.0,2020-06-01,No
CUST-03159,Female,0,Yes,8,No,Month-to-month,Mailed check,54.65,461.25,3.0,60.0,63676.0,2021-08-22,No
CUST-03160,Female,1,No,19,Fiber optic,One year,Credit card,57.92,1024.62,0.0,46.0,31033.0,2022-10-14,No
CUST-03161,Female,0,No,7,Fiber optic,One year,Mailed check,97.37,634.98,3.0,33.0,45025.0,2023-01-17,No
CUST-03162,Female,0,Yes,1,DSL,Month-to-month,Electronic check,18.0,78.86,0.0,48.0,83008.0,2021-04-09,No
CUST-03163,Female,0,Yes,31,No,One year,Bank transfer,50.03,1609.95,1.0,35.0,78783.0,2020-01-07,No
CUST-03164,Female,1,Yes,8,No,One year,Mailed check,18.0,162.72,1.0,32.0,48377.0,2022-12-23,No
CUST-03165,Male,0,Yes,14,Fiber optic,Two year,Electronic check,56.45,804.08,0.0,25.0,16968.0,2020-08-31,Yes
CUST-03166,Female,0,No,3,Fiber optic,Two year,Credit card,50.82,125.91,0.0,18.0,295282.0,2024-01-04,No
CUST-03167,Female,0,No,38,No,Two year,Bank transfer,67.39,2522.17,0.0,36.0,139736.0,2023-04-16,No
CUST-03168,Female,0,Yes,20,Fiber optic,Two year,Credit card,46.85,918.89,2.0,44.0,75629.0,2022-10-17,No
CUST-03169,Female,0,Yes,55,Fiber optic,Month-to-month,Bank transfer,42.47,2260.17,0.0,40.0,31197.0,2019-07-20,Yes
CUST-03170,Male,1,Yes,16,Fiber optic,Month-to-month,Electronic check,83.59,1350.06,1.0,,45791.0,2020-04-29,Yes
CUST-03171,Male,0,Yes,68,Fiber optic,Month-to-month,Electronic check,78.64,5349.96,5.0,28.0,35381.0,2023-06-13,No
CUST-03172,Male,0,No,53,Fiber optic,One year,Credit card,81.54,4274.95,3.0,50.0,104643.0,2018-02-24,Yes
CUST-03173,Male,0,Yes,20,Fiber optic,Month-to-month,Electronic check,59.69,,3.0,23.0,57382.0,2023-01-05,Yes
CUST-03174,Female,0,Yes,65,Fiber optic,One year,Bank transfer,47.85,3140.6,2.0,52.0,,2020-08-04,No
CUST-03175,Female,0,Yes,9,No,Month-to-month,Electronic check,61.43,587.46,2.0,27.0,36958.0,2023-02-16,No
CUST-03176,Male,0,Yes,10,No,Month-to-month,Bank transfer,80.03,775.93,1.0,31.0,96058.0,2021-07-18,No
CUST-03177,Male,1,Yes,1,Fiber optic,Month-to-month,Electronic check,18.0,17.93,3.0,21.0,128034.0,2021-05-19,No
CUST-03178,Female,0,Yes,21,Fiber optic,Two year,Electronic check,76.82,1644.59,2.0,34.0,122638.0,2022-07-02,No
CUST-03179,Male,0,Yes,30,Fiber optic,Month-to-month,Bank transfer,74.27,2235.74,1.0,55.0,77204.0,2023-03-05,No
CUST-03180,Male,0,No,35,Fiber optic,Two year,Electronic check,66.86,2420.2,2.0,49.0,42126.0,2022-06-13,Yes
CUST-03181,Male,0,Yes,3,Fiber optic,Month-to-month,Bank transfer,60.52,171.37,1.0,55.0,15000.0,2020-11-22,No
CUST-03182,Male,0,No,14,Fiber optic,One year,Bank transfer,18.0,226.77,0.0,49.0,58588.0,2020-01-22,No
CUST-03183,Female,1,Yes,4,DSL,Month-to-month,Bank transfer,51.8,238.91,1.0,26.0,48967.0,2023-06-05,Yes
CUST-03184,Female,0,Yes,26,Fiber optic,Month-to-month,Electronic check,118.68,3022.45,0.0,37.0,53315.0,2021-05-05,No
CUST-03185,Female,0,Yes,4,No,Two year,Bank transfer,65.39,307.77,2.0,31.0,50631.0,2023-01-10,Yes
CUST-03186,Male,0,Yes,56,No,Month-to-month,Credit card,55.78,3058.64,0.0,60.0,22120.0,2024-05-21,No
CUST-03187,Female,0,Yes,6,DSL,Month-to-month,Bank transfer,65.51,424.99,2.0,25.0,68490.0,2022-02-17,No
CUST-03188,Male,0,No,8,Fiber optic,One year,Bank transfer,75.64,572.71,1.0,54.0,71634.0,2019-10-15,Yes
CUST-03189,Male,0,Yes,45,Fiber optic,One year,Credit card,84.76,3838.03,2.0,54.0,73821.0,2023-07-21,Yes
CUST-03190,Male,0,Yes,14,Fiber optic,Two year,Credit card,58.13,859.19,3.0,67.0,86504.0,2019-10-04,No
CUST-03191,Male,0,No,0,No,One year,Mailed check,,7.67,2.0,36.0,70433.0,2019-09-03,Yes
CUST-03192,Male,0,No,16,,One year,Credit card,115.3,1784.82,2.0,51.0,38329.0,2018-06-23,Yes
CUST-03193,Female,0,No,2,No,Month-to-month,Electronic check,95.19,145.54,3.0,73.0,46980.0,2018-07-04,No
CUST-03194,Male,0,Yes,72,Fiber optic,One year,Credit card,120.0,8603.57,1.0,33.0,,2023-07-14,Yes
CUST-03195,Male,0,No,21,DSL,One year,Electronic check,45.3,856.55,1.0,20.0,52293.0,2019-06-25,No
CUST-03196,Female,0,No,7,Fiber optic,Month-to-month,Mailed check,115.29,863.4,0.0,18.0,89226.0,2018-09-12,No
CUST-03197,Female,0,Yes,19,Fiber optic,One year,Credit card,41.28,789.83,0.0,51.0,72128.0,2020-04-06,No
CUST-03198,Male,0,No,1,Fiber optic,Month-to-month,Electronic check,75.61,18.83,2.0,18.0,170485.0,2022-07-30,Yes
CUST-03199,Female,0,No,38,DSL,Month-to-month,Electronic check,86.97,3377.64,1.0,36.0,184219.0,2020-03-06,No
CUST-03200,Female,0,No,62,DSL,Month-to-month,Bank transfer,49.68,3045.09,3.0,48.0,51420.0,2019-12-26,No
CUST-03201,Male,0,Yes,49,Fiber optic,Month-to-month,Bank transfer,67.64,3326.89,0.0,44.0,15000.0,2021-02-17,Yes
CUST-03202,Female,0,No,10,Fiber optic,One year,Electronic check,92.31,,2.0,47.0,102960.0,2018-02-19,No
CUST-03203,Male,1,Yes,9,No,Month-to-month,Mailed check,43.69,292.3,6.0,45.0,35446.0,2021-02-24,Yes
CUST-03204,Female,0,No,0,Fiber optic,Month-to-month,Mailed check,115.08,0.0,2.0,59.0,30306.0,2024-05-08,No
CUST-03205,Male,0,Yes,25,DSL,Month-to-month,Electronic check,23.46,564.08,1.0,28.0,38597.0,2023-02-16,No
CUST-03206,Male,0,No,18,Fiber optic,Month-to-month,Mailed check,120.0,2204.91,2.0,,37496.0,2018-06-15,Yes
CUST-03207,Male,0,No,14,Fiber optic,Month-to-month,Electronic check,95.04,1347.89,2.0,31.0,70782.0,2022-03-15,Yes
CUST-03208,Female,0,No,57,DSL,One year,Electronic check,62.31,3558.68,,53.0,19232.0,2020-12-16,No
CUST-03209,Male,0,Yes,4,DSL,Month-to-month,Bank transfer,52.92,111.18,0.0,54.0,25677.0,2023-04-20,No
CUST-03210,Female,0,Yes,0,DSL,Month-to-month,Credit card,49.79,63.5,0.0,48.0,60228.0,2018-08-19,Yes
CUST-03211,Female,0,No,1,DSL,One year,Bank transfer,60.93,72.11,2.0,,71236.0,2019-06-30,No
CUST-03212,Female,0,Yes,6,Fiber optic,One year,Electronic check,63.55,375.33,1.0,25.0,72036.0,2023-01-28,Yes
CUST-03213,Male,0,No,0,Fiber optic,Month-to-month,Bank transfer,102.66,56.62,2.0,65.0,30570.0,2023-06-13,No
CUST-03214,Male,0,No,16,DSL,Two year,Credit card,120.0,1982.37,0.0,63.0,27256.0,2021-05-25,No
CUST-03215,Male,0,Yes,9,Fiber optic,Two year,Mailed check,70.98,696.55,0.0,52.0,36171.0,2018-02-16,No
CUST-03216,Female,0,Yes,4,No,Month-to-month,Mailed check,39.63,146.17,0.0,66.0,56609.0,2023-09-25,No
CUST-03217,Male,1,Yes,33,Fiber optic,One year,Credit card,48.63,1554.62,2.0,18.0,119525.0,2020-06-15,No
CUST-03218,Female,0,Yes,5,Fiber optic,Month-to-month,Bank transfer,59.51,347.0,2.0,34.0,15000.0,2018-04-03,Yes
CUST-03219,Male,0,No,27,DSL,Month-to-month,Credit card,34.1,852.45,1.0,31.0,42940.0,2023-04-03,No
CUST-03220,Female,0,Yes,10,DSL,Month-to-month,Bank transfer,29.63,393.66,0.0,,22035.0,2020-09-06,No
CUST-03221,Male,0,No,17,Fiber optic,Two year,Electronic check,120.0,2041.4,1.0,27.0,18190.0,2019-03-22,No
CUST-03222,Female,0,No,65,Fiber optic,One year,Electronic check,74.08,4762.16,1.0,52.0,87568.0,2023-02-22,Yes
CUST-03223,Female,0,Yes,0,Fiber optic,Month-to-month,Bank transfer,40.01,0.0,2.0,61.0,,2020-12-08,No
CUST-03224,Female,0,No,16,No,Month-to-month,Mailed check,89.5,1368.12,3.0,51.0,64193.0,2021-11-25,No
CUST-03225,Female,0,Yes,46,Fiber optic,Month-to-month,Mailed check,29.65,1370.92,1.0,45.0,85187.0,2023-04-13,No
CUST-03226,Female,0,Yes,21,Fiber optic,Month-to-month,Electronic check,32.12,674.2,1.0,28.0,36760.0,2021-05-09,No
CUST-03227,Female,0,Yes,7,Fiber optic,Two year,Credit card,40.91,224.57,0.0,30.0,37813.0,2018-09-16,No
CUST-03228,Female,1,Yes,12,DSL,One year,Credit card,114.64,1357.86,2.0,59.0,181941.0,2024-03-08,No
CUST-03229,Female,0,No,27,No,Month-to-month,Mailed check,57.41,1481.67,0.0,52.0,42279.0,2019-11-03,No
CUST-03230,Female,0,No,53,,Month-to-month,Bank transfer,18.0,983.47,1.0,41.0,76197.0,2024-05-18,No
CUST-03231,Female,0,No,1,DSL,Two year,Electronic check,101.3,98.57,1.0,36.0,49208.0,2018-01-15,No
CUST-03232,Female,0,Yes,1,DSL,One year,Mailed check,55.81,36.89,0.0,18.0,16172.0,2021-02-07,No
CUST-03233,Female,0,No,9,No,Month-to-month,Mailed check,18.0,97.59,3.0,27.0,15000.0,2022-07-10,Yes
CUST-03234,Male,0,Yes,6,Fiber optic,Month-to-month,Bank transfer,55.5,317.99,0.0,68.0,34634.0,2023-10-25,No
CUST-03235,Female,0,No,7,DSL,Month-to-month,Mailed check,80.63,543.67,1.0,24.0,92379.0,2023-01-03,Yes
CUST-03236,Male,0,Yes,6,DSL,Two year,Mailed check,77.12,478.61,5.0,44.0,78666.0,2019-08-22,No
CUST-03237,Female,0,Yes,5,Fiber optic,Month-to-month,Electronic check,118.95,603.1,2.0,56.0,84833.0,2019-07-25,No
CUST-03238,Female,0,No,3,DSL,Month-to-month,Electronic check,39.42,157.86,2.0,24.0,27113.0,2020-04-15,No
CUST-03239,Female,0,No,65,DSL,Month-to-month,Credit card,66.4,4291.77,2.0,44.0,129252.0,2018-09-16,No
CUST-03240,Female,0,No,3,Fiber optic,Month-to-month,Electronic check,44.01,39.01,3.0,55.0,27475.0,2022-04-18,No
CUST-03241,Female,0,No,5,Fiber optic,One year,Electronic check,18.73,143.2,1.0,42.0,55697.0,2024-01-15,No
CUST-03242,Male,0,No,6,No,Month-to-month,Mailed check,91.57,502.62,0.0,82.0,48717.0,2022-02-13,No
CUST-03243,Female,0,No,64,DSL,Month-to-month,Electronic check,78.9,4994.25,3.0,18.0,44164.0,2021-06-03,Yes
CUST-03244,Male,0,No,33,No,Month-to-month,Bank transfer,73.51,2423.67,1.0,56.0,109442.0,2021-03-25,No
CUST-03245,Female,0,No,37,DSL,Month-to-month,Mailed check,77.8,2893.71,2.0,39.0,32110.0,2021-10-20,Yes
CUST-03246,Female,0,No,2,DSL,Month-to-month,Electronic check,44.44,62.34,3.0,52.0,21812.0,2022-07-23,No
CUST-03247,Male,0,No,43,DSL,Two year,Electronic check,34.83,1470.76,1.0,48.0,49612.0,2023-02-06,No
CUST-03248,Female,0,No,12,No,Month-to-month,Electronic check,66.13,774.01,1.0,31.0,38565.0,2022-06-25,Yes
CUST-03249,Male,1,Yes,7,No,Month-to-month,Mailed check,99.84,769.71,1.0,45.0,371918.0,2022-07-10,No
CUST-03250,Male,0,No,20,No,One year,Credit card,113.24,2264.67,0.0,18.0,73563.0,2024-02-08,No
CUST-03251,Male,0,Yes,41,DSL,Two year,Electronic check,88.86,,3.0,50.0,38345.0,2023-10-09,No
CUST-03252,Female,0,No,36,No,Month-to-month,Bank transfer,65.88,2323.79,0.0,46.0,26012.0,2023-04-15,No
CUST-03253,Female,0,No,52,,Month-to-month,Bank transfer,73.09,3788.14,1.0,50.0,15864.0,2018-04-12,No
CUST-03254,Female,0,No,63,DSL,One year,Electronic check,65.35,4128.94,2.0,56.0,26499.0,2022-04-17,No
CUST-03255,Male,0,Yes,6,DSL,Month-to-month,Bank transfer,34.22,229.52,2.0,47.0,52520.0,2020-12-02,Yes
CUST-03256,Male,0,No,13,Fiber optic,Two year,Bank transfer,65.74,860.83,2.0,44.0,115427.0,2021-12-18,No
CUST-03257,Female,0,Yes,0,No,Two year,Bank transfer,24.96,0.0,1.0,29.0,96087.0,2022-05-27,No
CUST-03258,Male,1,Yes,50,No,One year,Credit card,61.28,3042.8,1.0,32.0,56244.0,2022-08-02,No
CUST-03259,Female,0,No,4,Fiber optic,Month-to-month,Mailed check,114.08,493.02,3.0,58.0,40380.0,2023-07-31,No
CUST-03260,Female,0,No,47,Fiber optic,Month-to-month,Electronic check,89.69,4158.13,3.0,62.0,57600.0,2023-11-03,No
CUST-03261,Male,0,No,9,Fiber optic,Two year,Mailed check,37.31,312.5,3.0,38.0,35911.0,2021-11-22,No
CUST-03262,Male,0,No,11,Fiber optic,One year,Electronic check,62.83,721.0,1.0,42.0,137450.0,2023-09-27,No
CUST-03263,Male,0,Yes,0,DSL,Month-to-month,Electronic check,39.97,43.76,1.0,29.0,43760.0,2022-11-27,No
CUST-03264,Male,0,Yes,9,Fiber optic,Month-to-month,Credit card,63.12,558.43,1.0,58.0,46546.0,2019-04-20,Yes
CUST-03265,Female,0,No,52,DSL,One year,Mailed check,96.23,4983.4,3.0,51.0,15000.0,2018-03-24,No
CUST-03266,Female,1,No,0,Fiber optic,Two year,Mailed check,84.59,0.0,3.0,,43596.0,2018-01-24,No
CUST-03267,Female,0,No,12,DSL,One year,Electronic check,120.0,1466.28,,29.0,80974.0,2021-10-06,No
CUST-03268,Male,0,No,0,Fiber optic,Month-to-month,Electronic check,100.77,65.94,3.0,,25831.0,2021-05-07,Yes
CUST-03269,Male,0,No,11,DSL,Month-to-month,Electronic check,71.12,910.58,4.0,45.0,31243.0,2022-06-20,Yes
CUST-03270,Female,0,No,4,No,Month-to-month,Credit card,85.31,360.56,3.0,51.0,78875.0,2023-05-29,Yes
CUST-03271,Female,1,Yes,6,Fiber optic,Two year,Credit card,58.93,351.04,2.0,38.0,20211.0,2019-01-21,No
CUST-03272,Female,0,Yes,50,No,Month-to-month,Mailed check,31.17,1512.51,1.0,29.0,92473.0,2023-06-30,No
CUST-03273,Female,0,No,13,DSL,One year,Electronic check,104.17,1260.27,,54.0,35621.0,2018-08-18,No
CUST-03274,Male,0,No,7,Fiber optic,Month-to-month,Bank transfer,95.27,675.74,2.0,52.0,38826.0,2023-09-01,No
CUST-03275,Female,1,No,21,No,Month-to-month,Credit card,57.77,1330.69,1.0,29.0,24976.0,2023-06-16,No
CUST-03276,Male,0,Yes,3,DSL,One year,Credit card,73.22,283.2,1.0,60.0,61502.0,2022-06-21,No
CUST-03277,Female,0,Yes,7,DSL,Two year,Bank transfer,102.23,771.44,2.0,58.0,214469.0,2019-12-04,No
CUST-03278,Female,0,Yes,18,Fiber optic,Month-to-month,Mailed check,90.39,1639.3,1.0,43.0,78346.0,2018-08-07,No
CUST-03279,Female,1,No,6,Fiber optic,Month-to-month,Bank transfer,21.11,144.64,1.0,43.0,29185.0,2022-12-29,No
CUST-03280,Female,0,No,27,DSL,One year,Electronic check,72.31,1831.18,2.0,49.0,96893.0,2019-05-26,No
CUST-03281,Female,1,Yes,16,No,One year,Bank transfer,59.97,997.65,2.0,29.0,40537.0,2020-10-30,No
CUST-03282,Female,0,No,35,Fiber optic,One year,Bank transfer,98.39,3414.68,0.0,42.0,111825.0,2021-05-28,No
CUST-03283,Female,0,Yes,71,Fiber optic,Month-to-month,Bank transfer,,6775.94,2.0,18.0,79539.0,2022-05-25,No
CUST-03284,Male,0,No,2,DSL,One year,Bank transfer,104.56,192.96,1.0,54.0,15000.0,2021-02-16,No
CUST-03285,Female,1,Yes,9,DSL,Two year,Bank transfer,31.46,265.29,1.0,20.0,26837.0,2022-06-16,No
CUST-03286,Female,0,No,9,DSL,Two year,Bank transfer,41.48,337.44,0.0,63.0,,2023-03-23,No
CUST-03287,Female,0,Yes,3,Fiber optic,One year,Electronic check,98.42,295.95,2.0,37.0,53690.0,2022-07-29,No
CUST-03288,Female,0,Yes,39,Fiber optic,Two year,Credit card,47.25,,4.0,39.0,26522.0,2019-12-03,No
CUST-03289,Male,0,Yes,34,DSL,Month-to-month,Bank transfer,19.36,663.26,0.0,33.0,33518.0,2023-09-27,No
CUST-03290,Female,0,No,15,No,Month-to-month,Bank transfer,80.98,1140.34,0.0,37.0,15619.0,2021-07-13,No
CUST-03291,Male,0,Yes,18,Fiber optic,One year,Electronic check,48.58,863.74,1.0,61.0,46489.0,2020-12-26,Yes
CUST-03292,Female,0,Yes,1,DSL,Month-to-month,Credit card,118.69,63.88,1.0,18.0,184686.0,2021-09-09,No
CUST-03293,Female,0,Yes,19,Fiber optic,Two year,Mailed check,73.89,1371.84,1.0,59.0,79456.0,2021-02-06,No
CUST-03294,Female,0,No,37,DSL,Month-to-month,Bank transfer,69.81,2590.14,2.0,46.0,182453.0,2022-11-05,No
CUST-03295,Female,1,Yes,20,Fiber optic,Month-to-month,Credit card,53.92,,3.0,,83236.0,2020-09-12,No
CUST-03296,Male,0,Yes,7,Fiber optic,Month-to-month,Credit card,112.73,747.99,2.0,26.0,90806.0,2022-12-25,No
CUST-03297,Female,1,Yes,26,No,Month-to-month,Bank transfer,75.76,1998.21,0.0,65.0,160243.0,2022-11-17,No
CUST-03298,Male,0,No,10,DSL,One year,Electronic check,52.75,,2.0,28.0,61473.0,2019-10-11,No
CUST-03299,Female,0,No,18,DSL,Month-to-month,Credit card,41.18,830.13,1.0,25.0,43812.0,2018-08-13,Yes
CUST-03300,Female,0,No,16,DSL,Month-to-month,Credit card,62.8,1065.02,1.0,57.0,91089.0,2023-06-17,No
CUST-03301,Female,0,No,11,DSL,Two year,Electronic check,35.67,367.64,0.0,46.0,117278.0,2019-01-31,No
CUST-03302,Female,0,Yes,30,No,Month-to-month,Mailed check,95.87,2836.74,2.0,28.0,36754.0,2018-03-15,No
CUST-03303,Female,0,Yes,51,Fiber optic,Two year,Mailed check,18.0,928.1,1.0,45.0,,2020-07-31,No
CUST-03304,Male,0,No,0,No,Month-to-month,Electronic check,60.81,0.0,1.0,27.0,53279.0,2019-08-19,No
CUST-03305,Male,1,Yes,65,DSL,Month-to-month,Electronic check,83.3,5314.39,2.0,57.0,80732.0,2019-06-01,No
CUST-03306,Male,0,Yes,17,No,Month-to-month,Mailed check,75.26,1256.45,1.0,56.0,79130.0,2019-02-08,No
CUST-03307,Female,0,No,28,DSL,One year,Credit card,43.48,1210.74,0.0,49.0,20858.0,2022-10-22,No
CUST-03308,Female,0,Yes,46,No,One year,Electronic check,84.81,3905.98,1.0,47.0,154347.0,2023-01-10,No
CUST-03309,Female,1,Yes,15,DSL,Two year,Credit card,38.42,545.56,0.0,66.0,33366.0,2018-04-19,No
CUST-03310,Female,0,No,43,Fiber optic,Month-to-month,Credit card,64.33,2829.89,1.0,41.0,41812.0,2021-07-05,Yes
CUST-03311,Female,0,Yes,4,DSL,One year,Credit card,84.56,263.48,4.0,25.0,28521.0,2018-11-13,No
CUST-03312,Male,0,Yes,4,DSL,Month-to-month,Mailed check,78.89,258.65,1.0,48.0,247458.0,2021-03-16,No
CUST-03313,Female,0,Yes,25,Fiber optic,Two year,Mailed check,44.75,1143.08,2.0,71.0,56683.0,2020-03-26,No
CUST-03314,Female,0,Yes,48,No,Two year,Mailed check,100.92,4786.08,2.0,27.0,29419.0,2019-04-18,No
CUST-03315,Male,0,Yes,53,Fiber optic,Month-to-month,Credit card,67.6,3522.78,1.0,36.0,82318.0,2024-01-31,No
CUST-03316,Female,1,Yes,24,DSL,Month-to-month,Mailed check,87.29,2101.13,0.0,47.0,77767.0,2024-02-20,No
CUST-03317,Female,0,No,17,Fiber optic,Month-to-month,Electronic check,110.87,1832.11,0.0,41.0,43798.0,2021-08-14,No
CUST-03318,Male,0,No,9,DSL,One year,Electronic check,98.53,880.12,3.0,28.0,81175.0,2019-03-17,No
CUST-03319,Male,0,Yes,72,No,Two year,Mailed check,98.6,7064.21,1.0,57.0,29876.0,2021-09-28,No
CUST-03320,Male,0,No,9,DSL,Two year,Credit card,70.78,593.94,,74.0,36470.0,2023-12-16,No
CUST-03321,Female,0,Yes,32,No,One year,Bank transfer,88.82,2737.12,1.0,44.0,15000.0,2020-06-04,No
CUST-03322,Male,0,No,18,Fiber optic,One year,Bank transfer,71.41,,0.0,29.0,22150.0,2018-11-19,Yes
CUST-03323,Male,0,No,22,Fiber optic,Month-to-month,Electronic check,28.72,569.48,2.0,20.0,145012.0,2022-06-14,No
CUST-03324,Male,0,No,12,No,One year,Credit card,74.08,880.55,2.0,45.0,131249.0,2022-03-18,No
CUST-03325,Male,1,Yes,72,Fiber optic,Month-to-month,Mailed check,72.69,5208.07,2.0,57.0,50994.0,2018-01-04,No
CUST-03326,Female,0,Yes,20,DSL,One year,Credit card,82.51,1639.87,1.0,48.0,132954.0,2023-06-23,No
CUST-03327,Female,0,Yes,66,DSL,Month-to-month,Mailed check,61.16,4029.08,1.0,41.0,44531.0,2022-03-29,No
CUST-03328,Male,0,No,0,DSL,Month-to-month,Bank transfer,42.16,9.68,2.0,33.0,42359.0,2019-04-04,No
CUST-03329,Female,0,No,20,Fiber optic,One year,Mailed check,84.7,1657.61,0.0,26.0,50711.0,2018-01-08,Yes
CUST-03330,Male,1,Yes,30,DSL,Two year,Electronic check,25.6,830.13,2.0,53.0,45480.0,2024-03-28,No
CUST-03331,Male,0,Yes,32,Fiber optic,One year,Electronic check,108.76,3387.95,3.0,54.0,43082.0,2022-11-04,No
CUST-03332,Male,0,Yes,56,DSL,One year,Electronic check,58.06,3240.03,1.0,20.0,97347.0,2020-05-05,No
CUST-03333,Female,0,No,0,No,Two year,Mailed check,72.37,41.81,5.0,64.0,53641.0,2020-10-11,Yes
CUST-03334,Male,0,No,0,Fiber optic,Month-to-month,Bank transfer,81.76,23.84,2.0,50.0,75168.0,2021-06-16,No
CUST-03335,Female,0,Yes,15,No,Month-to-month,Electronic check,82.72,1192.06,4.0,61.0,91019.0,2022-08-11,Yes
CUST-03336,Male,0,Yes,0,DSL,Two year,Mailed check,22.73,0.0,2.0,23.0,61877.0,2019-02-10,No
CUST-03337,Male,0,Yes,72,Fiber optic,Two year,Mailed check,89.72,6409.5,1.0,22.0,27387.0,2019-04-04,No
CUST-03338,Female,1,Yes,6,No,Month-to-month,Mailed check,74.09,474.5,3.0,39.0,21769.0,2018-04-24,No
CUST-03339,Female,0,No,15,DSL,Month-to-month,Electronic check,45.94,652.1,1.0,49.0,53598.0,2024-04-28,No
CUST-03340,Male,0,No,1,No,Two year,Mailed check,42.51,55.27,1.0,67.0,44233.0,2023-08-14,No
CUST-03341,Male,0,No,17,DSL,One year,Mailed check,54.98,947.88,5.0,51.0,51659.0,2021-07-19,No
CUST-03342,Female,0,Yes,11,DSL,Month-to-month,Electronic check,26.04,404.86,1.0,38.0,,2020-10-05,No
CUST-03343,Male,0,No,1,Fiber optic,Month-to-month,Bank transfer,116.67,132.33,0.0,27.0,230993.0,2019-07-11,No
CUST-03344,Male,0,Yes,9,DSL,Two year,Electronic check,109.58,945.66,2.0,59.0,22067.0,2021-10-26,No
CUST-03345,Male,0,No,11,No,Month-to-month,Credit card,78.55,791.04,2.0,28.0,15000.0,2022-06-06,Yes
CUST-03346,Female,0,Yes,72,DSL,Month-to-month,Credit card,58.3,4183.81,0.0,64.0,59839.0,2022-06-03,No
CUST-03347,Male,0,No,5,Fiber optic,One year,Bank transfer,59.09,289.5,1.0,38.0,39110.0,2018-01-16,No
CUST-03348,Female,0,No,18,Fiber optic,Month-to-month,Electronic check,87.74,1468.79,0.0,64.0,59257.0,2022-07-03,No
CUST-03349,Female,1,No,72,Fiber optic,Month-to-month,Bank transfer,117.73,8440.87,2.0,51.0,69586.0,2023-07-23,Yes
CUST-03350,Female,0,No,37,DSL,Month-to-month,Bank transfer,47.89,1786.8,2.0,40.0,105922.0,2018-09-27,No
CUST-03351,Female,0,No,72,Fiber optic,Month-to-month,Mailed check,31.47,2239.22,1.0,34.0,19844.0,2022-11-05,No
CUST-03352,Female,1,No,72,DSL,Two year,Electronic check,111.43,8071.39,2.0,37.0,35100.0,2023-04-13,Yes
CUST-03353,Female,0,Yes,16,Fiber optic,One year,Electronic check,18.0,210.08,1.0,47.0,63402.0,2019-10-10,No
CUST-03354,Male,1,Yes,28,No,Month-to-month,Electronic check,34.74,1006.56,1.0,43.0,77829.0,2022-07-27,No
CUST-03355,Male,0,No,2,DSL,Month-to-month,Bank transfer,57.59,160.87,2.0,33.0,182785.0,2018-08-15,No
CUST-03356,Male,0,Yes,13,DSL,Month-to-month,Credit card,18.19,284.29,2.0,39.0,86979.0,2022-03-02,No
CUST-03357,Female,0,Yes,39,Fiber optic,Month-to-month,Mailed check,98.36,3757.75,2.0,43.0,47378.0,2021-04-10,No
CUST-03358,Female,0,Yes,16,DSL,One year,Electronic check,90.71,1467.09,1.0,18.0,28731.0,2023-06-15,No
CUST-03359,Female,0,No,29,DSL,Month-to-month,Electronic check,47.76,1351.6,2.0,48.0,34941.0,2020-11-24,No
CUST-03360,Female,0,No,32,DSL,Month-to-month,Mailed check,103.39,3238.17,0.0,28.0,34350.0,2020-09-30,No
CUST-03361,Male,1,No,7,Fiber optic,Two year,Electronic check,108.48,738.67,0.0,25.0,72630.0,2023-12-28,Yes
CUST-03362,Female,1,Yes,50,DSL,Month-to-month,Electronic check,61.6,3034.75,2.0,18.0,57193.0,2023-12-29,Yes
CUST-03363,Male,0,Yes,14,Fiber optic,Month-to-month,Electronic check,51.48,766.76,3.0,18.0,22154.0,2018-03-25,No
CUST-03364,Female,0,Yes,5,Fiber optic,Two year,Bank transfer,120.0,625.65,1.0,23.0,37739.0,2021-02-11,No
CUST-03365,Female,1,Yes,48,Fiber optic,Two year,Bank transfer,86.63,4100.62,1.0,32.0,82994.0,2019-01-13,No
CUST-03366,Female,0,Yes,12,No,Two year,Credit card,72.69,836.07,2.0,69.0,60536.0,2019-10-04,No
CUST-03367,Female,0,No,33,Fiber optic,One year,Bank transfer,105.91,3476.0,0.0,34.0,68953.0,2022-04-10,Yes
CUST-03368,Male,0,No,19,Fiber optic,Two year,Electronic check,74.06,1403.52,1.0,44.0,61682.0,2018-10-30,No
CUST-03369,Male,0,No,11,DSL,Two year,Bank transfer,49.83,598.45,1.0,47.0,130073.0,2018-01-27,No
CUST-03370,Female,0,Yes,39,Fiber optic,Month-to-month,Electronic check,67.4,2663.14,3.0,43.0,56479.0,2022-08-31,Yes
CUST-03371,Female,0,Yes,21,No,One year,Bank transfer,96.16,2021.93,,40.0,,2022-02-11,No
CUST-03372,Female,0,No,11,Fiber optic,Month-to-month,Electronic check,18.0,184.97,4.0,25.0,28298.0,2023-10-16,No
CUST-03373,Female,0,Yes,2,DSL,One year,Electronic check,56.36,24.05,2.0,,56940.0,2021-06-24,No
CUST-03374,Male,0,No,54,No,Month-to-month,Mailed check,106.49,5815.06,1.0,67.0,15000.0,2024-01-24,No
CUST-03375,Female,0,No,0,Fiber optic,Month-to-month,Electronic check,49.64,0.0,,18.0,43889.0,2021-11-28,No
CUST-03376,Female,0,Yes,47,DSL,Month-to-month,Electronic check,111.38,5312.6,2.0,27.0,43325.0,2020-06-26,No
CUST-03377,Female,0,No,10,Fiber optic,Month-to-month,Electronic check,107.44,1084.21,2.0,38.0,21618.0,2021-11-26,No
CUST-03378,Female,0,No,24,DSL,Month-to-month,Bank transfer,,1613.98,1.0,28.0,28086.0,2022-10-22,No
CUST-03379,Male,0,Yes,61,Fiber optic,One year,Electronic check,47.94,2954.66,2.0,49.0,79681.0,2020-03-25,No
CUST-03380,Male,0,No,3,DSL,Month-to-month,Mailed check,56.38,97.54,1.0,31.0,56298.0,2020-05-22,No
CUST-03381,Male,0,No,20,DSL,One year,Bank transfer,120.0,2369.28,2.0,72.0,,2022-01-15,No
CUST-03382,Male,0,No,34,Fiber optic,One year,Electronic check,120.0,4071.54,0.0,58.0,58912.0,2020-12-03,No
CUST-03383,Male,0,No,34,No,One year,Credit card,68.76,2294.15,3.0,44.0,51822.0,2021-05-19,No
CUST-03384,Female,1,No,17,DSL,Month-to-month,Credit card,46.76,776.07,0.0,56.0,103333.0,2024-04-20,No
CUST-03385,Male,0,No,23,DSL,Two year,Credit card,68.51,1507.38,,57.0,52788.0,2018-04-13,No
CUST-03386,Male,0,Yes,34,Fiber optic,One year,Mailed check,72.31,2458.83,3.0,34.0,20436.0,2022-02-27,No
CUST-03387,Male,0,No,44,No,Two year,Mailed check,27.7,1230.67,1.0,30.0,130362.0,2023-12-03,No
CUST-03388,Female,1,Yes,34,DSL,Month-to-month,Bank transfer,67.4,2241.39,4.0,43.0,61218.0,2019-07-08,No
CUST-03389,Female,0,Yes,10,No,Month-to-month,Electronic check,104.67,,3.0,54.0,34421.0,2019-05-12,Yes
CUST-03390,Female,0,No,72,No,Month-to-month,Electronic check,18.0,1299.18,1.0,43.0,23108.0,2020-04-30,No
CUST-03391,Female,0,No,13,Fiber optic,Month-to-month,Electronic check,89.8,1126.56,2.0,19.0,62165.0,2018-06-23,Yes
CUST-03392,Male,0,Yes,0,DSL,Month-to-month,Bank transfer,106.24,0.0,2.0,30.0,45692.0,2021-08-05,Yes
CUST-03393,Male,1,Yes,10,DSL,Two year,Electronic check,48.18,484.8,3.0,40.0,126056.0,2022-02-21,No
CUST-03394,Female,0,No,3,DSL,One year,Bank transfer,115.83,334.47,2.0,40.0,39833.0,2023-04-05,No
CUST-03395,Female,0,Yes,3,DSL,Month-to-month,Electronic check,44.29,172.02,1.0,69.0,29660.0,2018-06-05,No
CUST-03396,Male,0,Yes,7,No,One year,Bank transfer,78.23,540.44,2.0,22.0,83908.0,2020-10-18,Yes
CUST-03397,Male,0,Yes,1,DSL,Month-to-month,Mailed check,55.8,0.0,1.0,49.0,85405.0,2023-01-12,No
CUST-03398,Male,0,No,27,DSL,Month-to-month,Electronic check,55.79,1589.87,2.0,62.0,54240.0,2022-12-06,No
CUST-03399,Female,0,No,1,Fiber optic,One year,Electronic check,46.48,68.26,1.0,73.0,73556.0,2018-06-22,No
CUST-03400,Female,0,Yes,5,No,One year,Electronic check,85.96,417.09,3.0,36.0,47924.0,2018-01-27,Yes
CUST-03401,Male,0,No,2,DSL,One year,Electronic check,90.46,189.15,2.0,48.0,56405.0,2023-01-10,No
CUST-03402,Female,0,No,1,Fiber optic,Month-to-month,Mailed check,63.07,86.77,2.0,49.0,98616.0,2018-11-20,No
CUST-03403,Male,0,No,7,Fiber optic,Month-to-month,Credit card,24.2,97.96,0.0,44.0,71338.0,2021-09-15,No
CUST-03404,Female,1,Yes,20,Fiber optic,Two year,Bank transfer,77.1,1549.88,0.0,40.0,44286.0,2018-08-09,No
CUST-03405,Male,0,No,72,No,Two year,Credit card,77.66,5569.01,1.0,48.0,110350.0,2019-11-24,No
CUST-03406,Female,0,Yes,50,DSL,Month-to-month,Credit card,58.5,2950.36,1.0,18.0,15000.0,2019-01-06,No
CUST-03407,Male,0,No,50,Fiber optic,One year,Mailed check,120.0,5962.99,1.0,51.0,167920.0,2022-09-22,No
CUST-03408,Female,0,Yes,4,Fiber optic,Month-to-month,Electronic check,18.08,42.08,3.0,43.0,17613.0,2022-04-26,Yes
CUST-03409,Male,0,Yes,7,No,Month-to-month,Credit card,18.0,209.14,1.0,38.0,33649.0,2018-11-14,No
CUST-03410,Male,0,No,1,DSL,One year,Bank transfer,43.07,104.62,0.0,70.0,47831.0,2018-05-20,No
CUST-03411,Male,0,No,36,DSL,One year,Credit card,86.31,2942.38,0.0,32.0,44896.0,2020-12-28,No
CUST-03412,Female,0,Yes,1,DSL,Two year,Bank transfer,33.32,91.16,0.0,36.0,,2019-04-04,No
CUST-03413,Male,0,No,19,No,One year,Bank transfer,35.57,672.15,1.0,69.0,25985.0,2018-01-20,No
CUST-03414,Male,0,No,6,No,One year,Credit card,93.53,525.77,0.0,30.0,57323.0,2019-09-12,Yes
CUST-03415,Female,0,Yes,6,Fiber optic,Month-to-month,Bank transfer,78.88,422.92,3.0,34.0,34650.0,2019-05-20,No
CUST-03416,Female,0,Yes,72,DSL,One year,Bank transfer,76.31,5446.86,5.0,39.0,58517.0,2022-05-24,No
CUST-03417,Male,0,No,33,DSL,Two year,Mailed check,88.44,2884.52,0.0,53.0,47152.0,2023-07-11,No
CUST-03418,Male,0,No,43,Fiber optic,Month-to-month,Credit card,52.24,2189.96,0.0,44.0,51831.0,2019-07-11,No
CUST-03419,Female,0,No,20,No,Month-to-month,Bank transfer,53.63,1004.87,1.0,23.0,35243.0,2019-06-07,No
CUST-03420,Female,1,No,49,No,Two year,Mailed check,89.29,4323.19,0.0,34.0,36096.0,2020-06-27,No
CUST-03421,Female,1,Yes,24,Fiber optic,Month-to-month,Mailed check,24.65,607.77,,33.0,58242.0,2019-02-09,No
CUST-03422,Male,0,Yes,70,Fiber optic,Month-to-month,Bank transfer,18.0,1262.5,2.0,40.0,86355.0,2024-01-28,No
CUST-03423,Female,0,Yes,7,No,Month-to-month,Electronic check,52.0,391.79,0.0,47.0,34235.0,2019-07-25,No
CUST-03424,Male,0,No,21,No,Month-to-month,Electronic check,92.93,1948.21,3.0,47.0,29107.0,2018-08-07,No
CUST-03425,Male,0,Yes,28,DSL,Month-to-month,Electronic check,72.67,1969.43,1.0,18.0,70832.0,2021-07-28,No
CUST-03426,Male,0,No,11,Fiber optic,One year,Credit card,90.72,1022.64,2.0,56.0,48074.0,2021-06-13,No
CUST-03427,Female,1,Yes,50,Fiber optic,One year,Electronic check,18.0,849.77,2.0,45.0,80684.0,2022-01-20,No
CUST-03428,Female,0,Yes,72,Fiber optic,One year,Mailed check,74.46,5393.45,3.0,61.0,28467.0,2024-03-14,No
CUST-03429,Female,0,Yes,16,No,One year,Credit card,84.62,,3.0,48.0,16853.0,2020-01-28,No
CUST-03430,Male,1,Yes,11,DSL,Month-to-month,Electronic check,24.48,234.91,2.0,57.0,35603.0,2020-04-22,No
CUST-03431,Female,1,No,15,Fiber optic,Two year,Electronic check,90.86,1344.83,0.0,48.0,30951.0,2020-02-29,No
CUST-03432,Male,0,No,45,Fiber optic,Two year,Credit card,61.65,2807.97,2.0,60.0,46757.0,2022-01-12,No
CUST-03433,Female,0,Yes,24,No,Month-to-month,Bank transfer,120.0,2888.8,2.0,49.0,33452.0,2021-11-16,No
CUST-03434,Female,0,Yes,1,DSL,Month-to-month,Electronic check,18.0,19.0,2.0,40.0,76466.0,2021-05-23,No
CUST-03435,Female,1,Yes,18,Fiber optic,Month-to-month,Credit card,106.07,2003.54,1.0,73.0,41237.0,2020-05-03,No
CUST-03436,Male,1,No,0,DSL,Month-to-month,Bank transfer,53.18,0.0,1.0,54.0,53652.0,2020-09-28,No
CUST-03437,Female,0,No,36,DSL,Two year,Credit card,18.0,596.08,2.0,50.0,53883.0,2023-01-31,No
CUST-03438,Female,0,No,9,DSL,Month-to-month,Electronic check,49.19,388.65,2.0,24.0,55103.0,2021-11-28,No
CUST-03439,Female,0,Yes,15,Fiber optic,One year,Mailed check,73.32,1011.27,1.0,23.0,48316.0,2022-08-06,Yes
CUST-03440,Female,0,No,38,No,Month-to-month,Bank transfer,96.12,3616.58,2.0,46.0,66593.0,2019-10-11,No
CUST-03441,Male,0,No,1,DSL,One year,Mailed check,116.66,151.05,3.0,44.0,30412.0,2023-11-06,No
CUST-03442,Female,1,No,4,DSL,Month-to-month,Electronic check,107.66,401.06,1.0,33.0,113510.0,2018-03-24,No
CUST-03443,Female,0,Yes,12,DSL,One year,Electronic check,36.04,415.83,3.0,43.0,42534.0,2021-10-27,Yes
CUST-03444,Male,0,No,6,Fiber optic,Two year,Bank transfer,98.9,507.27,2.0,64.0,22316.0,2023-03-19,No
CUST-03445,Male,0,Yes,9,DSL,Month-to-month,Mailed check,76.74,,0.0,51.0,54876.0,2023-07-23,Yes
CUST-03446,Female,0,Yes,72,No,Month-to-month,Electronic check,45.36,3242.84,1.0,26.0,29415.0,2020-01-19,No
CUST-03447,Male,0,Yes,41,Fiber optic,Month-to-month,Bank transfer,58.64,2436.36,1.0,40.0,73072.0,2020-12-13,No
CUST-03448,Male,0,No,51,No,One year,Mailed check,43.7,2144.95,2.0,30.0,184566.0,2018-03-23,No
CUST-03449,Male,0,No,66,Fiber optic,Month-to-month,Electronic check,66.11,4340.51,2.0,36.0,30578.0,2023-01-25,No
CUST-03450,Female,0,Yes,10,Fiber optic,Two year,Bank transfer,43.11,485.44,3.0,36.0,59839.0,2018-10-19,Yes
CUST-03451,Male,0,No,8,No,Month-to-month,Mailed check,34.16,251.03,1.0,35.0,17097.0,2020-09-29,Yes
CUST-03452,Female,0,No,6,No,Month-to-month,Bank transfer,79.37,370.44,1.0,24.0,64366.0,2024-05-10,Yes
CUST-03453,Female,0,Yes,42,DSL,One year,Electronic check,83.86,3586.08,2.0,40.0,28812.0,2023-11-21,No
CUST-03454,Female,0,No,27,No,Month-to-month,Electronic check,59.37,1639.73,0.0,34.0,33694.0,2020-02-13,No
CUST-03455,Female,0,Yes,6,Fiber optic,One year,Bank transfer,106.03,679.65,2.0,18.0,25316.0,2019-06-09,No
CUST-03456,Male,0,Yes,11,DSL,Month-to-month,Credit card,57.19,541.9,3.0,70.0,,2019-08-13,No
CUST-03457,Male,0,No,16,,Two year,Electronic check,55.92,970.34,4.0,57.0,89714.0,2022-05-24,No
CUST-03458,Male,0,No,18,DSL,Month-to-month,Bank transfer,84.81,1487.92,1.0,36.0,49713.0,2022-08-28,No
CUST-03459,Female,0,Yes,52,Fiber optic,One year,Electronic check,61.03,3148.09,1.0,42.0,,2019-05-23,No
CUST-03460,Female,0,No,11,No,Month-to-month,Electronic check,67.54,707.8,1.0,25.0,127225.0,2019-07-17,No
CUST-03461,Male,0,No,57,,Month-to-month,Electronic check,18.0,1073.35,2.0,65.0,31249.0,2020-01-28,No
CUST-03462,Male,0,No,13,DSL,One year,Credit card,65.5,842.51,1.0,68.0,15000.0,2020-10-11,No
CUST-03463,Male,0,Yes,32,No,Month-to-month,Electronic check,18.0,600.09,3.0,44.0,64539.0,2023-11-20,No
CUST-03464,Female,1,No,63,Fiber optic,Month-to-month,Electronic check,28.37,1791.11,3.0,56.0,25263.0,2018-03-04,No
CUST-03465,Male,1,Yes,57,DSL,Month-to-month,Bank transfer,24.94,1416.83,0.0,44.0,88713.0,2022-02-04,No
CUST-03466,Male,0,Yes,1,No,Month-to-month,Electronic check,33.72,0.0,0.0,23.0,39000.0,2023-07-12,Yes
CUST-03467,Male,0,Yes,5,,One year,Electronic check,48.53,333.26,1.0,36.0,70419.0,2022-08-22,No
CUST-03468,Male,0,Yes,15,DSL,Two year,Electronic check,50.41,682.98,0.0,43.0,113652.0,2019-05-23,No
CUST-03469,Female,0,Yes,13,Fiber optic,Month-to-month,Credit card,84.93,1124.7,1.0,35.0,23734.0,2021-01-22,No
CUST-03470,Male,0,Yes,24,No,Two year,Electronic check,71.67,1738.91,3.0,38.0,34906.0,2023-11-03,Yes
CUST-03471,Male,0,Yes,69,DSL,Two year,Credit card,18.0,1299.72,1.0,40.0,46844.0,2018-09-29,No
CUST-03472,Female,0,No,2,Fiber optic,Month-to-month,Electronic check,67.5,204.4,1.0,40.0,123319.0,2024-05-02,No
CUST-03473,Male,0,Yes,14,DSL,Month-to-month,Electronic check,74.55,1036.83,3.0,42.0,33023.0,2018-12-03,No
CUST-03474,Female,1,No,5,Fiber optic,Month-to-month,Credit card,55.14,,1.0,27.0,34313.0,2018-11-30,Yes
CUST-03475,Male,0,Yes,53,DSL,One year,Bank transfer,63.17,3436.25,3.0,31.0,65308.0,2023-03-20,No
CUST-03476,Male,1,Yes,72,Fiber optic,Month-to-month,Mailed check,70.71,5087.86,2.0,24.0,34671.0,2023-04-25,No
CUST-03477,Male,0,Yes,15,DSL,Month-to-month,Mailed check,87.94,1265.78,2.0,55.0,53718.0,2018-03-30,No
CUST-03478,Male,1,No,2,DSL,Month-to-month,Electronic check,18.0,16.78,1.0,18.0,,2019-01-30,No
CUST-03479,Female,0,No,36,DSL,One year,Bank transfer,57.67,2010.89,2.0,58.0,185090.0,2024-02-01,No
CUST-03480,Male,1,Yes,28,DSL,Month-to-month,Bank transfer,110.25,3105.59,1.0,61.0,21837.0,2019-10-17,No
CUST-03481,Male,0,No,10,No,One year,Electronic check,107.5,1128.22,4.0,37.0,40414.0,2018-01-29,Yes
CUST-03482,Male,1,No,52,No,Two year,Credit card,90.53,4701.51,3.0,18.0,48074.0,2019-08-19,No
CUST-03483,Male,0,Yes,72,Fiber optic,One year,Mailed check,81.1,5758.15,0.0,36.0,154448.0,2022-09-20,No
CUST-03484,Male,0,No,19,Fiber optic,Month-to-month,Electronic check,114.64,2229.24,3.0,41.0,22138.0,2023-11-18,Yes
CUST-03485,Male,0,No,20,DSL,Month-to-month,Electronic check,120.0,2311.19,2.0,27.0,161171.0,2018-12-30,No
CUST-03486,Female,1,No,8,DSL,Month-to-month,Credit card,61.13,411.74,3.0,34.0,,2019-06-10,No
CUST-03487,Male,0,No,21,DSL,Two year,Mailed check,35.92,745.4,1.0,63.0,62960.0,2020-10-31,No
CUST-03488,Female,1,Yes,13,,Two year,Bank transfer,56.89,752.16,1.0,51.0,27152.0,2022-10-20,No
CUST-03489,Male,0,No,8,DSL,One year,Credit card,120.0,981.11,1.0,29.0,69056.0,2022-03-24,Yes
CUST-03490,Male,0,Yes,1,No,Month-to-month,Bank transfer,18.0,14.69,3.0,19.0,,2020-02-07,No
CUST-03491,Female,0,No,6,Fiber optic,One year,Bank transfer,50.88,393.28,,37.0,104819.0,2018-06-05,No
CUST-03492,Female,0,Yes,5,No,Two year,Electronic check,22.62,116.36,1.0,39.0,27374.0,2019-08-16,No
CUST-03493,Male,0,Yes,18,Fiber optic,Two year,Bank transfer,68.74,1289.05,0.0,48.0,45803.0,2019-05-30,No
CUST-03494,Male,0,No,22,Fiber optic,One year,Mailed check,28.92,675.59,2.0,34.0,35130.0,2018-02-19,No
CUST-03495,Male,0,Yes,22,DSL,One year,Credit card,61.74,1293.64,2.0,49.0,27105.0,2024-04-03,No
CUST-03496,Male,0,No,11,Fiber optic,One year,Electronic check,18.0,189.51,1.0,69.0,76480.0,2019-08-22,No
CUST-03497,Female,0,Yes,13,No,Two year,Electronic check,83.53,1192.06,1.0,53.0,67594.0,2023-05-15,No
CUST-03498,Female,0,No,43,DSL,One year,Electronic check,101.67,4346.59,0.0,41.0,,2021-02-10,No
CUST-03499,Female,0,Yes,15,DSL,Month-to-month,Mailed check,53.48,768.47,2.0,39.0,16849.0,2024-03-28,No
CUST-03500,Male,0,No,72,DSL,One year,Electronic check,60.95,4396.93,3.0,37.0,92827.0,2018-12-17,No
CUST-03501,Female,1,No,13,No,Two year,Credit card,60.1,757.87,0.0,58.0,220415.0,2018-09-17,No
CUST-03502,Male,0,No,25,DSL,One year,Credit card,70.43,1721.06,2.0,33.0,37384.0,2018-01-06,No
CUST-03503,Female,0,Yes,1,No,One year,Bank transfer,63.85,39.69,2.0,42.0,152831.0,2022-08-11,No
CUST-03504,Male,1,Yes,25,DSL,One year,Electronic check,88.04,2272.6,1.0,42.0,41860.0,2019-12-19,Yes
CUST-03505,Female,0,Yes,45,No,One year,Electronic check,101.99,4582.72,2.0,34.0,21516.0,2023-08-02,No
CUST-03506,Male,1,No,68,Fiber optic,Month-to-month,Credit card,40.58,2693.04,0.0,22.0,40807.0,2022-01-25,Yes
CUST-03507,Female,1,No,72,DSL,One year,Electronic check,55.72,3936.25,2.0,46.0,91942.0,2021-09-14,No
CUST-03508,Female,1,No,7,Fiber optic,Month-to-month,Bank transfer,92.05,754.69,0.0,41.0,29646.0,2021-02-14,Yes
CUST-03509,Female,0,Yes,20,No,Two year,Mailed check,22.35,435.83,3.0,49.0,,2019-08-28,No
CUST-03510,Male,0,Yes,14,Fiber optic,Two year,Credit card,18.0,273.73,1.0,34.0,69991.0,2018-06-01,No
CUST-03511,Female,0,No,19,Fiber optic,Month-to-month,Electronic check,71.79,1325.44,1.0,59.0,49110.0,2020-11-05,No
CUST-03512,Male,0,Yes,4,DSL,Two year,Electronic check,79.89,335.61,0.0,29.0,69617.0,2018-08-21,No
CUST-03513,Male,0,Yes,46,,Month-to-month,Bank transfer,43.33,2066.15,0.0,65.0,56539.0,2023-10-24,No
CUST-03514,Male,0,Yes,57,DSL,One year,Electronic check,47.64,2682.87,1.0,18.0,65367.0,2023-04-28,No
CUST-03515,Female,0,No,14,DSL,Month-to-month,Bank transfer,42.19,613.59,1.0,48.0,37820.0,2021-12-23,No
CUST-03516,Female,0,No,7,DSL,Month-to-month,Electronic check,38.99,202.64,0.0,48.0,56333.0,2020-11-26,No
CUST-03517,Male,0,Yes,3,DSL,Two year,Mailed check,85.8,358.54,2.0,30.0,28101.0,2020-11-30,Yes
CUST-03518,Female,0,Yes,27,Fiber optic,Two year,Mailed check,29.59,812.36,0.0,47.0,106197.0,2020-12-24,No
CUST-03519,Female,0,Yes,8,Fiber optic,One year,Mailed check,57.03,435.6,3.0,59.0,33504.0,2022-10-13,No
CUST-03520,Male,0,Yes,57,Fiber optic,Month-to-month,Credit card,37.84,2141.99,3.0,18.0,96500.0,2018-10-23,No
CUST-03521,Female,0,No,26,DSL,Month-to-month,Credit card,21.34,529.34,0.0,49.0,42609.0,2021-05-29,No
CUST-03522,Female,0,Yes,24,DSL,Two year,Bank transfer,91.11,,1.0,18.0,55337.0,2023-03-20,No
CUST-03523,Female,1,No,19,No,Month-to-month,Bank transfer,49.41,816.42,0.0,28.0,36425.0,2021-04-10,No
CUST-03524,Male,0,No,1,No,Month-to-month,Mailed check,70.65,65.75,2.0,64.0,26646.0,2018-02-02,Yes
CUST-03525,Female,0,No,64,DSL,One year,Electronic check,19.76,1257.65,2.0,33.0,17208.0,2019-07-28,No
CUST-03526,Male,0,Yes,23,Fiber optic,Two year,Bank transfer,42.74,1007.45,3.0,25.0,26024.0,2022-04-16,No
CUST-03527,Male,0,Yes,72,DSL,Month-to-month,Electronic check,87.68,6286.8,1.0,39.0,40362.0,2023-12-29,No
CUST-03528,Female,0,Yes,18,,Two year,Electronic check,120.0,2121.45,1.0,70.0,55666.0,2023-09-26,No
CUST-03529,Male,0,Yes,29,No,One year,Bank transfer,18.0,521.61,1.0,18.0,89879.0,2023-04-12,No
CUST-03530,Female,0,No,1,DSL,Month-to-month,Bank transfer,58.97,0.0,1.0,,37516.0,2024-02-05,No
CUST-03531,Male,0,No,23,Fiber optic,One year,Electronic check,77.37,1786.68,2.0,62.0,,2019-10-18,Yes
CUST-03532,Male,0,Yes,34,Fiber optic,One year,Bank transfer,46.52,1488.59,0.0,68.0,20627.0,2018-01-30,No
CUST-03533,Female,0,Yes,36,DSL,Month-to-month,Credit card,90.49,3313.68,2.0,40.0,65384.0,2020-04-10,No
CUST-03534,Female,0,Yes,35,Fiber optic,One year,Mailed check,39.0,1399.21,0.0,24.0,112410.0,2021-09-13,No
CUST-03535,Female,0,Yes,6,Fiber optic,One year,Bank transfer,69.62,371.41,1.0,71.0,104798.0,2020-01-12,No
CUST-03536,Female,0,No,72,Fiber optic,Month-to-month,Electronic check,49.34,3585.54,2.0,64.0,75053.0,2018-04-14,No
CUST-03537,Female,1,Yes,72,Fiber optic,Month-to-month,Credit card,101.58,7319.34,4.0,51.0,71906.0,2021-04-03,No
CUST-03538,Male,0,No,1,No,Month-to-month,Electronic check,44.71,0.0,2.0,30.0,,2019-04-13,Yes
CUST-03539,Female,0,Yes,66,Fiber optic,Month-to-month,Credit card,54.44,3491.9,1.0,41.0,59829.0,2022-09-01,Yes
CUST-03540,Male,0,No,8,Fiber optic,Month-to-month,Credit card,93.37,762.78,1.0,39.0,72234.0,2018-07-28,Yes
CUST-03541,Male,0,No,28,Fiber optic,One year,Bank transfer,34.16,916.77,2.0,46.0,40438.0,2024-02-23,No
CUST-03542,Male,0,Yes,9,DSL,Month-to-month,Credit card,67.06,658.29,0.0,62.0,21650.0,2023-08-17,Yes
CUST-03543,Male,0,Yes,72,Fiber optic,Month-to-month,Mailed check,18.0,1296.7,3.0,54.0,32522.0,2023-08-10,No
CUST-03544,Male,0,No,2,No,Month-to-month,Credit card,32.36,29.74,3.0,26.0,48752.0,2023-01-25,Yes
CUST-03545,Male,0,Yes,16,DSL,One year,Bank transfer,76.46,1313.25,1.0,61.0,50841.0,2022-01-24,No
CUST-03546,Male,0,No,13,No,One year,Electronic check,35.28,487.46,0.0,46.0,155713.0,2018-05-06,No
CUST-03547,Male,0,No,9,Fiber optic,Month-to-month,Electronic check,48.66,255.19,0.0,51.0,51470.0,2022-04-02,No
CUST-03548,Male,0,No,24,Fiber optic,Two year,Mailed check,79.79,1890.64,4.0,62.0,99439.0,2022-10-17,No
CUST-03549,Male,0,No,3,,One year,Credit card,47.62,73.66,1.0,26.0,37758.0,2018-11-03,No
CUST-03550,Male,0,Yes,30,Fiber optic,One year,Credit card,89.69,2650.71,1.0,41.0,40659.0,2021-12-13,No
CUST-03551,Male,0,Yes,72,DSL,Month-to-month,Credit card,71.47,,1.0,34.0,22083.0,2021-01-26,No
CUST-03552,Male,0,Yes,39,Fiber optic,Month-to-month,Electronic check,78.07,3062.43,2.0,20.0,31401.0,2021-01-11,Yes
CUST-03553,Male,1,No,47,No,Two year,Mailed check,102.23,4817.88,1.0,46.0,67251.0,2019-04-13,No
CUST-03554,Female,0,No,10,DSL,Month-to-month,Bank transfer,74.59,799.79,1.0,77.0,49243.0,2022-09-29,No
CUST-03555,Male,0,No,9,DSL,One year,Bank transfer,111.17,1032.36,1.0,18.0,86315.0,2023-12-08,No
CUST-03556,Female,0,Yes,17,DSL,One year,Electronic check,92.34,1598.52,1.0,41.0,54652.0,2023-01-20,Yes
CUST-03557,Male,0,No,1,DSL,Two year,Bank transfer,49.3,59.37,1.0,50.0,39677.0,2020-05-14,No
CUST-03558,Male,0,Yes,69,No,Month-to-month,Bank transfer,103.79,7225.85,3.0,43.0,177900.0,2024-04-24,No
CUST-03559,Male,0,Yes,3,DSL,One year,Bank transfer,72.92,202.95,0.0,40.0,46335.0,2020-05-03,No
CUST-03560,Male,0,Yes,55,No,One year,Bank transfer,53.16,2909.28,1.0,23.0,98498.0,2019-07-04,No
CUST-03561,Male,1,Yes,2,,Month-to-month,Bank transfer,73.35,51.42,,45.0,38533.0,2024-03-18,Yes
CUST-03562,Female,0,No,41,No,Month-to-month,Electronic check,98.37,4085.98,2.0,31.0,75038.0,2023-01-25,No
CUST-03563,Female,0,No,3,DSL,Month-to-month,Credit card,78.65,232.1,2.0,18.0,85545.0,2022-11-19,Yes
CUST-03564,Male,0,Yes,0,Fiber optic,Month-to-month,Electronic check,119.67,146.68,1.0,58.0,55553.0,2018-07-01,Yes
CUST-03565,Male,0,Yes,30,No,Month-to-month,Bank transfer,97.6,2907.72,1.0,55.0,15000.0,2019-03-26,Yes
CUST-03566,Male,0,Yes,7,DSL,One year,Electronic check,80.69,569.26,3.0,42.0,49560.0,2018-02-13,No
CUST-03567,Male,0,No,30,DSL,One year,Bank transfer,34.22,1053.93,1.0,45.0,102567.0,2022-12-25,No
CUST-03568,Female,0,No,19,No,Two year,Credit card,59.61,1077.5,1.0,57.0,67271.0,2019-10-14,No
CUST-03569,Female,0,No,2,Fiber optic,Month-to-month,Electronic check,67.15,,3.0,45.0,64055.0,2018-11-06,No
CUST-03570,Male,0,No,64,Fiber optic,Month-to-month,Credit card,85.9,5499.33,2.0,54.0,17442.0,2019-03-03,No
CUST-03571,Female,0,Yes,14,No,Two year,Electronic check,84.12,1162.5,1.0,37.0,31816.0,2022-02-11,No
CUST-03572,Female,0,No,31,Fiber optic,Two year,Electronic check,70.09,2231.42,1.0,60.0,62743.0,2020-10-11,No
CUST-03573,Female,0,No,16,Fiber optic,One year,Credit card,68.61,1052.57,5.0,46.0,62707.0,2024-01-15,Yes
CUST-03574,Male,0,No,22,Fiber optic,Month-to-month,Bank transfer,86.61,1919.17,1.0,44.0,101600.0,2020-05-07,Yes
CUST-03575,Male,1,Yes,8,DSL,Two year,Electronic check,39.24,386.65,0.0,24.0,44939.0,2023-05-08,No
CUST-03576,Female,1,Yes,5,DSL,Month-to-month,Credit card,115.87,544.02,0.0,46.0,62535.0,2021-07-04,Yes
CUST-03577,Female,1,No,18,Fiber optic,Month-to-month,Bank transfer,18.0,309.16,1.0,30.0,49504.0,2022-07-11,No
CUST-03578,Female,0,No,13,DSL,One year,Electronic check,108.66,1529.85,2.0,33.0,27114.0,2019-01-31,Yes
CUST-03579,Female,0,No,11,No,One year,Credit card,63.64,723.76,2.0,30.0,15000.0,2022-10-21,Yes
CUST-03580,Male,0,No,26,DSL,Month-to-month,Mailed check,95.08,2446.77,2.0,27.0,63487.0,2018-07-20,No
CUST-03581,Female,0,No,28,Fiber optic,One year,Electronic check,75.92,2165.89,0.0,,54413.0,2022-06-08,Yes
CUST-03582,Male,0,No,1,Fiber optic,One year,Credit card,75.38,46.98,3.0,60.0,33829.0,2020-12-26,Yes
CUST-03583,Male,0,No,9,Fiber optic,Two year,Bank transfer,81.63,656.42,1.0,68.0,18555.0,2019-06-20,No
CUST-03584,Female,0,No,12,Fiber optic,Month-to-month,Bank transfer,89.27,1139.86,3.0,24.0,71527.0,2021-01-30,No
CUST-03585,Male,0,No,2,Fiber optic,Month-to-month,Credit card,55.14,55.13,1.0,42.0,41791.0,2023-06-28,Yes
CUST-03586,Female,1,No,6,No,One year,Credit card,96.04,698.83,0.0,23.0,68468.0,2018-12-29,Yes
CUST-03587,Male,0,No,1,DSL,Two year,Electronic check,32.47,8.0,2.0,32.0,150005.0,2019-02-02,No
CUST-03588,Male,0,No,72,Fiber optic,Month-to-month,Credit card,64.84,,2.0,29.0,15000.0,2021-06-05,No
CUST-03589,Male,0,No,32,No,Month-to-month,Mailed check,90.08,2814.13,1.0,59.0,32216.0,2022-01-04,No
CUST-03590,Female,0,Yes,2,DSL,Month-to-month,Mailed check,94.85,240.97,4.0,36.0,43233.0,2020-09-11,Yes
CUST-03591,Male,0,No,0,No,Month-to-month,Credit card,78.82,24.99,0.0,56.0,117347.0,2019-09-17,No
CUST-03592,Male,0,Yes,30,Fiber optic,Two year,Bank transfer,53.2,1637.89,1.0,50.0,18364.0,2018-06-07,No
CUST-03593,Female,0,Yes,13,Fiber optic,Month-to-month,Electronic check,91.9,1243.1,1.0,74.0,156610.0,2018-04-27,Yes
CUST-03594,Male,0,Yes,37,Fiber optic,One year,Bank transfer,44.92,,1.0,21.0,53184.0,2018-04-06,No
CUST-03595,Male,0,No,61,No,Month-to-month,Mailed check,117.54,7104.5,1.0,59.0,46276.0,2023-10-13,No
CUST-03596,Female,0,No,21,DSL,Month-to-month,Electronic check,62.46,1309.11,1.0,58.0,43528.0,2018-11-04,No
CUST-03597,Male,0,Yes,4,Fiber optic,Two year,Credit card,18.81,86.39,1.0,28.0,37731.0,2019-11-23,No
CUST-03598,Female,0,Yes,36,Fiber optic,One year,Credit card,29.16,,2.0,56.0,91938.0,2024-04-28,No
CUST-03599,Male,0,No,72,No,One year,Bank transfer,66.31,4788.2,3.0,46.0,25819.0,2023-12-14,No
CUST-03600,Male,0,No,20,DSL,One year,Bank transfer,69.19,1400.28,4.0,38.0,60309.0,2018-04-11,No
CUST-03601,Male,0,No,27,DSL,Month-to-month,Electronic check,120.0,3194.5,4.0,30.0,38928.0,2021-07-15,Yes
CUST-03602,Male,1,No,9,No,One year,Credit card,33.85,324.4,2.0,31.0,31030.0,2022-01-24,No
CUST-03603,Female,0,Yes,11,Fiber optic,Month-to-month,Mailed check,66.18,714.62,2.0,70.0,231326.0,2018-05-07,Yes
CUST-03604,Female,0,Yes,31,DSL,Two year,Electronic check,33.22,994.82,0.0,42.0,63034.0,2022-09-02,No
CUST-03605,Male,0,No,63,DSL,One year,Credit card,50.22,3203.23,1.0,52.0,70824.0,2024-05-03,No
CUST-03606,Male,0,No,23,Fiber optic,Month-to-month,Credit card,115.52,2618.11,2.0,30.0,97019.0,2020-10-03,Yes
CUST-03607,Male,0,Yes,37,Fiber optic,Two year,Bank transfer,30.91,1120.84,2.0,31.0,20893.0,2020-11-18,No
CUST-03608,Female,1,Yes,4,No,One year,Electronic check,82.61,334.04,3.0,57.0,140277.0,2022-03-25,No
CUST-03609,Female,0,No,5,DSL,Month-to-month,Electronic check,76.79,452.67,1.0,23.0,15000.0,2022-09-22,No
CUST-03610,Male,1,Yes,18,No,Month-to-month,Mailed check,64.27,1166.5,1.0,36.0,30907.0,2023-01-25,No
CUST-03611,Male,0,Yes,4,No,Two year,Bank transfer,80.58,348.73,2.0,42.0,37219.0,2018-07-01,No
CUST-03612,Female,0,Yes,24,Fiber optic,Two year,Bank transfer,30.2,709.92,1.0,43.0,69496.0,2023-02-20,No
CUST-03613,Female,0,Yes,8,DSL,One year,Bank transfer,114.69,913.6,5.0,39.0,55895.0,2023-07-18,No
CUST-03614,Male,0,No,37,No,Month-to-month,Bank transfer,120.0,4437.56,1.0,47.0,44351.0,2018-04-16,Yes
CUST-03615,Male,0,No,39,DSL,Month-to-month,Bank transfer,66.41,2604.66,2.0,51.0,48669.0,2018-04-02,Yes
CUST-03616,Female,0,Yes,14,Fiber optic,Month-to-month,Credit card,120.0,1665.2,2.0,52.0,27260.0,2021-07-14,Yes
CUST-03617,Female,0,Yes,4,Fiber optic,One year,Bank transfer,53.03,279.12,2.0,28.0,19963.0,2021-03-10,No
CUST-03618,Male,0,Yes,24,No,Month-to-month,Credit card,77.01,1829.58,3.0,38.0,75804.0,2024-04-15,No
CUST-03619,Male,0,No,72,Fiber optic,Two year,Credit card,107.96,7687.76,3.0,58.0,74326.0,2019-11-21,No
CUST-03620,Female,0,No,23,Fiber optic,Month-to-month,Electronic check,51.23,1315.43,1.0,54.0,126841.0,2021-10-14,Yes
CUST-03621,Female,0,Yes,0,No,One year,Credit card,23.55,0.0,2.0,22.0,30515.0,2021-04-02,No
CUST-03622,Female,0,No,0,No,Month-to-month,Electronic check,18.0,65.66,0.0,46.0,74286.0,2021-06-09,Yes
CUST-03623,Male,0,No,9,Fiber optic,Month-to-month,Credit card,120.0,1150.24,3.0,18.0,41347.0,2022-03-26,No
CUST-03624,Female,0,No,5,Fiber optic,One year,Bank transfer,49.13,292.91,1.0,42.0,100136.0,2021-06-13,No
CUST-03625,Female,0,No,40,No,One year,Bank transfer,59.43,2367.3,2.0,68.0,90506.0,2018-01-17,No
CUST-03626,Male,0,Yes,44,No,One year,Electronic check,31.62,1405.61,1.0,28.0,55643.0,2023-05-31,No
CUST-03627,Male,0,Yes,7,DSL,Month-to-month,Electronic check,93.45,590.42,1.0,30.0,39985.0,2019-04-17,Yes
CUST-03628,Male,0,No,9,Fiber optic,Month-to-month,Electronic check,41.55,473.46,0.0,52.0,87252.0,2019-06-26,No
CUST-03629,Female,0,No,6,DSL,Two year,Credit card,50.26,258.97,2.0,20.0,72268.0,2022-02-27,No
CUST-03630,Female,0,No,57,Fiber optic,One year,Mailed check,73.99,4204.73,1.0,33.0,32511.0,2021-01-24,No
CUST-03631,Male,1,No,16,No,One year,Bank transfer,33.08,534.23,1.0,50.0,22099.0,2021-09-08,No
CUST-03632,Male,1,No,25,DSL,Month-to-month,Credit card,59.64,1485.63,0.0,33.0,41228.0,2021-03-11,No
CUST-03633,Male,0,No,12,DSL,One year,Electronic check,107.07,1252.0,1.0,38.0,121691.0,2020-09-06,No
CUST-03634,Male,0,Yes,23,Fiber optic,Month-to-month,Bank transfer,,1860.27,0.0,52.0,,2021-02-06,No
CUST-03635,Male,0,No,11,No,Month-to-month,Mailed check,68.92,805.63,2.0,47.0,25149.0,2018-11-27,No
CUST-03636,Male,0,Yes,9,Fiber optic,Month-to-month,Electronic check,71.45,659.15,0.0,45.0,24327.0,2024-03-21,No
CUST-03637,Male,0,No,24,DSL,Month-to-month,Credit card,53.33,1259.94,0.0,37.0,105325.0,2021-09-08,No
CUST-03638,Female,1,Yes,21,DSL,Month-to-month,Bank transfer,120.0,2573.21,1.0,47.0,24800.0,2019-11-04,No
CUST-03639,Male,0,No,8,Fiber optic,Month-to-month,Electronic check,40.64,301.9,0.0,40.0,66541.0,2022-07-29,No
CUST-03640,Male,0,Yes,3,Fiber optic,Month-to-month,Mailed check,71.33,292.51,1.0,48.0,33872.0,2023-08-25,No
CUST-03641,Female,1,Yes,11,Fiber optic,One year,Credit card,68.45,758.51,1.0,35.0,129343.0,2019-11-26,No
CUST-03642,Male,0,No,12,Fiber optic,Two year,Electronic check,95.26,1204.61,1.0,39.0,30876.0,2020-01-31,No
CUST-03643,Female,0,Yes,23,Fiber optic,Month-to-month,Mailed check,98.1,2250.61,3.0,28.0,97345.0,2020-10-24,No
CUST-03644,Male,1,No,59,Fiber optic,Month-to-month,Credit card,64.04,3781.94,3.0,41.0,54770.0,2019-05-25,Yes
CUST-03645,Male,0,No,0,No,Month-to-month,Credit card,73.72,61.27,3.0,30.0,57029.0,2023-03-13,No
CUST-03646,Female,0,Yes,6,No,Month-to-month,Bank transfer,74.86,558.86,2.0,26.0,15030.0,2021-09-30,No
CUST-03647,Male,0,Yes,5,DSL,Month-to-month,Electronic check,18.0,168.02,3.0,45.0,,2018-05-14,Yes
CUST-03648,Male,0,No,16,Fiber optic,Month-to-month,Mailed check,18.0,331.86,1.0,44.0,42944.0,2024-05-24,No
CUST-03649,Male,0,No,13,Fiber optic,One year,Bank transfer,46.85,638.51,1.0,52.0,56848.0,2021-09-09,Yes
CUST-03650,Female,0,No,31,DSL,Two year,Electronic check,48.15,1467.3,2.0,35.0,24956.0,2023-09-17,No
CUST-03651,Male,0,No,6,Fiber optic,Two year,Bank transfer,29.02,188.88,0.0,47.0,25508.0,2021-03-21,No
CUST-03652,Male,0,Yes,21,Fiber optic,One year,Bank transfer,87.49,1791.64,3.0,49.0,68657.0,2021-09-26,No
CUST-03653,Male,0,Yes,51,Fiber optic,Month-to-month,Credit card,65.06,3336.85,1.0,48.0,68714.0,2020-11-30,No
CUST-03654,Female,0,Yes,57,DSL,One year,Electronic check,58.56,3359.92,1.0,30.0,45132.0,2020-09-17,No
CUST-03655,Female,0,Yes,72,DSL,One year,Electronic check,27.32,1869.0,2.0,44.0,78285.0,2019-05-27,No
CUST-03656,Male,0,Yes,35,DSL,Month-to-month,Mailed check,63.66,2230.04,0.0,47.0,24233.0,2024-03-04,No
CUST-03657,Female,0,No,56,Fiber optic,Two year,Bank transfer,18.0,1028.74,1.0,42.0,39594.0,2019-03-02,No
CUST-03658,Female,0,No,6,No,One year,Bank transfer,60.11,356.47,0.0,18.0,131758.0,2021-05-18,Yes
CUST-03659,Female,1,Yes,5,Fiber optic,One year,Electronic check,66.9,352.4,4.0,44.0,51072.0,2018-07-24,Yes
CUST-03660,Male,0,No,0,Fiber optic,Month-to-month,Electronic check,72.26,0.0,0.0,72.0,52880.0,2024-05-16,No
CUST-03661,Male,0,Yes,29,DSL,Two year,Bank transfer,18.08,485.53,0.0,36.0,195549.0,2021-07-25,No
CUST-03662,Female,0,Yes,66,Fiber optic,One year,Credit card,71.74,4786.59,4.0,31.0,21171.0,2023-03-24,No
CUST-03663,Female,0,Yes,4,Fiber optic,Month-to-month,Bank transfer,33.76,135.07,1.0,47.0,79051.0,2021-08-11,No
CUST-03664,Female,0,No,24,DSL,Month-to-month,Bank transfer,40.63,992.11,2.0,46.0,133038.0,2023-03-02,No
CUST-03665,Female,0,No,32,Fiber optic,Month-to-month,Credit card,86.54,2741.95,1.0,58.0,40339.0,2021-06-06,No
CUST-03666,Male,1,Yes,63,DSL,Month-to-month,Mailed check,120.0,7560.97,1.0,24.0,82106.0,2020-11-08,No
CUST-03667,Female,0,No,24,Fiber optic,One year,Mailed check,66.54,1481.86,1.0,52.0,,2020-12-04,No
CUST-03668,Female,0,Yes,72,Fiber optic,Month-to-month,Electronic check,40.49,2957.58,2.0,50.0,32466.0,2018-01-06,No
CUST-03669,Male,0,Yes,10,No,Two year,Credit card,70.66,797.0,3.0,40.0,61758.0,2020-05-18,Yes
CUST-03670,Female,0,Yes,10,DSL,Two year,Bank transfer,93.17,878.45,0.0,46.0,79153.0,2024-02-09,No
CUST-03671,Male,0,Yes,18,DSL,Month-to-month,Mailed check,83.63,1458.32,0.0,56.0,96044.0,2022-05-02,No
CUST-03672,Male,0,No,11,No,Month-to-month,Electronic check,120.0,1342.04,0.0,54.0,125715.0,2023-11-24,No
CUST-03673,Female,0,No,0,DSL,Month-to-month,Mailed check,43.54,73.69,0.0,25.0,47076.0,2019-04-15,No
CUST-03674,Female,0,Yes,31,Fiber optic,Month-to-month,Electronic check,72.57,2249.57,3.0,53.0,100324.0,2021-02-24,No
CUST-03675,Female,0,Yes,33,Fiber optic,Month-to-month,Electronic check,111.47,3617.04,5.0,41.0,39919.0,2018-03-22,No
CUST-03676,Female,0,No,32,Fiber optic,Month-to-month,Credit card,109.58,3496.13,3.0,43.0,84225.0,2022-05-06,No
CUST-03677,Male,0,Yes,10,Fiber optic,Two year,Electronic check,18.0,128.5,2.0,43.0,55519.0,2023-01-11,No
CUST-03678,Male,0,No,17,Fiber optic,Two year,Mailed check,64.9,1069.86,0.0,39.0,64049.0,2022-10-19,No
CUST-03679,Female,0,No,10,DSL,Two year,Electronic check,109.54,1080.2,3.0,58.0,63202.0,2018-07-23,Yes
CUST-03680,Male,0,Yes,0,No,One year,Bank transfer,120.0,0.0,1.0,40.0,18716.0,2019-08-03,No
CUST-03681,Female,0,Yes,19,Fiber optic,Two year,Bank transfer,86.11,1597.19,2.0,26.0,24972.0,2022-03-17,No
CUST-03682,Female,0,Yes,3,Fiber optic,One year,Electronic check,53.96,165.61,0.0,36.0,52131.0,2022-11-14,No
CUST-03683,Female,0,No,2,Fiber optic,Month-to-month,Credit card,34.72,80.19,0.0,44.0,17812.0,2019-10-05,No
CUST-03684,Male,0,Yes,33,No,One year,Bank transfer,120.0,3888.8,0.0,59.0,80718.0,2020-08-09,No
CUST-03685,Male,0,No,0,No,Two year,Credit card,86.86,19.82,2.0,50.0,82696.0,2020-04-03,No
CUST-03686,Female,0,No,72,DSL,Month-to-month,Electronic check,39.56,2829.22,2.0,30.0,59653.0,2018-01-11,No
CUST-03687,Male,0,No,17,Fiber optic,Month-to-month,Mailed check,58.91,1037.48,0.0,76.0,25017.0,2021-09-12,No
CUST-03688,Female,0,No,72,Fiber optic,Month-to-month,Credit card,74.31,5389.34,3.0,45.0,112205.0,2022-04-17,No
CUST-03689,Male,0,No,1,No,Month-to-month,Credit card,81.31,54.08,3.0,59.0,166429.0,2019-10-10,Yes
CUST-03690,Female,0,Yes,21,DSL,Month-to-month,Credit card,38.01,828.92,3.0,39.0,53543.0,2022-05-31,No
CUST-03691,Male,0,No,10,Fiber optic,Month-to-month,Bank transfer,46.57,423.85,1.0,49.0,66590.0,2019-07-23,Yes
CUST-03692,Female,0,No,44,Fiber optic,Two year,Bank transfer,18.0,858.19,1.0,53.0,55328.0,2022-08-04,No
CUST-03693,Male,0,Yes,10,Fiber optic,Two year,Credit card,96.19,921.94,2.0,59.0,67387.0,2020-12-07,No
CUST-03694,Female,0,No,7,DSL,Two year,Electronic check,54.75,400.89,1.0,56.0,45627.0,2023-08-05,Yes
CUST-03695,Female,0,Yes,46,DSL,Month-to-month,Bank transfer,78.99,3624.16,5.0,54.0,48014.0,2021-06-30,No
CUST-03696,Female,0,No,11,Fiber optic,Month-to-month,Credit card,,,2.0,37.0,84409.0,2019-03-09,No
CUST-03697,Male,0,No,0,DSL,Month-to-month,Electronic check,71.6,45.05,1.0,33.0,200260.0,2023-04-10,Yes
CUST-03698,Male,0,Yes,11,DSL,Two year,Electronic check,61.61,647.0,0.0,46.0,21161.0,2022-12-28,No
CUST-03699,Male,1,No,25,Fiber optic,Month-to-month,Electronic check,70.82,1685.5,1.0,55.0,46060.0,2018-07-17,No
CUST-03700,Male,0,Yes,7,No,One year,Credit card,66.9,324.2,4.0,38.0,24142.0,2018-04-23,No
CUST-03701,Female,0,Yes,13,Fiber optic,Month-to-month,Bank transfer,102.38,1287.19,2.0,56.0,127416.0,2018-11-16,Yes
CUST-03702,Male,0,No,1,Fiber optic,Month-to-month,Bank transfer,74.33,143.13,3.0,62.0,,2023-06-04,No
CUST-03703,Female,0,No,21,DSL,Month-to-month,Credit card,48.67,1084.96,4.0,29.0,20621.0,2020-01-21,No
CUST-03704,Female,0,Yes,33,No,One year,Mailed check,96.44,3146.59,2.0,30.0,71891.0,2021-03-28,No
CUST-03705,Male,1,No,12,DSL,Month-to-month,Credit card,101.91,1204.2,1.0,40.0,139607.0,2021-11-13,No
CUST-03706,Male,0,Yes,13,Fiber optic,Month-to-month,Electronic check,24.85,299.8,3.0,46.0,72995.0,2022-10-08,No
CUST-03707,Male,0,Yes,2,DSL,Month-to-month,Bank transfer,110.98,155.29,2.0,34.0,55430.0,2023-04-29,Yes
CUST-03708,Male,0,Yes,5,Fiber optic,One year,Electronic check,75.94,332.26,0.0,60.0,62660.0,2021-04-23,No
CUST-03709,Female,1,No,4,Fiber optic,Month-to-month,Electronic check,73.5,343.06,2.0,47.0,114565.0,2020-09-01,No
CUST-03710,Female,0,Yes,15,No,Two year,Electronic check,95.2,1453.19,2.0,42.0,,2019-04-05,No
CUST-03711,Female,0,Yes,18,DSL,Month-to-month,Mailed check,47.99,877.47,1.0,21.0,45839.0,2021-11-24,No
CUST-03712,Male,0,No,71,No,Month-to-month,Credit card,93.62,6580.26,2.0,23.0,37361.0,2021-07-12,No
CUST-03713,Female,0,Yes,1,Fiber optic,One year,Mailed check,53.7,58.74,2.0,45.0,24325.0,2019-11-14,No
CUST-03714,Female,1,Yes,21,Fiber optic,Month-to-month,Electronic check,20.75,320.56,0.0,18.0,40254.0,2020-11-11,No
CUST-03715,Male,0,No,17,Fiber optic,One year,Credit card,35.07,638.33,0.0,56.0,95285.0,2022-09-30,No
CUST-03716,Female,0,Yes,17,Fiber optic,Two year,Electronic check,82.01,1407.1,1.0,39.0,68868.0,2022-01-09,No
CUST-03717,Female,0,Yes,49,Fiber optic,Two year,Credit card,36.64,1728.1,2.0,85.0,72156.0,2021-02-02,No
CUST-03718,Male,1,No,5,DSL,Month-to-month,Credit card,113.3,647.32,1.0,74.0,53523.0,2019-10-01,No
CUST-03719,Male,0,No,0,No,Month-to-month,Mailed check,100.68,0.0,2.0,39.0,67103.0,2022-04-15,No
CUST-03720,Female,0,No,26,DSL,Two year,Electronic check,105.0,2756.52,1.0,,30322.0,2022-01-10,No
CUST-03721,Male,0,Yes,10,No,Month-to-month,Bank transfer,,,1.0,55.0,40712.0,2020-12-09,No
CUST-03722,Female,0,No,0,Fiber optic,One year,Credit card,72.74,0.0,2.0,65.0,55006.0,2019-07-13,No
CUST-03723,Male,1,No,6,Fiber optic,Two year,Mailed check,29.19,173.25,2.0,19.0,57902.0,2019-02-14,No
CUST-03724,Male,0,No,8,DSL,One year,Electronic check,94.87,677.12,,18.0,59403.0,2020-03-06,No
CUST-03725,Male,0,Yes,23,Fiber optic,Month-to-month,Credit card,76.4,1614.88,1.0,33.0,45116.0,2023-10-31,No
CUST-03726,Male,1,No,4,Fiber optic,One year,Mailed check,82.02,274.69,1.0,50.0,39087.0,2022-11-02,Yes
CUST-03727,Female,0,No,12,Fiber optic,Month-to-month,Electronic check,115.65,1356.97,1.0,48.0,326003.0,2023-09-19,No
CUST-03728,Female,0,No,15,DSL,Month-to-month,Credit card,46.82,734.51,1.0,56.0,84463.0,2023-05-29,No
CUST-03729,Female,0,No,14,Fiber optic,Month-to-month,Credit card,61.22,860.45,2.0,25.0,62811.0,2020-12-11,No
CUST-03730,Male,0,No,72,DSL,Month-to-month,Mailed check,74.8,5390.28,4.0,,42619.0,2021-05-27,Yes
CUST-03731,Male,0,No,1,DSL,One year,Electronic check,36.94,,1.0,54.0,37394.0,2019-02-02,No
CUST-03732,Female,0,No,72,DSL,One year,Bank transfer,59.37,4248.14,1.0,30.0,45320.0,2022-08-17,No
CUST-03733,Female,0,Yes,20,Fiber optic,One year,Electronic check,79.79,1549.3,0.0,18.0,58436.0,2020-09-15,No
CUST-03734,Female,0,Yes,38,Fiber optic,Two year,Electronic check,55.24,2037.87,3.0,44.0,15862.0,2019-01-13,No
CUST-03735,Male,0,No,13,No,Month-to-month,Credit card,104.27,1325.83,1.0,,19117.0,2018-08-12,No
CUST-03736,Male,0,No,14,Fiber optic,One year,Credit card,19.67,279.11,0.0,40.0,33452.0,2022-06-20,No
CUST-03737,Female,0,Yes,50,Fiber optic,Month-to-month,Mailed check,98.68,4905.37,4.0,35.0,55508.0,2021-02-03,No
CUST-03738,Male,0,No,54,Fiber optic,One year,Bank transfer,84.84,4565.18,0.0,,42465.0,2018-01-22,No
CUST-03739,Male,0,Yes,6,Fiber optic,Two year,Electronic check,47.94,322.39,2.0,36.0,118999.0,2023-04-16,Yes
CUST-03740,Male,0,Yes,5,Fiber optic,Month-to-month,Mailed check,37.27,161.31,3.0,23.0,20141.0,2021-12-22,No
CUST-03741,Female,0,No,16,Fiber optic,One year,Electronic check,18.0,221.3,1.0,31.0,31231.0,2018-03-31,Yes
CUST-03742,Female,1,No,55,DSL,Month-to-month,Electronic check,41.14,2290.87,0.0,49.0,122034.0,2019-12-15,No
CUST-03743,Male,0,No,9,DSL,One year,Bank transfer,96.42,881.07,3.0,46.0,53033.0,2022-08-20,No
CUST-03744,Female,0,Yes,25,DSL,One year,Credit card,63.32,1599.43,1.0,44.0,83358.0,2018-05-19,No
CUST-03745,Female,0,Yes,29,DSL,One year,Mailed check,99.89,2928.1,2.0,28.0,167836.0,2022-09-22,No
CUST-03746,Male,0,No,36,Fiber optic,Month-to-month,Mailed check,46.4,1693.23,1.0,39.0,32328.0,2021-03-28,No
CUST-03747,Male,0,No,19,Fiber optic,One year,Electronic check,86.21,1639.43,2.0,18.0,46185.0,2023-01-09,No
CUST-03748,Female,1,Yes,12,Fiber optic,One year,Bank transfer,43.48,641.33,3.0,44.0,41628.0,2023-06-27,No
CUST-03749,Male,0,Yes,72,DSL,Month-to-month,Mailed check,36.03,2529.91,1.0,62.0,15172.0,2022-12-04,No
CUST-03750,Female,0,No,22,Fiber optic,Month-to-month,Electronic check,61.79,1330.06,2.0,21.0,40690.0,2018-07-02,No
CUST-03751,Male,0,Yes,31,DSL,Month-to-month,Electronic check,45.05,1444.92,1.0,33.0,83169.0,2020-12-14,No
CUST-03752,Male,0,Yes,10,DSL,Month-to-month,Electronic check,18.72,194.33,0.0,46.0,67802.0,2020-01-17,No
CUST-03753,Male,0,No,26,Fiber optic,Month-to-month,Mailed check,59.53,1585.68,3.0,59.0,71072.0,2021-04-06,Yes
CUST-03754,Female,0,No,7,Fiber optic,Month-to-month,Electronic check,68.19,485.82,0.0,35.0,39131.0,2024-03-12,No
CUST-03755,Male,0,Yes,6,Fiber optic,Two year,Credit card,103.05,687.0,1.0,32.0,33068.0,2018-10-19,No
CUST-03756,Female,0,Yes,30,DSL,Two year,Credit card,93.1,2742.62,4.0,18.0,104982.0,2023-07-22,No
CUST-03757,Male,0,Yes,17,No,Two year,Electronic check,101.6,1794.32,0.0,43.0,36374.0,2024-05-10,No
CUST-03758,Female,0,No,27,No,Two year,Mailed check,86.61,,3.0,70.0,58480.0,2024-05-08,No
CUST-03759,Male,0,No,7,Fiber optic,Month-to-month,Mailed check,74.98,464.35,0.0,45.0,54068.0,2023-02-10,No
CUST-03760,Female,0,No,21,No,Month-to-month,Credit card,28.13,622.26,3.0,41.0,117833.0,2020-12-26,No
CUST-03761,Female,0,No,14,DSL,Two year,Electronic check,69.5,970.85,2.0,46.0,87802.0,2019-02-22,No
CUST-03762,Male,0,Yes,21,Fiber optic,One year,Bank transfer,82.9,1710.57,1.0,41.0,22535.0,2021-11-26,No
CUST-03763,Male,0,No,8,No,Month-to-month,Electronic check,108.72,775.33,2.0,30.0,24039.0,2021-12-01,No
CUST-03764,Male,0,Yes,30,Fiber optic,Month-to-month,Mailed check,85.59,,,53.0,69379.0,2020-01-12,No
CUST-03765,Female,0,Yes,39,Fiber optic,Month-to-month,Electronic check,102.21,,1.0,45.0,47164.0,2021-12-16,No
CUST-03766,Female,0,No,7,DSL,Month-to-month,Electronic check,34.04,278.97,2.0,42.0,37305.0,2018-10-01,No
CUST-03767,Male,1,Yes,8,DSL,Month-to-month,Electronic check,55.21,431.14,0.0,28.0,90163.0,2022-01-25,No
CUST-03768,Male,0,Yes,25,DSL,Two year,Electronic check,77.88,1987.85,1.0,60.0,,2023-10-03,No
CUST-03769,Male,0,Yes,28,Fiber optic,One year,Electronic check,99.83,2842.5,2.0,51.0,50588.0,2021-01-11,No
CUST-03770,Male,1,Yes,29,DSL,Month-to-month,Bank transfer,60.64,1766.29,2.0,34.0,78268.0,2022-11-27,No
CUST-03771,Male,0,Yes,27,DSL,Month-to-month,Bank transfer,62.53,1652.19,1.0,56.0,39141.0,2022-01-29,No
CUST-03772,Male,0,No,11,Fiber optic,Two year,Bank transfer,85.61,963.76,1.0,35.0,125631.0,2018-01-08,Yes
CUST-03773,Male,0,No,12,Fiber optic,Month-to-month,Electronic check,31.22,398.99,1.0,31.0,30551.0,2018-10-13,No
CUST-03774,Female,1,No,7,Fiber optic,One year,Electronic check,113.22,826.24,0.0,31.0,72704.0,2022-12-21,No
CUST-03775,Male,0,Yes,4,No,Month-to-month,Credit card,38.63,197.79,0.0,18.0,115878.0,2018-04-05,No
CUST-03776,Male,0,Yes,28,Fiber optic,Month-to-month,Electronic check,18.0,435.89,1.0,48.0,21453.0,2024-02-19,No
CUST-03777,Male,0,Yes,2,Fiber optic,Month-to-month,Credit card,65.3,105.1,1.0,18.0,39894.0,2023-09-26,Yes
CUST-03778,Female,0,Yes,66,Fiber optic,Two year,Credit card,115.95,7557.77,1.0,24.0,97277.0,2020-04-29,No
CUST-03779,Female,0,Yes,42,DSL,Month-to-month,Electronic check,82.59,3506.13,1.0,18.0,98159.0,2019-12-29,Yes
CUST-03780,Male,0,No,46,Fiber optic,Month-to-month,Credit card,87.53,4015.76,1.0,40.0,44227.0,2021-12-07,No
CUST-03781,Female,0,Yes,56,Fiber optic,Month-to-month,Bank transfer,66.24,,1.0,39.0,31545.0,2021-12-04,No
CUST-03782,Female,1,Yes,12,Fiber optic,One year,Bank transfer,60.43,651.38,2.0,37.0,86991.0,2018-07-28,No
CUST-03783,Female,1,No,45,DSL,One year,Credit card,18.65,909.3,0.0,27.0,99720.0,2019-05-20,No
CUST-03784,Female,0,No,4,DSL,Month-to-month,Mailed check,18.0,12.28,0.0,25.0,24372.0,2022-01-31,No
CUST-03785,Male,0,No,0,Fiber optic,Month-to-month,Bank transfer,70.89,38.73,1.0,48.0,23805.0,2023-02-20,No
CUST-03786,Male,1,No,36,DSL,One year,Bank transfer,104.38,3763.58,4.0,34.0,56114.0,2019-03-26,No
CUST-03787,Female,0,Yes,1,No,One year,Bank transfer,75.32,65.85,2.0,46.0,71511.0,2022-07-03,No
CUST-03788,Female,0,Yes,72,No,Two year,Bank transfer,83.71,6013.61,1.0,,40968.0,2023-08-02,No
CUST-03789,Male,0,Yes,26,Fiber optic,One year,Electronic check,112.51,2893.36,1.0,44.0,73686.0,2018-10-04,Yes
CUST-03790,Male,0,Yes,33,No,One year,Electronic check,74.86,2535.14,1.0,60.0,32013.0,2020-10-25,No
CUST-03791,Male,0,No,6,Fiber optic,Month-to-month,Credit card,61.32,368.55,5.0,50.0,15000.0,2023-06-16,Yes
CUST-03792,Male,0,Yes,26,DSL,One year,Electronic check,40.44,987.98,2.0,36.0,38012.0,2020-05-18,Yes
CUST-03793,Male,0,No,1,Fiber optic,Two year,Mailed check,120.0,100.8,0.0,45.0,50916.0,2019-09-24,No
CUST-03794,Male,0,Yes,43,DSL,Month-to-month,Mailed check,80.8,3480.82,1.0,38.0,41543.0,2022-10-13,No
CUST-03795,Female,0,No,4,Fiber optic,Month-to-month,Electronic check,36.69,191.65,1.0,42.0,24461.0,2020-07-28,Yes
CUST-03796,Female,0,No,28,DSL,One year,Electronic check,29.86,805.85,0.0,37.0,16491.0,2022-07-13,Yes
CUST-03797,Female,0,No,6,No,One year,Electronic check,102.59,588.65,2.0,39.0,,2018-10-24,No
CUST-03798,Male,1,No,1,Fiber optic,One year,Mailed check,33.88,35.05,3.0,44.0,84001.0,2021-07-20,No
CUST-03799,Female,0,Yes,15,DSL,Month-to-month,Credit card,120.0,1843.67,1.0,,104163.0,2020-06-08,No
CUST-03800,Male,0,No,4,No,Month-to-month,Mailed check,18.0,3.56,1.0,27.0,99970.0,2024-05-25,No
CUST-03801,Male,0,Yes,31,No,Month-to-month,Bank transfer,107.68,3363.35,1.0,22.0,30045.0,2021-10-17,No
CUST-03802,Female,0,Yes,6,No,Two year,Mailed check,79.61,454.46,,19.0,24533.0,2022-05-18,No
CUST-03803,Female,0,No,10,Fiber optic,Two year,Credit card,68.56,669.38,2.0,24.0,66037.0,2018-11-04,No
CUST-03804,Male,0,Yes,20,Fiber optic,Month-to-month,Bank transfer,59.74,,0.0,44.0,71758.0,2024-05-13,No
CUST-03805,Female,0,No,8,Fiber optic,Month-to-month,Electronic check,120.0,950.18,2.0,29.0,62323.0,2018-05-01,No
CUST-03806,Female,0,No,11,DSL,Month-to-month,Mailed check,86.21,986.04,1.0,49.0,15000.0,2018-06-15,No
CUST-03807,Female,0,Yes,40,DSL,Month-to-month,Credit card,37.9,1551.95,3.0,42.0,29140.0,2018-06-27,No
CUST-03808,Male,1,No,4,DSL,Month-to-month,Bank transfer,18.0,13.0,0.0,18.0,48155.0,2023-08-02,No
CUST-03809,Male,0,No,2,Fiber optic,Month-to-month,Credit card,70.32,48.37,,51.0,65665.0,2022-09-04,Yes
CUST-03810,Male,0,No,9,Fiber optic,One year,Electronic check,64.97,625.78,2.0,53.0,77682.0,2024-03-29,No
CUST-03811,Female,0,Yes,13,DSL,One year,Credit card,19.4,198.02,1.0,28.0,53452.0,2018-06-05,No
CUST-03812,Female,1,Yes,18,DSL,Month-to-month,Electronic check,63.34,1056.91,0.0,47.0,59782.0,2022-06-09,No
CUST-03813,Female,0,No,11,Fiber optic,One year,Electronic check,,576.89,1.0,30.0,51581.0,2021-06-03,No
CUST-03814,Female,1,Yes,37,DSL,One year,Mailed check,65.28,2364.39,2.0,43.0,73966.0,2022-02-06,No
CUST-03815,Male,0,Yes,0,DSL,Month-to-month,Electronic check,86.78,0.0,1.0,24.0,59143.0,2021-04-16,No
CUST-03816,Female,0,Yes,13,Fiber optic,One year,Bank transfer,109.78,1525.86,0.0,18.0,50992.0,2022-05-02,Yes
CUST-03817,Female,0,Yes,11,DSL,Month-to-month,Credit card,92.27,931.98,1.0,36.0,41730.0,2023-10-27,Yes
CUST-03818,Male,1,No,25,No,Month-to-month,Credit card,43.36,1021.19,0.0,40.0,51471.0,2021-10-08,No
CUST-03819,Male,0,Yes,72,Fiber optic,Month-to-month,Bank transfer,76.07,5454.06,1.0,36.0,65562.0,2023-10-02,No
CUST-03820,Female,0,Yes,17,Fiber optic,Two year,Mailed check,66.89,1125.12,3.0,25.0,57554.0,2023-01-07,No
CUST-03821,Male,1,Yes,72,DSL,One year,Credit card,25.04,1758.19,1.0,36.0,61604.0,2023-07-20,No
CUST-03822,Female,0,Yes,8,Fiber optic,Month-to-month,Bank transfer,76.95,,2.0,45.0,109714.0,2022-03-25,Yes
CUST-03823,Male,0,No,0,Fiber optic,Two year,Credit card,120.0,75.5,1.0,41.0,57474.0,2021-04-30,No
CUST-03824,Male,0,No,4,No,Month-to-month,Credit card,65.97,277.03,0.0,44.0,33209.0,2018-06-12,No
CUST-03825,Female,0,No,12,Fiber optic,Two year,Electronic check,18.0,245.26,0.0,32.0,83296.0,2023-05-11,No
CUST-03826,Female,0,Yes,9,Fiber optic,One year,Electronic check,65.91,586.33,1.0,58.0,21596.0,2019-07-22,No
CUST-03827,Female,0,No,2,DSL,One year,Mailed check,28.59,71.65,3.0,25.0,25620.0,2018-03-27,No
CUST-03828,Female,1,No,13,Fiber optic,One year,Credit card,90.91,,2.0,48.0,59964.0,2021-05-01,No
CUST-03829,Female,0,Yes,9,DSL,One year,Credit card,80.75,676.94,3.0,58.0,66825.0,2022-01-21,No
CUST-03830,Female,0,No,3,DSL,Two year,Bank transfer,59.87,192.85,1.0,48.0,,2022-03-31,No
CUST-03831,Female,0,No,8,Fiber optic,Two year,Electronic check,55.07,475.36,3.0,39.0,38960.0,2022-04-19,No
CUST-03832,Female,0,Yes,52,DSL,Month-to-month,Electronic check,58.63,3126.0,0.0,34.0,34076.0,2022-03-12,Yes
CUST-03833,Female,0,No,8,Fiber optic,Month-to-month,Credit card,65.25,619.39,1.0,56.0,36606.0,2023-03-09,No
CUST-03834,Female,0,No,30,No,Month-to-month,Mailed check,,1258.39,1.0,22.0,86349.0,2022-12-08,No
CUST-03835,Female,0,Yes,22,Fiber optic,Month-to-month,Bank transfer,23.37,571.07,0.0,28.0,,2023-03-20,No
CUST-03836,Female,0,No,13,DSL,Month-to-month,Credit card,99.16,1155.57,0.0,36.0,48461.0,2020-12-14,No
CUST-03837,Female,0,Yes,6,DSL,Month-to-month,Credit card,53.44,398.25,2.0,59.0,35327.0,2018-05-28,No
CUST-03838,Male,0,No,11,Fiber optic,Month-to-month,Bank transfer,70.01,733.82,3.0,,21811.0,2022-02-07,No
CUST-03839,Female,0,Yes,21,Fiber optic,One year,Mailed check,73.56,1532.71,0.0,28.0,114933.0,2019-05-08,No
CUST-03840,Male,1,No,10,Fiber optic,Two year,Bank transfer,74.66,768.66,1.0,37.0,69931.0,2023-07-07,No
CUST-03841,Female,0,No,5,Fiber optic,Month-to-month,Electronic check,29.79,141.28,1.0,33.0,32080.0,2022-08-18,No
CUST-03842,Female,0,No,2,Fiber optic,Month-to-month,Bank transfer,18.0,45.82,1.0,32.0,75490.0,2022-11-30,Yes
CUST-03843,Female,0,Yes,50,DSL,Month-to-month,Electronic check,47.34,2446.38,,55.0,46998.0,2019-11-03,No
CUST-03844,Male,0,Yes,13,Fiber optic,Two year,Credit card,76.87,980.1,2.0,22.0,41263.0,2022-01-23,No
CUST-03845,Male,0,Yes,23,No,Month-to-month,Credit card,43.16,938.33,3.0,64.0,63648.0,2021-05-22,No
CUST-03846,Female,0,No,16,DSL,Two year,Credit card,54.35,,0.0,53.0,31416.0,2019-09-21,No
CUST-03847,Female,0,Yes,49,Fiber optic,Two year,Mailed check,120.0,5906.34,4.0,57.0,39884.0,2023-03-19,No
CUST-03848,Male,0,Yes,19,Fiber optic,Two year,Mailed check,18.0,438.11,0.0,35.0,52726.0,2021-07-12,No
CUST-03849,Male,1,No,15,,Month-to-month,Electronic check,42.35,678.43,1.0,39.0,36327.0,2019-03-24,No
CUST-03850,Male,0,Yes,62,Fiber optic,Month-to-month,Electronic check,120.0,7373.82,4.0,21.0,,2019-12-17,No
CUST-03851,Female,0,No,30,No,Two year,Mailed check,63.66,1942.07,1.0,34.0,150458.0,2019-06-17,No
CUST-03852,Female,0,No,2,Fiber optic,Month-to-month,Bank transfer,43.82,38.44,2.0,48.0,,2020-01-02,No
CUST-03853,Female,0,Yes,4,Fiber optic,One year,Electronic check,100.06,400.61,1.0,60.0,18050.0,2019-03-17,No
CUST-03854,Female,0,No,37,Fiber optic,Month-to-month,Mailed check,66.66,2462.63,1.0,26.0,15000.0,2020-05-19,No
CUST-03855,Female,0,Yes,43,No,Month-to-month,Bank transfer,54.55,2264.77,1.0,36.0,44789.0,2022-06-15,No
CUST-03856,Male,0,No,18,No,Two year,Electronic check,70.77,1233.22,2.0,39.0,32928.0,2024-02-26,No
CUST-03857,Female,0,No,19,No,One year,Electronic check,45.26,970.2,2.0,22.0,55532.0,2019-05-09,Yes
CUST-03858,Female,0,Yes,23,DSL,One year,Mailed check,34.48,804.96,2.0,50.0,53080.0,2019-12-04,No
CUST-03859,Female,0,No,13,DSL,One year,Bank transfer,61.59,791.89,1.0,31.0,18733.0,2018-01-06,No
CUST-03860,Female,0,Yes,27,Fiber optic,One year,Bank transfer,34.67,1026.73,1.0,39.0,16499.0,2019-06-12,No
CUST-03861,Female,0,No,2,DSL,One year,Mailed check,65.32,110.83,3.0,35.0,58545.0,2020-09-07,No
CUST-03862,Male,0,Yes,72,Fiber optic,Two year,Electronic check,75.63,5440.79,1.0,30.0,53170.0,2020-12-17,No
CUST-03863,Male,1,Yes,33,DSL,Two year,Electronic check,90.59,3039.01,1.0,41.0,37968.0,2019-09-17,No
CUST-03864,Female,0,Yes,23,Fiber optic,One year,Electronic check,98.84,2253.28,0.0,38.0,18137.0,2018-12-19,Yes
CUST-03865,Male,0,No,9,Fiber optic,Month-to-month,Electronic check,52.83,,1.0,36.0,65045.0,2021-08-12,No
CUST-03866,Male,0,No,4,Fiber optic,Month-to-month,Credit card,79.98,207.23,3.0,31.0,105149.0,2020-08-16,No
CUST-03867,Male,0,No,12,DSL,Month-to-month,Electronic check,79.78,910.54,2.0,46.0,57918.0,2020-09-25,Yes
CUST-03868,Female,1,No,26,No,Month-to-month,Electronic check,74.83,1898.28,3.0,65.0,29481.0,2023-09-28,No
CUST-03869,Male,0,Yes,24,Fiber optic,Month-to-month,Electronic check,50.62,1222.81,1.0,43.0,50348.0,2021-08-08,No
CUST-03870,Male,1,No,11,Fiber optic,Month-to-month,Mailed check,34.16,345.24,1.0,55.0,21597.0,2020-06-28,Yes
CUST-03871,Female,0,Yes,22,Fiber optic,Month-to-month,Electronic check,80.06,1869.22,0.0,22.0,92482.0,2019-08-18,No
CUST-03872,Female,0,Yes,40,Fiber optic,Month-to-month,Electronic check,18.0,667.12,0.0,44.0,51488.0,2020-10-01,No
CUST-03873,Male,1,Yes,0,Fiber optic,One year,Electronic check,56.96,70.03,0.0,26.0,16968.0,2023-07-13,No
CUST-03874,Female,0,Yes,14,DSL,Month-to-month,Credit card,18.0,262.99,1.0,21.0,40929.0,2024-03-11,No
CUST-03875,Male,0,Yes,34,No,One year,Credit card,24.91,887.28,2.0,31.0,64730.0,2020-06-02,No
CUST-03876,Female,0,Yes,18,Fiber optic,Month-to-month,Bank transfer,38.69,733.72,4.0,58.0,,2019-05-05,Yes
CUST-03877,Female,0,Yes,25,Fiber optic,One year,Electronic check,97.9,2336.59,1.0,55.0,41542.0,2023-11-13,No
CUST-03878,Male,0,No,17,DSL,Two year,Electronic check,85.64,1455.3,1.0,45.0,23514.0,2018-12-05,No
CUST-03879,Female,1,Yes,72,Fiber optic,Month-to-month,Bank transfer,48.38,3470.25,1.0,20.0,68866.0,2019-11-28,Yes
CUST-03880,Male,0,No,1,DSL,Two year,Electronic check,86.88,30.23,3.0,39.0,33220.0,2019-04-24,No
CUST-03881,Female,0,Yes,16,Fiber optic,One year,Mailed check,91.63,1489.06,1.0,46.0,15000.0,2021-08-18,No
CUST-03882,Female,0,No,2,No,Month-to-month,Bank transfer,60.18,206.19,1.0,44.0,39231.0,2020-08-15,No
CUST-03883,Male,0,Yes,4,Fiber optic,Month-to-month,Mailed check,23.47,0.0,1.0,18.0,88317.0,2019-11-04,Yes
CUST-03884,Male,0,No,11,Fiber optic,Two year,Mailed check,58.76,619.64,1.0,29.0,38864.0,2022-12-05,No
CUST-03885,Female,0,No,4,Fiber optic,One year,Electronic check,62.06,185.95,2.0,41.0,139078.0,2022-04-06,No
CUST-03886,Female,0,No,72,Fiber optic,Month-to-month,Bank transfer,28.03,2021.75,3.0,49.0,63410.0,2024-05-21,No
CUST-03887,Female,0,Yes,70,DSL,Two year,Bank transfer,76.01,5304.42,3.0,18.0,60069.0,2020-01-01,No
CUST-03888,Male,0,Yes,9,DSL,One year,Bank transfer,73.39,630.23,0.0,39.0,45386.0,2023-06-04,No
CUST-03889,Male,0,No,24,Fiber optic,One year,Mailed check,78.35,1914.88,2.0,44.0,47052.0,2019-12-10,Yes
CUST-03890,Female,1,Yes,18,No,Two year,Bank transfer,73.37,1402.47,,53.0,41854.0,2018-01-22,No
CUST-03891,Male,0,No,40,Fiber optic,One year,Credit card,86.9,3609.07,0.0,51.0,40889.0,2018-12-20,No
CUST-03892,Male,0,No,23,Fiber optic,Month-to-month,Bank transfer,59.62,1334.28,1.0,50.0,67408.0,2021-04-06,No
CUST-03893,Female,0,Yes,0,Fiber optic,One year,Mailed check,71.05,0.0,2.0,30.0,27959.0,2023-03-13,No
CUST-03894,Male,0,Yes,34,No,Two year,Bank transfer,53.07,1832.34,0.0,18.0,25705.0,2018-05-15,No
CUST-03895,Female,0,No,32,Fiber optic,Month-to-month,Bank transfer,47.47,1599.56,1.0,36.0,24986.0,2023-05-04,No
CUST-03896,Female,0,No,17,Fiber optic,Month-to-month,Credit card,105.15,1828.23,2.0,56.0,167274.0,2022-08-05,No
CUST-03897,Male,0,No,55,DSL,Month-to-month,Bank transfer,18.0,1070.32,4.0,61.0,67386.0,2018-03-22,No
CUST-03898,Female,0,No,57,Fiber optic,Month-to-month,Bank transfer,91.3,5192.83,3.0,51.0,58846.0,2018-09-07,No
CUST-03899,Male,0,Yes,17,DSL,Month-to-month,Bank transfer,46.38,757.98,6.0,48.0,25990.0,2018-06-27,No
CUST-03900,Female,0,No,22,No,Two year,Electronic check,42.5,,2.0,47.0,71253.0,2022-05-10,No
CUST-03901,Female,0,Yes,72,Fiber optic,Two year,Mailed check,72.85,5228.67,3.0,34.0,45709.0,2021-08-07,No
CUST-03902,Female,0,No,8,Fiber optic,Month-to-month,Electronic check,20.31,195.63,1.0,40.0,55742.0,2020-04-20,Yes
CUST-03903,Male,0,Yes,9,,One year,Mailed check,40.52,413.17,2.0,65.0,27283.0,2018-07-26,Yes
CUST-03904,Female,0,No,4,No,One year,Bank transfer,39.53,210.52,1.0,28.0,53968.0,2020-07-09,No
CUST-03905,Female,0,Yes,54,Fiber optic,Month-to-month,Mailed check,,3176.97,1.0,64.0,38013.0,2022-05-18,No
CUST-03906,Male,0,No,32,DSL,Month-to-month,Electronic check,40.88,1320.45,2.0,37.0,30965.0,2018-08-07,No
CUST-03907,Female,0,Yes,2,DSL,Month-to-month,Mailed check,113.03,265.78,3.0,60.0,76150.0,2023-06-30,No
CUST-03908,Male,0,No,72,DSL,One year,Electronic check,118.91,8463.37,3.0,22.0,19484.0,2018-05-28,No
CUST-03909,Male,0,No,31,Fiber optic,Month-to-month,Bank transfer,18.0,568.53,1.0,50.0,68793.0,2021-11-25,No
CUST-03910,Female,1,No,45,Fiber optic,Month-to-month,Bank transfer,81.33,3662.47,3.0,31.0,73916.0,2019-03-20,No
CUST-03911,Female,0,No,1,DSL,Month-to-month,Credit card,90.76,101.41,0.0,22.0,28917.0,2018-08-03,Yes
CUST-03912,Male,1,No,16,Fiber optic,Two year,Electronic check,81.29,1296.26,1.0,45.0,29965.0,2020-04-11,No
CUST-03913,Male,0,No,28,DSL,One year,Electronic check,45.26,1288.87,3.0,56.0,42881.0,2022-04-12,No
CUST-03914,Female,0,Yes,18,Fiber optic,Month-to-month,Credit card,57.68,1009.51,,30.0,58059.0,2018-10-11,No
CUST-03915,Male,0,No,26,Fiber optic,Two year,Electronic check,42.55,1162.78,3.0,21.0,44724.0,2021-01-19,No
CUST-03916,Female,0,Yes,40,Fiber optic,Month-to-month,Bank transfer,52.39,2119.28,0.0,40.0,63585.0,2020-08-09,No
CUST-03917,Female,0,No,11,No,One year,Bank transfer,28.7,323.23,3.0,40.0,141179.0,2020-09-28,No
CUST-03918,Female,0,No,45,Fiber optic,Month-to-month,Mailed check,61.56,2735.32,2.0,,36147.0,2024-01-20,No
CUST-03919,Male,0,Yes,4,DSL,Month-to-month,Mailed check,19.92,120.45,2.0,55.0,17516.0,2020-03-28,No
CUST-03920,Female,0,No,7,DSL,Two year,Electronic check,59.0,423.33,1.0,41.0,80463.0,2024-05-12,Yes
CUST-03921,Male,0,No,1,Fiber optic,One year,Credit card,27.54,0.0,4.0,67.0,134590.0,2021-06-15,No
CUST-03922,Female,0,No,10,No,Month-to-month,Electronic check,71.2,709.17,0.0,45.0,62047.0,2023-05-28,Yes
CUST-03923,Male,0,Yes,11,No,Month-to-month,Electronic check,44.62,522.27,4.0,37.0,25523.0,2020-03-28,Yes
CUST-03924,Male,0,Yes,39,No,Month-to-month,Mailed check,73.72,2902.66,1.0,19.0,45508.0,2018-07-18,No
CUST-03925,Male,0,No,25,Fiber optic,One year,Electronic check,97.45,2460.6,0.0,38.0,25056.0,2018-07-17,Yes
CUST-03926,Female,0,No,13,Fiber optic,Month-to-month,Bank transfer,112.68,1469.47,2.0,37.0,72093.0,2021-09-07,Yes
CUST-03927,Female,0,Yes,25,Fiber optic,One year,Mailed check,18.0,501.29,2.0,55.0,21790.0,2023-12-19,No
CUST-03928,Male,0,No,1,Fiber optic,Two year,Electronic check,39.97,101.86,2.0,48.0,40942.0,2018-06-16,No
CUST-03929,Female,0,Yes,4,DSL,Month-to-month,Electronic check,55.91,260.51,1.0,25.0,26833.0,2022-06-03,No
CUST-03930,Male,0,Yes,23,DSL,Two year,Electronic check,78.81,1783.26,3.0,44.0,52896.0,2021-08-12,No
CUST-03931,Female,0,No,24,Fiber optic,Month-to-month,Electronic check,18.0,379.1,1.0,51.0,39347.0,2022-03-09,No
CUST-03932,Male,0,Yes,35,DSL,One year,Electronic check,35.54,,0.0,63.0,54505.0,2019-05-21,No
CUST-03933,Female,1,No,12,No,One year,Credit card,68.91,924.6,1.0,54.0,,2018-06-15,No
CUST-03934,Female,0,No,30,Fiber optic,Month-to-month,Electronic check,67.55,2040.58,3.0,52.0,27119.0,2018-06-25,No
CUST-03935,Female,0,No,27,Fiber optic,Month-to-month,Electronic check,76.33,2167.23,1.0,42.0,71405.0,2019-08-02,Yes
CUST-03936,Female,1,Yes,72,DSL,Two year,Electronic check,78.31,5632.31,1.0,47.0,47607.0,2019-05-16,No
CUST-03937,Male,1,No,5,Fiber optic,Month-to-month,Bank transfer,75.16,362.86,1.0,59.0,27088.0,2018-10-24,No
CUST-03938,Male,0,Yes,19,Fiber optic,One year,Bank transfer,70.81,1341.69,1.0,23.0,188067.0,2019-09-13,No
CUST-03939,Male,0,Yes,22,Fiber optic,Month-to-month,Credit card,66.67,1462.13,3.0,37.0,65241.0,2021-06-05,No
CUST-03940,Male,0,Yes,72,Fiber optic,Month-to-month,Mailed check,84.94,6077.0,2.0,31.0,,2024-02-03,Yes
CUST-03941,Male,0,No,5,No,One year,Electronic check,18.0,32.56,4.0,47.0,114590.0,2023-12-01,Yes
CUST-03942,Female,0,Yes,17,Fiber optic,One year,Electronic check,111.33,1917.68,1.0,59.0,148018.0,2019-09-29,Yes
CUST-03943,Female,0,Yes,10,Fiber optic,Month-to-month,Electronic check,18.0,232.75,0.0,33.0,44926.0,2018-06-05,No
CUST-03944,Female,0,Yes,17,DSL,One year,Bank transfer,32.63,676.96,4.0,18.0,60381.0,2024-05-21,No
CUST-03945,Male,0,Yes,6,Fiber optic,Month-to-month,Bank transfer,58.2,327.51,0.0,36.0,27097.0,2021-01-21,No
CUST-03946,Female,0,No,1,No,Month-to-month,Electronic check,85.18,67.55,0.0,,44877.0,2024-04-11,Yes
CUST-03947,Male,0,No,20,No,Month-to-month,Credit card,18.0,321.44,4.0,49.0,43502.0,2021-06-13,Yes
CUST-03948,Female,0,No,9,DSL,One year,Credit card,64.16,633.73,2.0,47.0,54769.0,2023-09-08,No
CUST-03949,Female,0,No,4,Fiber optic,Month-to-month,Credit card,88.77,395.83,,38.0,59853.0,2020-11-13,Yes
CUST-03950,Male,0,Yes,9,DSL,One year,Electronic check,94.84,,1.0,24.0,68589.0,2021-12-28,No
CUST-03951,Male,1,No,1,Fiber optic,One year,Electronic check,44.08,0.0,1.0,49.0,56533.0,2021-06-09,No
CUST-03952,Male,0,No,72,No,Month-to-month,Electronic check,55.97,4077.47,3.0,30.0,23707.0,2019-05-31,Yes
CUST-03953,Female,0,No,20,Fiber optic,One year,Mailed check,46.52,949.56,0.0,72.0,27915.0,2022-11-25,No
CUST-03954,Male,0,Yes,40,Fiber optic,Two year,Mailed check,53.22,2166.72,1.0,49.0,35318.0,2018-05-09,No
CUST-03955,Female,0,Yes,13,DSL,Month-to-month,Credit card,34.05,398.51,1.0,33.0,41384.0,2020-04-29,No
CUST-03956,Female,0,Yes,56,DSL,One year,Electronic check,38.32,2052.03,1.0,33.0,92084.0,2023-08-01,No
CUST-03957,Female,0,No,15,No,Month-to-month,Bank transfer,78.03,1126.7,0.0,40.0,24397.0,2021-03-23,No
CUST-03958,Female,0,Yes,20,No,One year,Bank transfer,68.95,1413.39,3.0,38.0,39559.0,2018-07-01,No
CUST-03959,Female,0,No,16,No,One year,Electronic check,79.75,1381.55,4.0,57.0,,2019-05-02,Yes
CUST-03960,Female,1,Yes,31,DSL,One year,Electronic check,71.42,2192.55,0.0,44.0,40948.0,2018-09-14,No
CUST-03961,Male,0,Yes,20,Fiber optic,Two year,Bank transfer,86.13,1836.39,3.0,31.0,64618.0,2019-10-13,No
CUST-03962,Female,1,Yes,7,DSL,Month-to-month,Bank transfer,91.35,680.94,4.0,68.0,45083.0,2019-01-23,No
CUST-03963,Female,0,No,3,DSL,Month-to-month,Credit card,18.0,0.0,1.0,42.0,57186.0,2022-07-27,No
CUST-03964,Female,0,No,22,Fiber optic,Month-to-month,Credit card,39.37,876.84,1.0,52.0,42741.0,2022-03-26,No
CUST-03965,Female,1,No,16,Fiber optic,One year,Credit card,58.06,,0.0,33.0,73147.0,2018-11-13,No
CUST-03966,Female,0,Yes,2,DSL,Two year,Bank transfer,64.32,7.37,2.0,47.0,19398.0,2020-11-08,No
CUST-03967,Female,0,Yes,12,DSL,Month-to-month,Electronic check,44.9,571.02,3.0,46.0,39419.0,2019-11-25,No
CUST-03968,Male,0,No,17,Fiber optic,Month-to-month,Credit card,92.36,1628.76,1.0,18.0,58567.0,2020-03-01,No
CUST-03969,Male,1,No,42,DSL,One year,Credit card,120.0,5059.94,2.0,70.0,67522.0,2021-09-11,No
CUST-03970,Male,1,Yes,1,DSL,Month-to-month,Mailed check,70.58,67.49,0.0,60.0,120062.0,2023-10-07,Yes
CUST-03971,Male,0,No,10,Fiber optic,Month-to-month,Electronic check,67.53,666.65,0.0,36.0,38769.0,2023-10-04,Yes
CUST-03972,Male,0,Yes,41,DSL,Month-to-month,Mailed check,90.48,3698.11,1.0,26.0,119096.0,2020-08-25,No
CUST-03973,Female,1,No,25,Fiber optic,One year,Credit card,18.0,391.2,4.0,46.0,33010.0,2020-07-10,No
CUST-03974,Female,0,Yes,8,No,Month-to-month,Electronic check,65.85,492.42,1.0,43.0,,2021-04-28,No
CUST-03975,Female,0,No,44,DSL,Month-to-month,Bank transfer,94.37,4131.45,0.0,46.0,80055.0,2021-01-15,No
CUST-03976,Male,1,Yes,16,No,One year,Credit card,45.71,737.03,2.0,44.0,28337.0,2018-05-25,No
CUST-03977,Male,0,No,16,DSL,Two year,Bank transfer,28.2,,1.0,49.0,58936.0,2021-09-18,Yes
CUST-03978,Male,0,No,72,DSL,Month-to-month,Bank transfer,59.43,4235.5,4.0,62.0,47536.0,2021-10-02,Yes
CUST-03979,Male,0,No,70,Fiber optic,One year,Credit card,63.18,4460.59,1.0,49.0,71349.0,2020-11-21,No
CUST-03980,Male,0,Yes,10,Fiber optic,One year,Electronic check,37.74,395.93,1.0,27.0,42874.0,2020-08-27,No
CUST-03981,Female,0,No,3,Fiber optic,Two year,Electronic check,120.0,333.04,0.0,61.0,40767.0,2024-01-09,No
CUST-03982,Male,0,No,9,DSL,One year,Electronic check,50.64,481.07,2.0,64.0,111463.0,2021-11-08,No
CUST-03983,Male,0,No,0,Fiber optic,One year,Electronic check,30.39,0.0,0.0,,46201.0,2023-03-28,Yes
CUST-03984,Female,0,No,0,No,One year,Mailed check,62.19,,0.0,26.0,80487.0,2024-02-13,No
CUST-03985,Male,0,No,12,No,Month-to-month,Electronic check,92.24,1155.63,3.0,45.0,42821.0,2023-03-14,Yes
CUST-03986,Female,0,No,67,Fiber optic,One year,Bank transfer,65.52,4359.65,2.0,18.0,133252.0,2024-01-19,No
CUST-03987,Male,0,No,49,Fiber optic,One year,Mailed check,79.57,3840.31,5.0,49.0,32630.0,2022-11-15,Yes
CUST-03988,Male,0,Yes,17,No,Month-to-month,Bank transfer,38.85,653.19,1.0,34.0,33911.0,2019-02-03,No
CUST-03989,Male,0,Yes,19,Fiber optic,Month-to-month,Electronic check,109.63,2014.8,3.0,68.0,122358.0,2019-06-16,No
CUST-03990,Male,0,No,0,No,Month-to-month,Electronic check,81.85,0.0,1.0,31.0,37535.0,2019-03-31,No
CUST-03991,Male,1,Yes,5,No,Month-to-month,Electronic check,96.43,468.12,6.0,18.0,128110.0,2020-01-25,No
CUST-03992,Male,0,No,0,Fiber optic,One year,Electronic check,75.95,0.0,1.0,35.0,83709.0,2020-04-11,No
CUST-03993,Male,0,Yes,33,Fiber optic,Two year,Electronic check,89.75,2988.28,4.0,18.0,44676.0,2023-03-16,No
CUST-03994,Female,0,Yes,3,Fiber optic,Month-to-month,Electronic check,38.81,107.3,1.0,52.0,16514.0,2020-04-25,Yes
CUST-03995,Male,0,No,48,No,Month-to-month,Bank transfer,50.26,2471.57,1.0,18.0,48455.0,2022-08-31,No
CUST-03996,Male,0,Yes,24,DSL,Two year,Electronic check,105.39,2540.14,4.0,42.0,52103.0,2023-10-19,Yes
CUST-03997,Female,0,Yes,6,DSL,One year,Electronic check,111.79,707.52,0.0,18.0,98748.0,2018-09-26,No
CUST-03998,Female,0,Yes,4,DSL,Two year,Electronic check,30.59,181.86,2.0,37.0,127143.0,2018-01-01,No
CUST-03999,Male,0,Yes,23,No,Month-to-month,Credit card,72.49,1660.68,0.0,65.0,32500.0,2023-09-14,No
CUST-04000,Male,0,No,55,Fiber optic,Two year,Electronic check,52.07,2863.81,1.0,47.0,79277.0,2019-07-13,No
CUST-04001,Male,1,No,30,DSL,Two year,Electronic check,44.09,1244.02,0.0,29.0,77593.0,2018-12-26,No
CUST-04002,Male,0,No,10,DSL,Month-to-month,Mailed check,73.55,797.48,4.0,41.0,93344.0,2019-11-23,No
CUST-04003,Female,0,No,21,Fiber optic,Month-to-month,Bank transfer,99.23,2076.55,1.0,42.0,66119.0,2019-03-12,No
CUST-04004,Female,0,No,8,Fiber optic,Month-to-month,Mailed check,78.55,578.11,1.0,48.0,15283.0,2023-02-03,No
CUST-04005,Female,0,No,72,DSL,Month-to-month,Mailed check,55.41,4026.51,3.0,22.0,44656.0,2022-01-26,No
CUST-04006,Male,0,Yes,33,No,Two year,Bank transfer,80.45,2545.86,3.0,50.0,24503.0,2019-01-27,No
CUST-04007,Female,0,Yes,22,Fiber optic,Month-to-month,Bank transfer,54.2,1170.94,2.0,18.0,43409.0,2021-09-29,No
CUST-04008,Female,0,No,13,Fiber optic,One year,Electronic check,77.36,,0.0,,88256.0,2019-05-03,No
CUST-04009,Male,0,Yes,23,No,Two year,Electronic check,106.89,2436.58,1.0,35.0,58870.0,2019-04-08,Yes
CUST-04010,Male,1,Yes,10,DSL,Month-to-month,Credit card,18.0,144.1,0.0,50.0,97621.0,2021-10-27,No
CUST-04011,Female,0,Yes,0,Fiber optic,One year,Mailed check,88.92,0.0,2.0,42.0,60177.0,2022-04-07,No
CUST-04012,Female,0,Yes,12,Fiber optic,Month-to-month,Mailed check,18.83,125.46,,22.0,22494.0,2020-03-22,No
CUST-04013,Female,0,No,63,No,Month-to-month,Electronic check,101.85,6452.32,3.0,28.0,15000.0,2022-11-24,No
CUST-04014,Female,0,No,23,DSL,Two year,Credit card,45.89,1049.33,0.0,44.0,53598.0,2023-05-16,No
CUST-04015,Male,0,Yes,2,Fiber optic,Month-to-month,Electronic check,28.47,43.32,1.0,40.0,43115.0,2023-11-17,No
CUST-04016,Male,0,Yes,51,Fiber optic,Month-to-month,Electronic check,85.86,4365.43,0.0,33.0,27277.0,2022-01-06,No
CUST-04017,Male,0,No,7,No,One year,Mailed check,75.93,532.21,0.0,35.0,17670.0,2019-05-31,No
CUST-04018,Male,0,Yes,6,No,One year,Mailed check,35.02,242.79,1.0,51.0,31544.0,2022-10-20,No
CUST-04019,Male,0,No,8,DSL,One year,Credit card,27.41,216.68,2.0,34.0,43621.0,2018-09-10,Yes
CUST-04020,Male,0,No,20,DSL,Two year,Electronic check,59.38,1119.52,1.0,40.0,73095.0,2019-03-01,No
CUST-04021,Female,0,Yes,18,DSL,Month-to-month,Mailed check,28.88,548.62,2.0,72.0,54895.0,2023-05-06,No
CUST-04022,Male,0,No,16,Fiber optic,One year,Electronic check,33.16,555.49,7.0,22.0,128648.0,2023-11-05,No
CUST-04023,Female,0,Yes,30,No,Two year,Bank transfer,68.47,2064.38,1.0,18.0,26334.0,2018-06-06,No
CUST-04024,Male,0,Yes,9,DSL,Month-to-month,Mailed check,36.02,377.94,5.0,52.0,83169.0,2020-01-02,No
CUST-04025,Male,0,Yes,36,Fiber optic,One year,Bank transfer,77.8,2802.32,2.0,32.0,50431.0,2022-01-14,No
CUST-04026,Male,0,No,4,No,Month-to-month,Electronic check,109.7,494.37,2.0,37.0,74369.0,2024-01-09,Yes
CUST-04027,Male,0,Yes,36,No,Month-to-month,Bank transfer,60.54,2249.8,0.0,31.0,37725.0,2021-08-30,No
CUST-04028,Female,0,Yes,26,Fiber optic,Month-to-month,Mailed check,68.9,1820.52,0.0,38.0,93247.0,2023-04-08,No
CUST-04029,Female,0,Yes,27,No,One year,Mailed check,120.0,3202.6,0.0,64.0,58520.0,2023-12-03,Yes
CUST-04030,Female,1,Yes,15,DSL,Two year,Mailed check,29.37,434.01,0.0,53.0,32608.0,2021-05-01,No
CUST-04031,Male,1,Yes,26,DSL,One year,Mailed check,100.74,2681.18,2.0,54.0,48668.0,2022-10-01,No
CUST-04032,Female,0,Yes,1,DSL,Two year,Credit card,97.13,22.25,2.0,22.0,42457.0,2022-04-02,No
CUST-04033,Male,0,No,45,Fiber optic,Month-to-month,Mailed check,90.63,4058.75,2.0,25.0,65742.0,2022-04-23,No
CUST-04034,Female,0,Yes,1,Fiber optic,Month-to-month,Credit card,103.75,86.6,0.0,18.0,24152.0,2021-04-26,No
CUST-04035,Male,0,No,3,Fiber optic,Two year,Electronic check,73.42,177.0,3.0,30.0,48165.0,2021-12-31,Yes
CUST-04036,Male,0,Yes,20,DSL,Two year,Electronic check,47.51,993.84,3.0,55.0,62142.0,2021-07-22,No
CUST-04037,Female,1,No,32,DSL,Month-to-month,Mailed check,97.84,3149.72,1.0,49.0,50001.0,2022-02-03,No
CUST-04038,Female,0,Yes,1,DSL,One year,Electronic check,98.99,63.44,2.0,,109992.0,2021-03-29,No
CUST-04039,Female,1,Yes,60,No,Month-to-month,Mailed check,,5919.88,1.0,41.0,77996.0,2019-06-06,No
CUST-04040,Male,1,No,72,No,Month-to-month,Electronic check,66.34,4768.56,,32.0,48801.0,2022-06-14,No
CUST-04041,Male,0,Yes,22,DSL,Two year,Credit card,43.51,912.71,2.0,44.0,55827.0,2020-06-18,No
CUST-04042,Female,0,Yes,15,DSL,One year,Bank transfer,70.74,1025.45,0.0,52.0,58536.0,2018-10-27,No
CUST-04043,Male,0,No,32,No,Month-to-month,Mailed check,93.27,3006.44,1.0,19.0,62441.0,2023-06-18,No
CUST-04044,Male,0,No,9,DSL,Month-to-month,Bank transfer,95.73,908.52,1.0,46.0,16392.0,2019-03-01,Yes
CUST-04045,Male,0,No,16,No,Month-to-month,Electronic check,52.11,809.42,4.0,55.0,40908.0,2021-06-20,No
CUST-04046,Male,0,No,59,Fiber optic,One year,Credit card,74.46,4420.36,6.0,36.0,20117.0,2022-08-17,No
CUST-04047,Male,0,No,72,Fiber optic,Month-to-month,Mailed check,25.74,,5.0,51.0,105553.0,2022-02-26,Yes
CUST-04048,Female,0,Yes,62,Fiber optic,Two year,Electronic check,94.55,5799.16,,81.0,47263.0,2019-01-12,No
CUST-04049,Female,1,No,7,DSL,Two year,Credit card,41.5,308.28,4.0,40.0,43651.0,2019-03-31,Yes
CUST-04050,Male,0,No,6,DSL,Month-to-month,Mailed check,88.56,572.89,0.0,47.0,83958.0,2018-12-15,No
CUST-04051,Female,0,No,8,No,One year,Bank transfer,30.52,239.4,2.0,31.0,63158.0,2018-06-19,No
CUST-04052,Female,0,No,13,No,One year,Credit card,95.94,1309.13,1.0,44.0,24904.0,2019-10-26,No
CUST-04053,Female,0,Yes,9,Fiber optic,Month-to-month,Credit card,74.66,781.88,0.0,48.0,46979.0,2021-05-13,No
CUST-04054,Female,1,Yes,11,No,Month-to-month,Credit card,41.56,474.33,0.0,44.0,,2019-02-10,No
CUST-04055,Female,0,No,23,No,Two year,Mailed check,85.74,1960.34,5.0,27.0,17210.0,2024-03-24,No
CUST-04056,Male,1,No,34,DSL,Month-to-month,Bank transfer,47.29,1656.71,2.0,44.0,32397.0,2022-06-26,No
CUST-04057,Female,0,No,31,Fiber optic,One year,Electronic check,87.49,2754.29,3.0,62.0,43909.0,2021-09-28,No
CUST-04058,Female,0,Yes,40,DSL,Month-to-month,Credit card,56.78,2145.26,2.0,48.0,45753.0,2022-05-16,No
CUST-04059,Male,0,No,0,DSL,Month-to-month,Electronic check,18.0,,2.0,55.0,20143.0,2020-10-18,No
CUST-04060,Female,0,Yes,1,Fiber optic,One year,Mailed check,35.53,15.8,1.0,38.0,97831.0,2021-01-05,No
CUST-04061,Female,0,No,37,DSL,Two year,Credit card,52.09,1947.17,4.0,52.0,46107.0,2023-09-14,No
CUST-04062,Male,1,No,18,DSL,Month-to-month,Credit card,106.05,1899.22,1.0,45.0,50137.0,2022-08-19,No
CUST-04063,Female,0,No,20,Fiber optic,Month-to-month,Credit card,92.03,1836.34,1.0,28.0,,2021-10-10,Yes
CUST-04064,Male,0,No,1,DSL,One year,Mailed check,113.72,70.56,3.0,46.0,30551.0,2024-02-05,No
CUST-04065,Male,0,No,7,DSL,Month-to-month,Electronic check,114.61,839.0,1.0,28.0,64460.0,2022-04-02,No
CUST-04066,Female,0,Yes,24,DSL,One year,Credit card,48.96,1257.79,1.0,33.0,39330.0,2020-07-23,No
CUST-04067,Male,0,No,47,No,Month-to-month,Mailed check,59.35,2747.07,0.0,44.0,28625.0,2018-04-22,No
CUST-04068,Female,0,Yes,59,Fiber optic,One year,Credit card,52.66,3037.09,1.0,46.0,69152.0,2020-07-04,No
CUST-04069,Female,0,Yes,16,No,One year,Bank transfer,44.85,718.6,0.0,25.0,119970.0,2023-12-07,No
CUST-04070,Male,0,No,18,No,Month-to-month,Credit card,18.0,322.57,0.0,56.0,75727.0,2018-04-15,No
CUST-04071,Male,0,No,42,No,Month-to-month,Bank transfer,64.56,2770.07,0.0,50.0,85287.0,2019-03-09,No
CUST-04072,Female,0,Yes,18,DSL,Month-to-month,Credit card,26.43,414.28,1.0,32.0,35868.0,2023-03-10,Yes
CUST-04073,Male,0,Yes,17,No,Month-to-month,Electronic check,63.97,1060.59,2.0,20.0,18796.0,2020-05-05,No
CUST-04074,Female,1,No,56,Fiber optic,One year,Credit card,120.0,6612.61,2.0,39.0,119860.0,2019-03-12,No
CUST-04075,Male,0,Yes,37,DSL,Month-to-month,Electronic check,49.72,1908.39,3.0,35.0,168166.0,2023-03-27,No
CUST-04076,Female,0,Yes,57,Fiber optic,One year,Electronic check,70.84,4050.41,0.0,43.0,123708.0,2021-08-01,No
CUST-04077,Female,0,No,5,DSL,One year,Mailed check,92.2,437.83,2.0,36.0,40075.0,2021-07-09,Yes
CUST-04078,Male,0,Yes,17,DSL,Month-to-month,Bank transfer,73.41,1181.86,1.0,18.0,24519.0,2019-11-20,Yes
CUST-04079,Female,0,No,44,DSL,Month-to-month,Bank transfer,73.77,3184.36,0.0,36.0,25863.0,2022-05-01,No
CUST-04080,Female,0,No,2,Fiber optic,One year,Electronic check,54.13,128.97,2.0,37.0,17850.0,2023-07-13,No
CUST-04081,Female,0,Yes,37,No,Month-to-month,Bank transfer,58.04,2092.11,2.0,50.0,45962.0,2022-10-24,No
CUST-04082,Male,0,Yes,4,DSL,One year,Credit card,36.2,,3.0,32.0,128464.0,2021-12-05,No
CUST-04083,Male,0,Yes,39,Fiber optic,Month-to-month,Bank transfer,90.38,3626.97,0.0,65.0,45026.0,2020-04-01,No
CUST-04084,Male,0,No,22,DSL,Month-to-month,Mailed check,18.0,,2.0,18.0,58770.0,2023-06-26,No
CUST-04085,Female,0,No,5,Fiber optic,Month-to-month,Bank transfer,94.13,422.58,1.0,60.0,111899.0,2021-08-19,No
CUST-04086,Female,0,Yes,15,DSL,Month-to-month,Credit card,22.89,362.45,0.0,38.0,38466.0,2023-09-16,No
CUST-04087,Female,0,Yes,27,No,One year,Credit card,93.88,2473.47,1.0,54.0,166261.0,2019-08-19,No
CUST-04088,Male,1,No,24,No,Month-to-month,Electronic check,54.39,1391.36,2.0,43.0,161984.0,2022-03-14,No
CUST-04089,Male,0,No,13,DSL,Month-to-month,Electronic check,28.04,434.7,2.0,57.0,45312.0,2024-01-01,No
CUST-04090,Female,0,No,55,No,One year,Electronic check,82.38,4522.69,2.0,36.0,34664.0,2020-05-26,No
CUST-04091,Male,0,Yes,17,Fiber optic,Month-to-month,Mailed check,92.86,1533.76,0.0,26.0,74484.0,2024-02-07,No
CUST-04092,Female,0,No,16,DSL,Month-to-month,Mailed check,51.86,808.47,1.0,61.0,39794.0,2020-07-08,No
CUST-04093,Female,0,Yes,1,Fiber optic,Two year,Mailed check,86.62,,2.0,40.0,24491.0,2020-10-22,Yes
CUST-04094,Female,0,Yes,61,No,Month-to-month,Bank transfer,18.0,1117.18,0.0,45.0,105740.0,2023-03-05,Yes
CUST-04095,Male,1,No,4,Fiber optic,Two year,Mailed check,25.38,153.5,1.0,59.0,101708.0,2019-09-03,No
CUST-04096,Male,0,Yes,18,Fiber optic,Month-to-month,Electronic check,103.77,1816.03,1.0,27.0,53814.0,2022-07-12,No
CUST-04097,Female,1,Yes,39,Fiber optic,Month-to-month,Mailed check,58.29,2323.86,1.0,,22977.0,2019-12-01,Yes
CUST-04098,Female,0,Yes,5,Fiber optic,Two year,Electronic check,18.0,120.88,0.0,33.0,23441.0,2021-10-23,No
CUST-04099,Male,1,Yes,17,DSL,One year,Credit card,44.03,723.12,2.0,40.0,,2022-12-24,No
CUST-04100,Male,0,No,6,Fiber optic,Month-to-month,Mailed check,37.3,169.46,1.0,43.0,36318.0,2018-03-03,Yes
CUST-04101,Male,1,Yes,34,Fiber optic,One year,Bank transfer,60.02,2046.49,1.0,20.0,39948.0,2018-07-27,No
CUST-04102,Female,0,No,19,Fiber optic,Month-to-month,Electronic check,53.88,970.74,2.0,31.0,90506.0,2023-12-30,No
CUST-04103,Male,0,No,46,Fiber optic,One year,Bank transfer,70.37,3288.2,0.0,60.0,76107.0,2023-03-27,No
CUST-04104,Female,0,No,53,DSL,One year,Mailed check,62.92,3278.57,0.0,54.0,112070.0,2023-08-17,No
CUST-04105,Male,0,Yes,25,DSL,Month-to-month,Electronic check,105.79,2672.14,0.0,41.0,27054.0,2020-10-25,No
CUST-04106,Male,0,Yes,31,No,Month-to-month,Bank transfer,77.74,2405.91,1.0,45.0,39898.0,2022-08-06,No
CUST-04107,Female,0,No,19,Fiber optic,One year,Electronic check,78.73,1467.84,1.0,37.0,77295.0,2024-05-27,No
CUST-04108,Female,1,Yes,11,Fiber optic,Month-to-month,Mailed check,99.95,1094.31,2.0,60.0,64141.0,2020-10-10,No
CUST-04109,Male,0,No,25,DSL,Month-to-month,Bank transfer,53.34,1387.5,0.0,39.0,122937.0,2023-06-08,No
CUST-04110,Male,1,No,57,DSL,Month-to-month,Mailed check,27.14,1487.37,0.0,45.0,63090.0,2018-07-05,Yes
CUST-04111,Female,0,No,12,DSL,One year,Bank transfer,101.21,1193.91,0.0,58.0,148578.0,2021-06-28,No
CUST-04112,Male,0,No,9,Fiber optic,One year,Electronic check,69.08,584.13,1.0,31.0,,2020-02-20,No
CUST-04113,Female,0,Yes,11,Fiber optic,Month-to-month,Electronic check,69.18,759.05,2.0,63.0,,2021-05-10,No
CUST-04114,Male,0,Yes,13,Fiber optic,Two year,Electronic check,46.0,563.77,4.0,20.0,40371.0,2018-09-25,No
CUST-04115,Male,1,No,1,No,One year,Electronic check,46.49,0.0,0.0,64.0,49442.0,2020-05-11,No
CUST-04116,Male,1,Yes,16,DSL,Month-to-month,Mailed check,90.4,1393.64,0.0,36.0,84674.0,2018-06-29,No
CUST-04117,Male,0,Yes,16,DSL,Two year,Mailed check,94.54,1594.53,0.0,38.0,129028.0,2020-11-27,No
CUST-04118,Male,0,No,21,DSL,Two year,Bank transfer,88.51,1871.05,2.0,18.0,75928.0,2020-11-01,No
CUST-04119,Male,0,No,10,Fiber optic,Month-to-month,Credit card,88.79,898.52,1.0,35.0,46634.0,2020-02-12,No
CUST-04120,Female,0,Yes,22,No,One year,Bank transfer,82.07,1791.41,0.0,27.0,112016.0,2024-01-31,No
CUST-04121,Female,0,Yes,50,No,One year,Mailed check,68.95,3444.92,1.0,33.0,15000.0,2018-07-14,No
CUST-04122,Male,0,Yes,72,Fiber optic,Month-to-month,Electronic check,59.74,4279.79,3.0,40.0,20882.0,2023-04-17,No
CUST-04123,Female,0,Yes,21,Fiber optic,Month-to-month,Mailed check,101.31,2153.86,2.0,55.0,73790.0,2020-04-11,No
CUST-04124,Female,0,No,1,No,One year,Electronic check,53.79,58.83,3.0,44.0,49437.0,2019-04-12,Yes
CUST-04125,Male,0,Yes,72,Fiber optic,Month-to-month,Bank transfer,76.1,,2.0,46.0,70495.0,2019-10-01,Yes
CUST-04126,Female,0,Yes,29,DSL,Two year,Credit card,40.88,1198.21,3.0,26.0,50952.0,2023-10-15,No
CUST-04127,Male,0,Yes,9,Fiber optic,Month-to-month,Mailed check,45.22,284.04,0.0,29.0,69048.0,2023-04-17,No
CUST-04128,Male,1,Yes,3,Fiber optic,Two year,Electronic check,57.92,194.45,0.0,67.0,30072.0,2018-02-06,No
CUST-04129,Male,1,No,3,Fiber optic,Two year,Credit card,40.88,52.17,1.0,31.0,69029.0,2018-12-12,No
CUST-04130,Female,0,No,4,DSL,One year,Electronic check,88.94,350.96,2.0,65.0,89022.0,2022-05-01,No
CUST-04131,Male,0,No,1,Fiber optic,Month-to-month,Credit card,24.56,0.0,0.0,38.0,101959.0,2020-01-14,Yes
CUST-04132,Male,0,No,55,Fiber optic,One year,Credit card,67.98,3739.04,2.0,42.0,164083.0,2023-11-24,No
CUST-04133,Female,0,Yes,18,DSL,Month-to-month,Mailed check,68.98,1270.55,6.0,56.0,56752.0,2023-01-17,No
CUST-04134,Female,0,Yes,28,Fiber optic,One year,Electronic check,18.0,579.14,0.0,59.0,57777.0,2023-08-13,No
CUST-04135,Female,0,No,42,DSL,Month-to-month,Credit card,51.77,2097.27,1.0,40.0,19655.0,2019-03-28,No
CUST-04136,Female,0,No,37,Fiber optic,Two year,Bank transfer,72.67,2737.56,1.0,36.0,35637.0,2018-12-20,No
CUST-04137,Female,0,No,51,DSL,Month-to-month,Electronic check,77.86,3977.42,1.0,41.0,43658.0,2023-12-24,No
CUST-04138,Male,0,No,72,No,One year,Mailed check,58.87,4216.11,2.0,46.0,92059.0,2020-08-05,Yes
CUST-04139,Female,0,Yes,13,DSL,Two year,Bank transfer,85.31,1147.02,1.0,,33975.0,2020-09-01,No
CUST-04140,Male,0,No,72,Fiber optic,One year,Electronic check,61.72,4432.04,0.0,42.0,79047.0,2022-05-23,No
CUST-04141,Female,0,No,30,DSL,Month-to-month,Electronic check,65.41,1998.18,2.0,50.0,48973.0,2020-07-20,No
CUST-04142,Male,0,No,1,DSL,Month-to-month,Electronic check,72.55,22.94,1.0,64.0,44077.0,2023-08-13,No
CUST-04143,Female,0,Yes,27,Fiber optic,One year,Electronic check,92.81,2474.22,2.0,47.0,56916.0,2024-02-26,No
CUST-04144,Male,1,Yes,27,DSL,Month-to-month,Electronic check,44.73,1254.89,4.0,46.0,38766.0,2020-02-19,Yes
CUST-04145,Female,1,No,56,Fiber optic,Month-to-month,Electronic check,50.4,2896.67,1.0,20.0,37895.0,2019-05-03,Yes
CUST-04146,Female,0,Yes,11,DSL,Month-to-month,Electronic check,44.93,492.48,2.0,18.0,17625.0,2018-06-26,Yes
CUST-04147,Male,0,Yes,21,Fiber optic,One year,Electronic check,55.03,1016.27,1.0,47.0,42244.0,2019-05-18,No
CUST-04148,Male,0,Yes,0,Fiber optic,Month-to-month,Credit card,107.79,,0.0,40.0,36754.0,2018-11-23,Yes
CUST-04149,Male,1,Yes,9,No,Two year,Bank transfer,82.18,741.24,1.0,34.0,35968.0,2018-03-10,No
CUST-04150,Female,0,No,1,Fiber optic,Month-to-month,Mailed check,31.07,19.43,0.0,45.0,62951.0,2018-04-20,No
CUST-04151,Female,0,Yes,17,No,One year,Bank transfer,46.99,,1.0,41.0,72778.0,2021-04-08,No
CUST-04152,Male,0,No,40,No,Month-to-month,Electronic check,76.18,3023.35,1.0,57.0,,2022-07-17,No
CUST-04153,Male,0,Yes,5,DSL,Two year,Credit card,37.8,230.94,0.0,43.0,89076.0,2024-04-22,No
CUST-04154,Male,0,No,17,No,Month-to-month,Mailed check,43.24,676.74,4.0,31.0,69240.0,2018-12-31,No
CUST-04155,Male,0,No,5,Fiber optic,Month-to-month,Mailed check,105.35,588.59,2.0,55.0,,2022-06-24,Yes
CUST-04156,Male,0,No,3,DSL,Month-to-month,Credit card,46.6,217.3,,38.0,37133.0,2021-07-22,No
CUST-04157,Female,0,No,17,No,Month-to-month,Bank transfer,93.64,1546.23,1.0,49.0,59141.0,2021-01-25,No
CUST-04158,Female,0,Yes,1,DSL,Month-to-month,Electronic check,102.66,56.98,0.0,35.0,69165.0,2022-08-19,Yes
CUST-04159,Male,0,No,21,Fiber optic,One year,Credit card,,923.53,2.0,32.0,113403.0,2019-07-14,No
CUST-04160,Female,1,Yes,0,Fiber optic,Month-to-month,Credit card,38.3,0.0,0.0,43.0,100177.0,2019-12-31,No
CUST-04161,Male,0,No,2,Fiber optic,One year,Credit card,56.72,88.81,0.0,42.0,35422.0,2020-06-20,No
CUST-04162,Female,1,Yes,19,Fiber optic,One year,Electronic check,32.34,669.59,0.0,48.0,46110.0,2019-03-04,Yes
CUST-04163,Female,0,Yes,21,DSL,Two year,Credit card,68.63,1478.11,0.0,38.0,73321.0,2021-01-26,No
CUST-04164,Female,0,No,0,Fiber optic,Month-to-month,Mailed check,58.83,99.01,0.0,18.0,93041.0,2018-11-05,No
CUST-04165,Male,0,No,20,DSL,Month-to-month,Bank transfer,75.82,1524.94,0.0,35.0,86110.0,2020-01-16,No
CUST-04166,Female,0,Yes,43,DSL,Month-to-month,Electronic check,106.91,4566.59,1.0,53.0,47177.0,2018-09-23,No
CUST-04167,Female,0,No,30,No,Month-to-month,Electronic check,89.52,2688.16,2.0,37.0,23099.0,2018-03-26,Yes
CUST-04168,Male,0,Yes,3,Fiber optic,Month-to-month,Electronic check,79.68,231.51,0.0,38.0,26920.0,2020-04-12,Yes
CUST-04169,Male,0,Yes,21,Fiber optic,Month-to-month,Mailed check,18.0,371.17,1.0,55.0,57732.0,2021-12-17,Yes
CUST-04170,Female,0,No,26,DSL,Month-to-month,Electronic check,78.3,2034.61,1.0,32.0,60194.0,2018-12-22,No
CUST-04171,Male,0,Yes,0,Fiber optic,One year,Electronic check,116.68,0.0,2.0,20.0,25356.0,2024-05-16,No
CUST-04172,Male,0,Yes,46,DSL,Month-to-month,Credit card,18.0,842.11,1.0,39.0,50349.0,2019-10-05,No
CUST-04173,Female,1,No,56,Fiber optic,Month-to-month,Bank transfer,85.68,4727.65,5.0,35.0,71591.0,2018-02-23,Yes
CUST-04174,Male,0,No,45,DSL,Month-to-month,Mailed check,60.22,2674.06,1.0,28.0,24569.0,2018-03-07,No
CUST-04175,Female,0,Yes,41,Fiber optic,One year,Bank transfer,39.51,1613.97,3.0,39.0,95129.0,2022-04-11,No
CUST-04176,Male,0,No,32,Fiber optic,One year,Bank transfer,89.03,2735.98,1.0,48.0,39084.0,2022-04-19,No
CUST-04177,Female,0,No,24,No,One year,Electronic check,116.29,2829.41,1.0,41.0,104252.0,2023-10-17,No
CUST-04178,Female,0,No,27,DSL,Two year,Bank transfer,88.26,2280.36,2.0,46.0,35593.0,2018-08-01,No
CUST-04179,Female,0,No,39,DSL,One year,Bank transfer,53.86,2134.02,2.0,67.0,26476.0,2020-05-31,No
CUST-04180,Male,0,No,26,No,Month-to-month,Electronic check,36.7,889.56,2.0,37.0,37239.0,2023-09-15,No
CUST-04181,Male,0,Yes,9,Fiber optic,Month-to-month,Electronic check,69.34,603.81,2.0,45.0,46300.0,2023-02-12,Yes
CUST-04182,Female,0,Yes,11,Fiber optic,Two year,Mailed check,91.2,1029.16,1.0,34.0,38828.0,2019-07-01,No
CUST-04183,Female,1,No,54,Fiber optic,One year,Bank transfer,53.39,2992.97,0.0,30.0,43062.0,2023-09-17,No
CUST-04184,Male,0,No,0,DSL,One year,Electronic check,56.29,5.82,2.0,33.0,59896.0,2022-05-15,No
CUST-04185,Male,0,Yes,28,DSL,One year,Bank transfer,120.0,3260.87,3.0,35.0,44235.0,2019-09-12,No
CUST-04186,Male,0,No,72,DSL,Month-to-month,Electronic check,97.36,7057.6,0.0,47.0,47114.0,2018-04-16,Yes
CUST-04187,Male,0,Yes,29,Fiber optic,Two year,Bank transfer,99.5,2873.9,2.0,74.0,17579.0,2021-03-11,No
CUST-04188,Female,0,Yes,72,No,Month-to-month,Credit card,21.19,1529.18,1.0,31.0,62008.0,2022-07-29,Yes
CUST-04189,Female,0,Yes,27,Fiber optic,Month-to-month,Credit card,43.78,1209.95,1.0,36.0,46466.0,2019-09-22,No
CUST-04190,Male,0,No,0,Fiber optic,Month-to-month,Bank transfer,67.24,0.0,3.0,41.0,128820.0,2019-01-31,Yes
CUST-04191,Female,0,Yes,42,DSL,One year,Electronic check,34.97,1469.07,2.0,47.0,27896.0,2018-06-26,No
CUST-04192,Female,0,No,8,Fiber optic,Month-to-month,Bank transfer,113.01,883.6,2.0,45.0,16564.0,2023-05-27,Yes
CUST-04193,Male,0,No,14,No,Month-to-month,Bank transfer,107.31,,0.0,59.0,71028.0,2018-05-09,Yes
CUST-04194,Female,0,Yes,8,No,One year,Bank transfer,48.99,428.28,1.0,18.0,60349.0,2021-11-28,No
CUST-04195,Female,0,Yes,7,DSL,Month-to-month,Credit card,118.52,748.29,2.0,18.0,26767.0,2022-11-24,No
CUST-04196,Male,0,Yes,13,DSL,Month-to-month,Electronic check,64.87,906.44,0.0,35.0,19577.0,2023-01-03,No
CUST-04197,Female,0,Yes,11,Fiber optic,One year,Bank transfer,120.0,1342.48,2.0,57.0,123307.0,2022-03-12,Yes
CUST-04198,Male,1,No,24,Fiber optic,One year,Electronic check,69.34,1586.8,1.0,20.0,114515.0,2022-03-10,Yes
CUST-04199,Female,0,No,40,Fiber optic,Month-to-month,Electronic check,82.29,3294.39,1.0,18.0,15000.0,2021-01-15,Yes
CUST-04200,Female,0,Yes,8,Fiber optic,One year,Mailed check,107.0,907.74,1.0,49.0,37237.0,2020-09-03,No
CUST-04201,Female,0,No,5,DSL,One year,Mailed check,103.33,455.95,1.0,45.0,133054.0,2018-11-18,Yes
CUST-04202,Male,0,No,26,DSL,Month-to-month,Bank transfer,80.32,2157.2,2.0,26.0,36840.0,2021-06-08,No
CUST-04203,Female,0,No,26,DSL,Month-to-month,Bank transfer,60.77,1504.39,2.0,28.0,36520.0,2018-06-16,No
CUST-04204,Male,0,No,55,DSL,Month-to-month,Bank transfer,80.42,4383.54,2.0,28.0,41371.0,2021-01-01,No
CUST-04205,Female,0,No,0,DSL,One year,Credit card,40.51,0.0,0.0,,25020.0,2022-09-09,No
CUST-04206,Female,1,Yes,46,DSL,One year,Bank transfer,69.56,3268.61,1.0,33.0,17626.0,2020-11-03,No
CUST-04207,Male,0,No,17,DSL,Month-to-month,Credit card,31.72,514.69,1.0,48.0,92182.0,2021-04-05,No
CUST-04208,Female,0,No,23,DSL,One year,Bank transfer,18.0,355.86,3.0,18.0,16223.0,2023-05-28,No
CUST-04209,Female,0,Yes,2,DSL,Two year,Mailed check,66.51,155.28,0.0,30.0,56860.0,2022-02-23,No
CUST-04210,Female,0,Yes,13,Fiber optic,Month-to-month,Mailed check,102.87,1370.37,1.0,26.0,83445.0,2018-10-26,No
CUST-04211,Female,0,Yes,6,No,Two year,Bank transfer,92.77,590.0,1.0,38.0,20522.0,2021-06-26,No
CUST-04212,Female,0,No,7,DSL,Two year,Bank transfer,62.54,,3.0,34.0,28153.0,2020-05-04,Yes
CUST-04213,Male,0,No,16,DSL,One year,Bank transfer,117.41,1891.29,1.0,53.0,101509.0,2019-04-30,No
CUST-04214,Female,1,Yes,40,Fiber optic,Two year,Bank transfer,47.93,1884.69,1.0,18.0,67490.0,2022-02-27,No
CUST-04215,Female,1,Yes,32,No,Month-to-month,Credit card,18.0,659.74,0.0,42.0,33847.0,2020-06-24,No
CUST-04216,Male,0,No,21,DSL,Month-to-month,Electronic check,18.0,435.21,2.0,49.0,100845.0,2022-12-03,No
CUST-04217,Male,0,No,18,DSL,Two year,Bank transfer,29.56,586.23,1.0,67.0,101105.0,2021-10-06,No
CUST-04218,Male,0,No,13,No,Month-to-month,Bank transfer,89.5,1203.21,0.0,35.0,57608.0,2018-09-02,No
CUST-04219,Male,0,No,72,DSL,Month-to-month,Electronic check,45.96,3335.11,3.0,46.0,28564.0,2020-03-31,No
CUST-04220,Female,0,Yes,19,No,Month-to-month,Credit card,78.83,1435.55,2.0,18.0,38251.0,2019-09-25,No
CUST-04221,Male,0,Yes,7,No,One year,Bank transfer,114.39,832.4,2.0,18.0,58211.0,2018-12-18,No
CUST-04222,Male,0,Yes,6,Fiber optic,Month-to-month,Electronic check,32.0,197.71,2.0,53.0,43776.0,2023-02-18,Yes
CUST-04223,Male,1,No,22,Fiber optic,Month-to-month,Mailed check,,1808.87,0.0,41.0,86109.0,2020-06-05,No
CUST-04224,Female,0,No,17,,Two year,Bank transfer,81.17,1420.26,1.0,58.0,19577.0,2021-12-07,No
CUST-04225,Male,0,No,0,Fiber optic,Month-to-month,Electronic check,39.18,27.52,3.0,22.0,19999.0,2023-08-29,No
CUST-04226,Female,0,Yes,42,DSL,One year,Mailed check,105.63,4352.25,0.0,49.0,54640.0,2021-06-26,No
CUST-04227,Male,0,No,29,Fiber optic,Month-to-month,Electronic check,56.37,1630.28,2.0,68.0,36500.0,2019-08-28,No
CUST-04228,Male,0,Yes,26,DSL,Month-to-month,Credit card,53.49,1362.85,,47.0,33650.0,2023-01-27,No
CUST-04229,Male,0,No,1,DSL,Month-to-month,Bank transfer,120.0,132.62,0.0,45.0,16969.0,2020-10-17,No
CUST-04230,Male,0,Yes,10,Fiber optic,One year,Electronic check,80.68,786.02,1.0,42.0,49599.0,2021-08-14,Yes
CUST-04231,Male,0,No,65,Fiber optic,One year,Credit card,92.76,6015.6,0.0,20.0,47493.0,2023-10-15,No
CUST-04232,Female,0,Yes,47,DSL,One year,Credit card,105.65,4988.5,0.0,60.0,72554.0,2021-02-20,No
CUST-04233,Male,1,Yes,8,Fiber optic,Month-to-month,Bank transfer,45.49,342.31,0.0,33.0,51089.0,2020-02-24,No
CUST-04234,Female,0,Yes,4,Fiber optic,Two year,Electronic check,102.49,416.04,1.0,49.0,45271.0,2022-09-01,No
CUST-04235,Male,0,Yes,14,Fiber optic,Month-to-month,Bank transfer,,623.19,2.0,20.0,99329.0,2018-11-09,No
CUST-04236,Female,0,Yes,10,Fiber optic,Month-to-month,Electronic check,48.66,444.98,2.0,25.0,22303.0,2023-11-11,No
CUST-04237,Male,0,No,27,Fiber optic,Two year,Mailed check,56.84,1567.48,0.0,62.0,67631.0,2023-11-16,No
CUST-04238,Female,0,Yes,72,No,Month-to-month,Electronic check,46.34,3274.97,2.0,37.0,,2021-09-19,No
CUST-04239,Male,1,Yes,10,,One year,Mailed check,89.66,958.89,2.0,62.0,29643.0,2018-12-28,No
CUST-04240,Female,0,No,1,No,Month-to-month,Mailed check,73.02,121.74,2.0,40.0,23680.0,2020-11-25,No
CUST-04241,Female,0,Yes,54,Fiber optic,Month-to-month,Bank transfer,50.26,2700.63,2.0,18.0,78367.0,2020-09-18,Yes
CUST-04242,Male,0,No,0,DSL,One year,Electronic check,85.24,149.94,,54.0,47134.0,2019-11-30,No
CUST-04243,Male,0,Yes,72,Fiber optic,Month-to-month,Bank transfer,56.74,4147.44,1.0,33.0,48625.0,2019-02-15,No
CUST-04244,Female,0,No,26,DSL,Month-to-month,Bank transfer,55.16,1386.7,5.0,51.0,25234.0,2019-09-10,No
CUST-04245,Male,0,No,68,No,Month-to-month,Electronic check,66.46,4556.59,2.0,42.0,40953.0,2021-07-25,No
CUST-04246,Female,0,No,5,Fiber optic,Month-to-month,Bank transfer,78.9,397.79,2.0,20.0,31005.0,2022-05-26,No
CUST-04247,Male,0,No,0,Fiber optic,Two year,Electronic check,76.7,0.0,,44.0,61702.0,2024-04-14,No
CUST-04248,Male,0,No,16,Fiber optic,Two year,Bank transfer,54.1,812.1,2.0,72.0,27047.0,2019-05-21,No
CUST-04249,Female,0,Yes,14,DSL,One year,Mailed check,90.41,1315.48,2.0,48.0,108866.0,2019-04-24,No
CUST-04250,Male,0,Yes,9,Fiber optic,Month-to-month,Bank transfer,58.33,495.07,,41.0,17937.0,2018-10-02,No
CUST-04251,Female,0,Yes,72,Fiber optic,Month-to-month,Electronic check,45.35,3260.11,0.0,57.0,30214.0,2024-01-10,No
CUST-04252,Male,0,Yes,41,No,One year,Electronic check,20.96,813.31,1.0,44.0,134097.0,2020-06-13,No
CUST-04253,Male,0,No,26,Fiber optic,Month-to-month,Electronic check,94.5,2419.59,0.0,44.0,37756.0,2023-12-05,No
CUST-04254,Male,0,No,4,Fiber optic,Month-to-month,Credit card,65.37,255.13,1.0,26.0,22271.0,2023-09-15,No
CUST-04255,Female,1,No,31,No,Two year,Bank transfer,71.33,2230.64,1.0,45.0,55906.0,2018-04-14,No
CUST-04256,Female,0,No,31,DSL,Month-to-month,Credit card,96.37,2858.05,1.0,56.0,36855.0,2019-10-18,No
CUST-04257,Female,0,No,13,DSL,One year,Credit card,50.68,659.69,3.0,30.0,29687.0,2019-12-10,No
CUST-04258,Male,0,Yes,62,DSL,Month-to-month,Credit card,23.77,1436.43,1.0,61.0,25399.0,2019-10-12,No
CUST-04259,Female,0,No,4,No,One year,Bank transfer,67.09,338.48,3.0,40.0,258079.0,2020-09-23,No
CUST-04260,Female,1,No,7,DSL,Month-to-month,Electronic check,74.24,666.82,2.0,29.0,42153.0,2021-03-15,No
CUST-04261,Male,0,No,1,Fiber optic,Two year,Credit card,57.11,39.15,1.0,55.0,15439.0,2022-11-12,No
CUST-04262,Male,0,No,38,Fiber optic,Month-to-month,Electronic check,109.21,4063.87,0.0,37.0,120117.0,2019-09-20,Yes
CUST-04263,Female,0,Yes,23,DSL,Two year,Mailed check,18.0,419.84,1.0,52.0,70731.0,2019-12-01,No
CUST-04264,Female,0,Yes,9,No,Month-to-month,Credit card,98.6,877.13,0.0,37.0,,2021-11-03,Yes
CUST-04265,Female,0,Yes,4,Fiber optic,One year,Mailed check,88.73,453.49,2.0,,28004.0,2019-02-25,No
CUST-04266,Male,1,No,0,Fiber optic,Two year,Electronic check,78.7,83.33,1.0,48.0,73429.0,2021-01-13,Yes
CUST-04267,Male,0,Yes,4,DSL,Month-to-month,Mailed check,18.0,115.27,5.0,46.0,42270.0,2019-08-12,Yes
CUST-04268,Male,0,Yes,14,DSL,Month-to-month,Credit card,103.52,1419.95,0.0,18.0,15435.0,2019-04-09,No
CUST-04269,Female,0,No,6,Fiber optic,Two year,Credit card,34.21,239.15,1.0,26.0,143249.0,2023-02-08,Yes
CUST-04270,Female,0,Yes,7,DSL,Month-to-month,Bank transfer,,361.64,0.0,55.0,37782.0,2022-07-15,No
CUST-04271,Female,0,Yes,50,Fiber optic,One year,Credit card,59.88,3006.07,2.0,40.0,120251.0,2019-08-09,No
CUST-04272,Male,1,No,17,DSL,Month-to-month,Electronic check,77.22,1234.83,5.0,34.0,105562.0,2020-08-30,Yes
CUST-04273,Female,0,No,31,No,One year,Electronic check,84.18,2662.67,3.0,22.0,26886.0,2018-12-28,Yes
CUST-04274,Male,0,Yes,0,Fiber optic,Month-to-month,Mailed check,91.79,5.39,2.0,26.0,91118.0,2018-05-05,No
CUST-04275,Female,0,No,10,Fiber optic,One year,Electronic check,89.48,889.76,1.0,18.0,33161.0,2021-10-03,No
CUST-04276,Female,0,Yes,15,DSL,Month-to-month,Mailed check,72.59,1058.84,1.0,40.0,15994.0,2020-05-01,No
CUST-04277,Male,0,Yes,4,Fiber optic,Month-to-month,Electronic check,77.48,270.24,3.0,33.0,37996.0,2019-05-01,Yes
CUST-04278,Male,0,Yes,3,DSL,Month-to-month,Mailed check,32.28,112.7,2.0,28.0,,2018-09-26,Yes
CUST-04279,Male,0,No,49,DSL,One year,Electronic check,42.47,1993.57,2.0,41.0,37136.0,2022-05-13,No
CUST-04280,Male,1,No,67,DSL,Month-to-month,Electronic check,91.86,6194.09,2.0,47.0,40772.0,2019-09-29,No
CUST-04281,Female,0,Yes,1,No,Month-to-month,Credit card,90.12,37.41,,71.0,97356.0,2023-10-28,No
CUST-04282,Male,0,No,10,No,One year,Electronic check,86.71,764.17,3.0,20.0,52255.0,2019-03-28,No
CUST-04283,Female,0,Yes,72,Fiber optic,Month-to-month,Electronic check,49.57,3660.13,4.0,58.0,29555.0,2019-07-26,Yes
CUST-04284,Female,1,No,2,Fiber optic,Two year,Electronic check,92.31,141.72,0.0,55.0,74698.0,2023-06-19,No
CUST-04285,Female,0,Yes,24,Fiber optic,One year,Credit card,30.16,687.73,4.0,31.0,55193.0,2021-09-03,No
CUST-04286,Female,0,No,72,DSL,One year,Bank transfer,97.32,7063.77,2.0,44.0,15000.0,2018-09-11,No
CUST-04287,Female,0,Yes,72,No,Month-to-month,Bank transfer,57.17,4208.96,2.0,35.0,63386.0,2021-07-11,No
CUST-04288,Male,0,No,15,Fiber optic,One year,Electronic check,115.53,1656.3,2.0,44.0,62012.0,2019-12-23,Yes
CUST-04289,Male,0,Yes,4,Fiber optic,Month-to-month,Mailed check,19.36,29.63,2.0,63.0,49616.0,2022-09-23,Yes
CUST-04290,Female,0,Yes,5,No,Two year,Electronic check,117.9,545.37,1.0,50.0,83702.0,2018-07-02,Yes
CUST-04291,Male,0,No,52,No,Month-to-month,Electronic check,54.16,2863.06,2.0,49.0,32746.0,2023-11-21,No
CUST-04292,Female,0,No,58,Fiber optic,Month-to-month,Bank transfer,53.62,3191.92,3.0,35.0,59988.0,2021-01-25,No
CUST-04293,Male,0,No,22,Fiber optic,Month-to-month,Credit card,70.85,1504.69,2.0,21.0,19145.0,2022-09-17,No
CUST-04294,Female,0,Yes,34,No,Two year,Electronic check,44.09,1569.8,0.0,39.0,,2022-07-10,No
CUST-04295,Female,0,Yes,32,Fiber optic,One year,Bank transfer,62.83,1975.11,0.0,58.0,158234.0,2019-02-22,No
CUST-04296,Female,0,No,26,No,Month-to-month,Electronic check,42.87,1131.43,0.0,20.0,26986.0,2023-08-25,No
CUST-04297,Female,0,Yes,42,DSL,Two year,Electronic check,43.97,1783.17,2.0,27.0,31073.0,2019-06-30,No
CUST-04298,Male,0,No,27,DSL,Month-to-month,Electronic check,79.61,2143.37,1.0,43.0,32015.0,2019-03-23,Yes
CUST-04299,Female,0,Yes,18,Fiber optic,One year,Credit card,37.95,677.54,0.0,28.0,52997.0,2021-05-04,No
CUST-04300,Male,0,No,6,DSL,One year,Electronic check,41.95,235.94,2.0,30.0,25904.0,2024-04-25,Yes
CUST-04301,Female,0,No,32,No,Two year,Bank transfer,23.82,781.49,1.0,36.0,63117.0,2020-01-05,No
CUST-04302,Female,0,No,15,Fiber optic,Month-to-month,Electronic check,49.88,697.85,2.0,22.0,81479.0,2024-03-09,No
CUST-04303,Male,0,No,8,No,Month-to-month,Mailed check,104.35,790.61,4.0,28.0,67548.0,2020-10-16,No
CUST-04304,Female,0,No,38,DSL,One year,Mailed check,39.62,1527.45,3.0,,16965.0,2023-05-10,No
CUST-04305,Male,0,No,28,DSL,Month-to-month,Electronic check,43.05,1272.5,1.0,23.0,89063.0,2021-05-26,No
CUST-04306,Male,0,No,66,DSL,Month-to-month,Credit card,70.82,4672.98,1.0,19.0,86027.0,2019-04-26,Yes
CUST-04307,Female,0,No,4,DSL,One year,Bank transfer,53.88,240.7,2.0,33.0,80667.0,2023-08-24,No
CUST-04308,Female,0,No,25,Fiber optic,One year,Electronic check,120.0,3037.9,1.0,52.0,61310.0,2018-06-18,No
CUST-04309,Female,0,No,6,,Month-to-month,Bank transfer,60.12,402.25,1.0,39.0,55944.0,2022-05-19,No
CUST-04310,Female,0,No,56,,Month-to-month,Mailed check,,4155.68,1.0,35.0,91074.0,2023-05-01,No
CUST-04311,Male,0,Yes,2,Fiber optic,Month-to-month,Bank transfer,93.31,,1.0,42.0,155454.0,2023-05-04,Yes
CUST-04312,Male,0,No,25,DSL,One year,Bank transfer,92.74,2284.0,2.0,18.0,27671.0,2022-03-16,No
CUST-04313,Male,0,No,37,DSL,One year,Electronic check,72.0,2760.43,1.0,48.0,93608.0,2019-08-12,No
CUST-04314,Male,0,Yes,10,Fiber optic,Two year,Credit card,60.17,627.11,1.0,47.0,46549.0,2021-05-30,Yes
CUST-04315,Female,0,No,72,Fiber optic,One year,Electronic check,120.0,8663.17,0.0,36.0,45351.0,2022-01-15,Yes
CUST-04316,Female,1,Yes,45,No,One year,Electronic check,62.01,2808.76,1.0,56.0,19498.0,2023-09-16,No
CUST-04317,Female,1,Yes,8,Fiber optic,Month-to-month,Bank transfer,51.75,347.96,1.0,26.0,41321.0,2019-01-10,Yes
CUST-04318,Male,0,Yes,0,No,Month-to-month,Electronic check,45.62,96.91,3.0,57.0,26947.0,2020-12-25,No
CUST-04319,Male,0,No,8,DSL,One year,Electronic check,18.0,167.96,2.0,44.0,37111.0,2020-02-20,Yes
CUST-04320,Male,0,Yes,7,DSL,Month-to-month,Electronic check,89.65,663.71,2.0,37.0,25364.0,2020-09-29,No
CUST-04321,Female,1,Yes,52,No,Two year,Credit card,18.0,847.72,0.0,41.0,37445.0,2019-03-05,No
CUST-04322,Male,1,Yes,72,No,Two year,Electronic check,64.83,4706.74,1.0,40.0,38420.0,2019-05-25,No
CUST-04323,Male,0,Yes,1,Fiber optic,One year,Electronic check,58.85,41.04,0.0,59.0,,2022-12-09,No
CUST-04324,Male,0,No,15,Fiber optic,Month-to-month,Electronic check,120.0,1733.86,1.0,26.0,18604.0,2021-01-25,Yes
CUST-04325,Female,0,Yes,19,DSL,One year,Mailed check,18.0,294.31,1.0,31.0,20592.0,2021-04-19,No
CUST-04326,Male,0,No,2,DSL,One year,Bank transfer,37.97,12.7,4.0,,60909.0,2023-10-04,No
CUST-04327,Male,0,Yes,11,DSL,One year,Mailed check,60.92,606.03,2.0,33.0,,2019-07-17,No
CUST-04328,Female,0,No,9,DSL,Month-to-month,Bank transfer,59.07,534.66,2.0,54.0,93406.0,2020-02-11,No
CUST-04329,Female,0,Yes,18,Fiber optic,Two year,Bank transfer,48.51,853.84,1.0,65.0,56115.0,2019-12-25,No
CUST-04330,Male,0,No,25,DSL,One year,Mailed check,62.57,1580.95,1.0,36.0,70548.0,2022-03-25,No
CUST-04331,Male,0,Yes,29,Fiber optic,Month-to-month,Mailed check,27.21,872.89,2.0,51.0,114280.0,2021-08-10,No
CUST-04332,Male,0,No,3,No,Month-to-month,Bank transfer,75.72,220.68,0.0,25.0,40707.0,2021-01-09,No
CUST-04333,Male,0,No,40,Fiber optic,One year,Mailed check,18.0,607.76,1.0,52.0,34728.0,2022-04-15,No
CUST-04334,Male,0,Yes,27,DSL,Month-to-month,Credit card,64.23,1722.11,2.0,44.0,82703.0,2021-02-07,No
CUST-04335,Male,0,Yes,52,Fiber optic,Month-to-month,Credit card,46.99,2503.15,0.0,48.0,66549.0,2023-03-27,No
CUST-04336,Male,0,Yes,14,No,Month-to-month,Bank transfer,95.49,1332.56,0.0,32.0,43809.0,2020-08-19,No
CUST-04337,Female,0,No,53,DSL,Two year,Credit card,117.66,6312.45,0.0,18.0,112969.0,2023-09-18,No
CUST-04338,Male,0,Yes,48,No,Month-to-month,Bank transfer,55.07,2666.01,2.0,49.0,,2018-10-08,No
CUST-04339,Male,0,Yes,13,DSL,Month-to-month,Electronic check,106.72,1295.45,3.0,18.0,49994.0,2018-08-09,No
CUST-04340,Male,1,No,11,Fiber optic,Month-to-month,Mailed check,55.52,616.2,1.0,37.0,49649.0,2022-03-17,No
CUST-04341,Female,0,No,64,DSL,One year,Electronic check,36.02,2320.13,1.0,55.0,27979.0,2020-07-02,No
CUST-04342,Female,0,No,30,Fiber optic,One year,Electronic check,117.38,3575.42,1.0,44.0,51356.0,2020-12-03,Yes
CUST-04343,Female,0,Yes,63,Fiber optic,Two year,Mailed check,80.62,5170.04,2.0,69.0,113329.0,2022-06-19,No
CUST-04344,Female,0,Yes,38,Fiber optic,One year,Electronic check,65.13,2520.33,0.0,56.0,64021.0,2019-05-18,No
CUST-04345,Male,0,Yes,22,Fiber optic,One year,Electronic check,85.62,1905.66,0.0,32.0,49943.0,2018-04-13,No
CUST-04346,Female,0,Yes,2,No,Month-to-month,Mailed check,73.23,180.27,2.0,42.0,44486.0,2020-10-25,No
CUST-04347,Male,0,Yes,8,DSL,One year,Electronic check,62.92,494.96,1.0,,59785.0,2023-09-28,Yes
CUST-04348,Male,0,No,72,Fiber optic,Month-to-month,Electronic check,25.21,1741.98,0.0,,76869.0,2020-11-22,Yes
CUST-04349,Male,0,No,9,DSL,One year,Bank transfer,56.88,513.99,1.0,28.0,70653.0,2021-09-02,No
CUST-04350,Female,0,No,2,Fiber optic,Month-to-month,Mailed check,83.7,185.66,2.0,34.0,40170.0,2019-05-04,No
CUST-04351,Male,0,Yes,29,Fiber optic,Two year,Credit card,61.32,1718.1,,18.0,59567.0,2020-12-23,No
CUST-04352,Female,0,Yes,31,DSL,One year,Credit card,92.07,2920.5,1.0,42.0,65379.0,2021-01-31,No
CUST-04353,Male,0,Yes,8,DSL,One year,Bank transfer,76.51,662.35,3.0,38.0,26787.0,2019-07-05,Yes
CUST-04354,Male,0,No,8,No,One year,Mailed check,38.66,240.69,,18.0,54227.0,2019-01-19,No
CUST-04355,Male,0,No,15,DSL,One year,Bank transfer,25.42,449.59,1.0,47.0,15000.0,2020-03-31,No
CUST-04356,Female,0,Yes,0,DSL,Month-to-month,Electronic check,60.28,,0.0,52.0,65481.0,2018-04-02,Yes
CUST-04357,Male,0,Yes,37,Fiber optic,Month-to-month,Bank transfer,49.27,1784.07,1.0,45.0,72853.0,2019-01-25,No
CUST-04358,Female,0,Yes,9,DSL,Month-to-month,Mailed check,75.09,729.77,2.0,37.0,76766.0,2022-09-10,No
CUST-04359,Female,0,No,46,DSL,Month-to-month,Bank transfer,43.46,1996.61,1.0,50.0,38675.0,2022-03-01,No
CUST-04360,Female,1,Yes,38,Fiber optic,Month-to-month,Bank transfer,46.54,1863.48,2.0,51.0,59007.0,2020-01-03,No
CUST-04361,Female,1,No,25,DSL,Month-to-month,Bank transfer,96.59,2372.11,3.0,46.0,115193.0,2021-07-15,No
CUST-04362,Female,0,Yes,9,No,Two year,Bank transfer,69.45,538.47,1.0,30.0,114492.0,2023-04-28,No
CUST-04363,Male,0,Yes,17,No,One year,Electronic check,43.92,732.62,2.0,45.0,48170.0,2023-05-21,Yes
CUST-04364,Male,0,No,14,Fiber optic,Month-to-month,Bank transfer,65.53,956.88,0.0,58.0,53294.0,2022-03-14,No
CUST-04365,Male,0,Yes,9,DSL,Month-to-month,Mailed check,106.37,910.97,,33.0,95468.0,2018-10-18,No
CUST-04366,Female,0,Yes,45,Fiber optic,Month-to-month,Mailed check,73.81,3254.94,6.0,71.0,19920.0,2019-01-17,No
CUST-04367,Male,0,Yes,15,DSL,Month-to-month,Mailed check,82.79,1253.3,0.0,34.0,40382.0,2019-11-15,Yes
CUST-04368,Female,0,Yes,42,Fiber optic,One year,Electronic check,42.43,1708.88,2.0,42.0,109244.0,2022-04-21,Yes
CUST-04369,Male,0,No,2,DSL,Month-to-month,Electronic check,95.79,206.91,,32.0,88002.0,2019-08-28,Yes
CUST-04370,Male,0,Yes,3,Fiber optic,Two year,Bank transfer,120.0,342.97,3.0,45.0,61178.0,2020-12-24,Yes
CUST-04371,Female,0,No,72,DSL,Month-to-month,Bank transfer,41.26,2995.44,4.0,18.0,19860.0,2023-04-19,Yes
CUST-04372,Female,0,No,21,Fiber optic,Month-to-month,Electronic check,29.54,551.15,2.0,34.0,47574.0,2023-09-21,No
CUST-04373,Female,0,Yes,17,DSL,Two year,Electronic check,70.27,1259.5,1.0,26.0,34408.0,2023-05-19,No
CUST-04374,Male,1,No,17,Fiber optic,Month-to-month,Bank transfer,91.27,1542.44,1.0,43.0,,2018-09-30,No
CUST-04375,Female,0,No,5,DSL,Month-to-month,Credit card,62.26,349.48,1.0,55.0,30163.0,2023-11-04,No
CUST-04376,Female,0,Yes,30,No,Month-to-month,Electronic check,33.4,1049.99,0.0,51.0,26491.0,2022-05-22,Yes
CUST-04377,Female,0,Yes,2,Fiber optic,One year,Mailed check,61.74,65.61,0.0,18.0,15000.0,2021-12-20,Yes
CUST-04378,Male,0,Yes,20,DSL,Month-to-month,Credit card,82.94,1702.91,,,102036.0,2019-08-03,No
CUST-04379,Female,0,Yes,20,DSL,Two year,Electronic check,52.79,984.55,4.0,46.0,38566.0,2023-12-15,No
CUST-04380,Male,0,Yes,58,DSL,Two year,Electronic check,83.22,4758.25,3.0,31.0,53867.0,2018-02-10,No
CUST-04381,Female,0,No,17,Fiber optic,Two year,Credit card,99.94,1797.18,0.0,44.0,48955.0,2018-07-12,No
CUST-04382,Male,0,Yes,3,DSL,Month-to-month,Electronic check,,272.22,0.0,44.0,25836.0,2018-12-27,No
CUST-04383,Female,0,No,20,Fiber optic,Two year,Bank transfer,64.16,1386.88,3.0,32.0,23030.0,2022-06-15,No
CUST-04384,Female,0,No,2,DSL,One year,Mailed check,89.88,161.25,4.0,44.0,,2021-12-30,Yes
CUST-04385,Male,0,Yes,5,Fiber optic,Month-to-month,Electronic check,39.32,201.72,3.0,33.0,31764.0,2024-01-23,No
CUST-04386,Female,0,Yes,0,Fiber optic,Month-to-month,Electronic check,36.36,26.37,0.0,36.0,,2020-03-28,No
CUST-04387,Female,0,Yes,17,No,One year,Mailed check,57.0,968.39,0.0,32.0,30411.0,2020-03-25,No
CUST-04388,Female,1,Yes,2,No,One year,Bank transfer,50.24,63.17,0.0,21.0,139789.0,2022-04-18,Yes
CUST-04389,Male,0,No,15,No,Month-to-month,Electronic check,40.9,568.7,3.0,44.0,90788.0,2019-02-13,Yes
CUST-04390,Female,0,Yes,64,DSL,One year,Bank transfer,119.91,7684.93,1.0,50.0,79619.0,2020-12-23,No
CUST-04391,Female,0,Yes,30,Fiber optic,Two year,Mailed check,120.0,3546.66,3.0,49.0,45624.0,2018-02-06,No
CUST-04392,Male,0,No,1,Fiber optic,Month-to-month,Mailed check,54.39,0.0,0.0,53.0,121609.0,2021-10-19,No
CUST-04393,Female,0,No,6,Fiber optic,Month-to-month,Bank transfer,67.75,426.18,0.0,46.0,43010.0,2023-01-11,No
CUST-04394,Female,0,Yes,26,No,Two year,Electronic check,59.36,1538.6,1.0,34.0,48109.0,2019-04-23,No
CUST-04395,Female,0,No,54,DSL,Month-to-month,Mailed check,98.22,5350.74,4.0,53.0,54283.0,2019-12-21,Yes
CUST-04396,Male,0,Yes,0,Fiber optic,Two year,Mailed check,104.17,0.0,2.0,22.0,74689.0,2018-11-05,No
CUST-04397,Female,0,Yes,40,Fiber optic,One year,Mailed check,18.0,690.94,5.0,29.0,71836.0,2021-12-13,No
CUST-04398,Male,0,Yes,19,DSL,Month-to-month,Mailed check,79.28,1527.5,3.0,28.0,36861.0,2021-08-14,No
CUST-04399,Female,1,No,18,No,Month-to-month,Bank transfer,25.8,423.8,3.0,57.0,35603.0,2023-04-21,No
CUST-04400,Female,1,No,72,DSL,Month-to-month,Bank transfer,117.75,8445.09,1.0,55.0,71965.0,2024-03-23,No
CUST-04401,Male,0,No,33,Fiber optic,Month-to-month,Bank transfer,78.21,2550.01,3.0,48.0,75292.0,2024-04-23,No
CUST-04402,Male,0,No,45,No,One year,Credit card,40.3,1803.01,1.0,57.0,38715.0,2018-09-09,No
CUST-04403,Male,0,No,10,Fiber optic,Month-to-month,Credit card,57.76,666.22,1.0,29.0,18914.0,2021-07-19,No
CUST-04404,Male,0,Yes,19,No,One year,Bank transfer,56.33,1001.43,6.0,46.0,43287.0,2023-01-25,No
CUST-04405,Male,0,Yes,22,DSL,One year,Electronic check,80.75,1841.28,,40.0,71261.0,2022-03-24,No
CUST-04406,Female,0,No,9,Fiber optic,One year,Bank transfer,96.26,903.23,1.0,53.0,144820.0,2023-10-03,No
CUST-04407,Female,0,No,20,Fiber optic,Two year,Electronic check,30.55,689.35,1.0,40.0,23890.0,2020-10-31,Yes
CUST-04408,Female,0,No,6,Fiber optic,One year,Mailed check,120.0,876.83,2.0,36.0,37951.0,2020-09-27,No
CUST-04409,Male,0,Yes,3,DSL,Two year,Mailed check,113.17,411.08,0.0,49.0,38807.0,2018-03-03,No
CUST-04410,Male,0,No,11,Fiber optic,Month-to-month,Credit card,38.74,472.42,1.0,54.0,110578.0,2018-02-06,Yes
CUST-04411,Male,0,No,32,DSL,One year,Credit card,67.18,2084.14,1.0,32.0,48003.0,2022-06-11,No
CUST-04412,Female,1,No,59,DSL,One year,Bank transfer,116.32,6803.57,0.0,41.0,28441.0,2021-01-09,No
CUST-04413,Female,0,Yes,14,Fiber optic,Two year,Mailed check,101.99,1445.87,2.0,27.0,68543.0,2022-03-27,No
CUST-04414,Female,0,Yes,24,Fiber optic,One year,Mailed check,54.9,1232.7,1.0,,38453.0,2019-07-13,No
CUST-04415,Male,0,Yes,2,No,Month-to-month,Electronic check,89.43,209.63,1.0,44.0,23514.0,2023-07-16,Yes
CUST-04416,Male,0,No,56,Fiber optic,Month-to-month,Credit card,120.0,6613.25,2.0,50.0,28690.0,2023-10-17,No
CUST-04417,Female,1,No,20,Fiber optic,Month-to-month,Bank transfer,68.15,1420.61,0.0,45.0,138749.0,2022-04-01,Yes
CUST-04418,Male,0,Yes,36,DSL,Month-to-month,Bank transfer,46.02,1640.63,0.0,18.0,61730.0,2019-10-13,No
CUST-04419,Male,0,No,37,DSL,Month-to-month,Electronic check,70.17,2602.62,1.0,37.0,52294.0,2019-05-22,Yes
CUST-04420,Male,0,Yes,7,Fiber optic,Two year,Mailed check,72.4,469.38,2.0,18.0,42195.0,2022-01-05,No
CUST-04421,Female,0,Yes,18,DSL,Month-to-month,Mailed check,49.26,791.75,2.0,61.0,58412.0,2024-01-14,No
CUST-04422,Female,1,Yes,72,Fiber optic,Month-to-month,Electronic check,78.25,5695.73,0.0,26.0,57996.0,2021-09-16,No
CUST-04423,Male,1,No,2,DSL,Two year,Mailed check,27.37,121.53,1.0,59.0,58413.0,2023-05-21,No
CUST-04424,Male,0,Yes,27,DSL,Month-to-month,Electronic check,45.03,1198.24,1.0,55.0,52517.0,2021-08-17,Yes
CUST-04425,Female,0,No,72,Fiber optic,Two year,Credit card,87.75,6351.1,2.0,29.0,82559.0,2022-04-30,No
CUST-04426,Female,0,Yes,8,No,Month-to-month,Bank transfer,18.0,124.46,0.0,26.0,49705.0,2021-08-23,No
CUST-04427,Female,0,No,47,DSL,Month-to-month,Bank transfer,92.1,4343.12,0.0,46.0,27261.0,2021-09-10,No
CUST-04428,Female,0,No,65,DSL,Month-to-month,Electronic check,18.0,1207.96,2.0,30.0,33946.0,2022-09-29,No
CUST-04429,Female,0,No,32,No,Two year,Electronic check,18.0,603.75,3.0,43.0,15000.0,2020-07-17,No
CUST-04430,Male,0,No,6,Fiber optic,Two year,Electronic check,50.03,367.23,3.0,35.0,165394.0,2023-10-20,Yes
CUST-04431,Female,0,No,9,No,Two year,Mailed check,,688.43,0.0,18.0,82261.0,2023-07-17,No
CUST-04432,Female,0,No,0,DSL,Month-to-month,Credit card,104.76,1.4,2.0,18.0,29790.0,2022-08-27,Yes
CUST-04433,Female,0,Yes,42,Fiber optic,Two year,Electronic check,66.73,2764.59,2.0,45.0,41394.0,2022-10-08,No
CUST-04434,Female,0,Yes,45,DSL,Two year,Electronic check,57.6,2568.07,0.0,34.0,33452.0,2020-08-26,No
CUST-04435,Male,0,No,24,DSL,Month-to-month,Electronic check,82.39,2017.86,0.0,34.0,123689.0,2023-05-05,No
CUST-04436,Female,0,No,10,DSL,One year,Bank transfer,38.87,313.61,1.0,51.0,20911.0,2023-12-26,Yes
CUST-04437,Female,0,Yes,1,DSL,Two year,Credit card,69.18,,0.0,58.0,52506.0,2023-02-07,No
CUST-04438,Female,0,Yes,33,No,Month-to-month,Bank transfer,29.02,,,38.0,45930.0,2018-11-08,No
CUST-04439,Female,0,Yes,31,Fiber optic,Month-to-month,Mailed check,67.48,2050.95,2.0,37.0,,2023-01-18,No
CUST-04440,Male,0,Yes,58,Fiber optic,Two year,Electronic check,61.1,,0.0,49.0,46055.0,2020-12-24,No
CUST-04441,Female,0,No,31,No,Month-to-month,Bank transfer,40.87,1300.69,2.0,23.0,17069.0,2021-11-27,No
CUST-04442,Male,0,Yes,42,DSL,Two year,Electronic check,69.95,2937.17,2.0,45.0,42164.0,2024-05-11,No
CUST-04443,Male,0,Yes,32,DSL,One year,Electronic check,69.76,2311.76,1.0,49.0,27356.0,2020-04-21,No
CUST-04444,Female,0,Yes,23,DSL,Month-to-month,Electronic check,100.26,2242.83,1.0,51.0,51418.0,2020-03-27,No
CUST-04445,Male,0,No,13,No,Month-to-month,Mailed check,18.0,205.09,2.0,18.0,115902.0,2019-09-09,No
CUST-04446,Female,0,No,55,Fiber optic,One year,Electronic check,62.72,3444.99,1.0,31.0,17263.0,2018-10-25,No
CUST-04447,Female,0,Yes,25,Fiber optic,Month-to-month,Bank transfer,42.19,1017.16,0.0,29.0,30329.0,2019-01-30,No
CUST-04448,Male,0,No,12,No,Month-to-month,Electronic check,91.09,1093.39,4.0,43.0,35185.0,2021-04-19,No
CUST-04449,Male,0,No,2,DSL,Month-to-month,Credit card,87.62,191.22,1.0,48.0,38988.0,2023-11-02,No
CUST-04450,Female,0,No,8,DSL,One year,Credit card,80.24,666.14,4.0,62.0,76425.0,2023-03-13,No
CUST-04451,Male,1,Yes,18,Fiber optic,Two year,Mailed check,43.89,865.33,3.0,35.0,44173.0,2019-03-04,No
CUST-04452,Female,0,No,7,Fiber optic,One year,Electronic check,91.56,575.75,2.0,35.0,62911.0,2021-08-09,No
CUST-04453,Male,0,Yes,6,DSL,One year,Bank transfer,19.1,131.49,2.0,58.0,33675.0,2023-06-08,No
CUST-04454,Female,0,Yes,17,DSL,Month-to-month,Credit card,18.0,273.65,2.0,,56272.0,2021-06-18,No
CUST-04455,Male,1,No,4,Fiber optic,One year,Electronic check,26.72,128.38,0.0,59.0,78172.0,2023-11-06,No
CUST-04456,Female,0,No,38,DSL,One year,Credit card,64.0,2453.57,2.0,46.0,31590.0,2023-10-29,No
CUST-04457,Female,0,No,15,Fiber optic,One year,Bank transfer,85.25,1229.4,3.0,25.0,78340.0,2020-03-26,No
CUST-04458,Female,0,Yes,20,Fiber optic,Two year,Credit card,18.0,314.94,1.0,23.0,,2023-08-10,No
CUST-04459,Female,0,Yes,3,Fiber optic,One year,Credit card,104.68,339.62,0.0,20.0,91791.0,2021-10-02,Yes
CUST-04460,Male,0,No,9,No,Two year,Electronic check,68.93,621.54,1.0,51.0,43440.0,2021-01-29,No
CUST-04461,Male,0,Yes,12,Fiber optic,Two year,Mailed check,18.0,205.02,1.0,58.0,61620.0,2022-12-20,No
CUST-04462,Male,0,Yes,39,DSL,Month-to-month,Electronic check,68.03,2686.07,3.0,67.0,47840.0,2023-01-25,Yes
CUST-04463,Female,0,Yes,35,Fiber optic,One year,Electronic check,97.78,3458.89,1.0,53.0,46271.0,2022-05-02,No
CUST-04464,Female,0,Yes,6,DSL,Two year,Bank transfer,82.98,471.4,2.0,58.0,57260.0,2023-03-15,No
CUST-04465,Female,0,Yes,22,No,Two year,Credit card,97.97,2112.74,2.0,33.0,67648.0,2024-02-08,No
CUST-04466,Female,0,Yes,6,Fiber optic,Month-to-month,Credit card,24.01,80.96,2.0,25.0,23161.0,2023-08-08,No
CUST-04467,Female,0,No,72,Fiber optic,One year,Electronic check,52.58,3787.43,1.0,53.0,115864.0,2018-06-23,No
CUST-04468,Female,0,No,72,No,Month-to-month,Electronic check,37.26,2611.56,1.0,47.0,16061.0,2023-06-15,No
CUST-04469,Female,1,No,19,Fiber optic,Month-to-month,Bank transfer,116.53,2219.04,2.0,43.0,32503.0,2023-01-06,No
CUST-04470,Female,1,Yes,28,,Two year,Electronic check,84.18,,1.0,47.0,46325.0,2023-12-12,No
CUST-04471,Male,0,Yes,38,DSL,Two year,Electronic check,120.0,4542.33,2.0,46.0,62781.0,2022-09-29,No
CUST-04472,Male,0,Yes,30,DSL,One year,Credit card,50.97,1502.29,2.0,59.0,126210.0,2023-08-19,No
CUST-04473,Female,0,Yes,28,Fiber optic,Month-to-month,Credit card,43.26,1311.17,2.0,60.0,16075.0,2018-01-24,No
CUST-04474,Female,0,Yes,72,DSL,Two year,Credit card,60.72,4447.33,4.0,,36148.0,2024-04-09,No
CUST-04475,Male,0,Yes,21,Fiber optic,Month-to-month,Mailed check,106.35,2195.12,0.0,53.0,15000.0,2019-03-24,No
CUST-04476,Female,0,No,24,Fiber optic,Month-to-month,Bank transfer,54.02,1303.43,2.0,49.0,49959.0,2023-07-18,No
CUST-04477,Female,1,No,45,Fiber optic,Month-to-month,Bank transfer,68.73,3109.28,0.0,35.0,57699.0,2023-12-19,No
CUST-04478,Male,0,Yes,26,No,Month-to-month,Electronic check,67.9,1775.58,2.0,52.0,127322.0,2018-01-06,Yes
CUST-04479,Female,1,Yes,31,Fiber optic,One year,Credit card,66.18,2142.31,1.0,22.0,52700.0,2023-11-11,No
CUST-04480,Female,1,Yes,6,No,Month-to-month,Electronic check,45.43,276.94,1.0,56.0,,2023-04-27,Yes
CUST-04481,Male,0,Yes,11,Fiber optic,Month-to-month,Bank transfer,60.88,681.54,2.0,25.0,69584.0,2023-12-02,No
CUST-04482,Female,0,Yes,3,Fiber optic,Two year,Bank transfer,59.6,213.23,2.0,46.0,37754.0,2019-02-19,No
CUST-04483,Female,0,Yes,16,Fiber optic,Two year,Electronic check,64.77,1095.82,2.0,30.0,21049.0,2022-12-27,No
CUST-04484,Female,0,No,14,No,Month-to-month,Bank transfer,93.31,1353.18,0.0,49.0,57814.0,2021-02-16,Yes
CUST-04485,Female,0,No,72,DSL,Month-to-month,Electronic check,117.82,8509.94,2.0,41.0,20025.0,2019-08-27,Yes
CUST-04486,Male,0,No,22,Fiber optic,One year,Bank transfer,39.79,797.45,2.0,19.0,106630.0,2022-11-07,Yes
CUST-04487,Female,0,Yes,37,DSL,Month-to-month,Bank transfer,53.24,1945.47,2.0,47.0,44478.0,2021-01-13,No
CUST-04488,Male,1,No,9,DSL,Month-to-month,Bank transfer,40.25,403.22,0.0,33.0,100418.0,2023-10-10,Yes
CUST-04489,Male,0,No,42,No,Month-to-month,Credit card,70.61,2978.14,3.0,54.0,36749.0,2022-07-24,Yes
CUST-04490,Female,1,No,22,DSL,Two year,Electronic check,48.85,1116.01,1.0,42.0,57601.0,2018-11-23,No
CUST-04491,Female,0,Yes,28,Fiber optic,Two year,Mailed check,72.19,2115.68,2.0,47.0,55581.0,2019-08-11,No
CUST-04492,Female,0,No,8,Fiber optic,Two year,Credit card,98.11,726.03,6.0,28.0,47713.0,2019-09-12,No
CUST-04493,Female,0,Yes,19,No,One year,Bank transfer,18.0,398.9,1.0,33.0,37812.0,2020-03-17,No
CUST-04494,Female,0,No,24,Fiber optic,One year,Credit card,79.75,1897.48,1.0,35.0,62036.0,2022-04-11,No
CUST-04495,Male,0,Yes,21,DSL,Month-to-month,Mailed check,51.19,1121.76,2.0,53.0,28121.0,2023-09-27,No
CUST-04496,Female,0,Yes,59,Fiber optic,One year,Bank transfer,78.81,4647.73,0.0,65.0,23726.0,2021-10-23,No
CUST-04497,Male,0,No,54,DSL,One year,Credit card,38.11,2164.29,1.0,30.0,103331.0,2022-10-28,No
CUST-04498,Female,1,No,72,Fiber optic,One year,Credit card,100.89,7270.58,3.0,57.0,75833.0,2020-01-13,No
CUST-04499,Male,1,No,26,Fiber optic,Month-to-month,Credit card,92.4,2370.37,0.0,18.0,50997.0,2021-05-09,No
CUST-04500,Female,0,No,72,DSL,Month-to-month,Electronic check,82.05,5928.59,2.0,25.0,133130.0,2021-03-27,No
CUST-04501,Male,0,No,42,No,Two year,Mailed check,88.8,3745.8,0.0,28.0,41745.0,2022-07-01,No
CUST-04502,Male,0,No,7,DSL,Month-to-month,Electronic check,42.63,355.31,0.0,23.0,108404.0,2021-04-28,No
CUST-04503,Male,0,Yes,13,DSL,Month-to-month,Electronic check,46.41,,1.0,19.0,54466.0,2020-02-23,Yes
CUST-04504,Male,0,No,6,DSL,Month-to-month,Mailed check,87.57,649.17,3.0,47.0,26506.0,2019-07-26,No
CUST-04505,Male,0,Yes,0,DSL,Month-to-month,Credit card,41.97,0.0,4.0,39.0,148571.0,2019-08-20,Yes
CUST-04506,Male,0,Yes,4,Fiber optic,Month-to-month,Bank transfer,108.37,428.5,0.0,47.0,88825.0,2024-04-17,No
CUST-04507,Female,0,Yes,0,DSL,Month-to-month,Credit card,55.29,0.0,4.0,51.0,45587.0,2020-04-17,No
CUST-04508,Female,0,Yes,30,No,One year,Credit card,80.06,2406.08,2.0,45.0,75834.0,2023-03-05,No
CUST-04509,Female,1,Yes,13,No,Month-to-month,Electronic check,120.0,1571.55,0.0,51.0,38475.0,2018-06-17,Yes
CUST-04510,Male,0,No,8,Fiber optic,One year,Electronic check,43.81,364.54,1.0,41.0,80618.0,2018-07-30,No
CUST-04511,Male,1,Yes,34,Fiber optic,Month-to-month,Electronic check,67.06,2283.4,1.0,25.0,15000.0,2022-05-27,Yes
CUST-04512,Male,0,No,42,No,Month-to-month,Bank transfer,96.63,4027.97,3.0,56.0,26585.0,2020-12-07,Yes
CUST-04513,Male,0,Yes,72,Fiber optic,Two year,Electronic check,93.54,6690.8,1.0,33.0,88217.0,2023-08-25,No
CUST-04514,Female,0,No,24,DSL,One year,Bank transfer,55.17,1305.32,1.0,28.0,42201.0,2023-07-14,No
CUST-04515,Female,1,No,14,Fiber optic,One year,Electronic check,49.5,750.08,1.0,39.0,55521.0,2022-11-06,No
CUST-04516,Female,0,No,8,DSL,Month-to-month,Electronic check,58.01,531.92,1.0,29.0,21849.0,2023-03-26,No
CUST-04517,Female,0,Yes,6,Fiber optic,Month-to-month,Mailed check,108.44,646.79,1.0,36.0,148556.0,2023-08-02,No
CUST-04518,Male,0,No,5,Fiber optic,Two year,Bank transfer,56.63,236.07,2.0,46.0,100139.0,2023-01-10,Yes
CUST-04519,Female,0,No,12,Fiber optic,Month-to-month,Credit card,67.34,804.02,2.0,46.0,43459.0,2021-05-19,Yes
CUST-04520,Male,0,No,72,DSL,Two year,Credit card,52.2,3862.98,0.0,29.0,38452.0,2019-09-13,No
CUST-04521,Male,0,No,0,DSL,One year,Credit card,86.17,49.95,3.0,35.0,90922.0,2023-01-19,No
CUST-04522,Female,1,No,5,No,One year,Electronic check,69.67,375.89,3.0,57.0,161051.0,2020-01-15,Yes
CUST-04523,Female,0,No,5,No,One year,Bank transfer,34.9,222.63,1.0,48.0,86877.0,2019-07-28,Yes
CUST-04524,Male,0,Yes,30,Fiber optic,Month-to-month,Mailed check,35.94,,0.0,71.0,180427.0,2019-02-07,No
CUST-04525,Male,0,No,10,Fiber optic,Month-to-month,Electronic check,18.0,122.36,1.0,58.0,28186.0,2022-01-09,Yes
CUST-04526,Male,0,Yes,14,Fiber optic,One year,Bank transfer,40.06,541.24,2.0,58.0,29982.0,2019-07-23,No
CUST-04527,Male,0,No,3,Fiber optic,Two year,Mailed check,88.82,240.02,2.0,22.0,24019.0,2020-05-28,No
CUST-04528,Female,0,No,12,DSL,Month-to-month,Electronic check,104.71,1285.88,3.0,52.0,63898.0,2022-07-20,No
CUST-04529,Male,0,No,2,Fiber optic,Month-to-month,Electronic check,85.57,179.15,3.0,41.0,54467.0,2023-02-03,No
CUST-04530,Male,0,Yes,18,No,Month-to-month,Credit card,81.64,1507.34,2.0,34.0,44749.0,2020-01-08,No
CUST-04531,Female,0,No,2,No,One year,Bank transfer,61.2,97.06,2.0,44.0,79662.0,2023-05-29,No
CUST-04532,Female,0,Yes,37,Fiber optic,Month-to-month,Electronic check,88.25,3333.85,2.0,55.0,102682.0,2018-05-16,No
CUST-04533,Female,0,No,20,DSL,Two year,Credit card,73.59,1468.33,1.0,49.0,19625.0,2024-04-28,No
CUST-04534,Male,0,Yes,30,No,One year,Credit card,119.13,3608.63,0.0,29.0,34262.0,2020-09-03,No
CUST-04535,Male,0,Yes,13,Fiber optic,Two year,Credit card,62.05,866.42,2.0,52.0,80184.0,2020-02-01,No
CUST-04536,Female,0,Yes,11,Fiber optic,Two year,Bank transfer,105.29,1213.95,1.0,33.0,37025.0,2023-12-05,Yes
CUST-04537,Male,1,Yes,2,DSL,Month-to-month,Mailed check,91.22,200.48,1.0,45.0,30365.0,2018-11-07,No
CUST-04538,Female,1,Yes,17,Fiber optic,Month-to-month,Mailed check,87.06,1520.99,0.0,37.0,90320.0,2020-04-18,No
CUST-04539,Female,0,Yes,17,DSL,Two year,Mailed check,18.0,393.08,0.0,38.0,22613.0,2020-04-20,No
CUST-04540,Male,0,Yes,15,Fiber optic,One year,Credit card,92.88,1418.88,3.0,52.0,40906.0,2020-09-21,Yes
CUST-04541,Female,0,No,32,Fiber optic,Month-to-month,Bank transfer,61.17,1920.96,1.0,27.0,59705.0,2023-06-11,No
CUST-04542,Male,0,Yes,42,Fiber optic,Two year,Electronic check,51.68,2199.71,0.0,69.0,34742.0,2023-06-14,No
CUST-04543,Female,0,No,33,Fiber optic,Month-to-month,Bank transfer,20.51,674.97,4.0,18.0,78424.0,2021-10-18,No
CUST-04544,Male,0,Yes,3,Fiber optic,Month-to-month,Bank transfer,64.83,77.09,1.0,33.0,34845.0,2024-05-12,Yes
CUST-04545,Male,0,No,23,DSL,One year,Credit card,66.01,1541.33,1.0,47.0,114138.0,2023-06-01,No
CUST-04546,Male,0,No,2,Fiber optic,Two year,Electronic check,25.91,57.65,2.0,50.0,45458.0,2022-05-15,Yes
CUST-04547,Female,0,No,28,DSL,Month-to-month,Bank transfer,20.8,640.22,0.0,40.0,73332.0,2019-04-13,No
CUST-04548,Female,1,Yes,11,Fiber optic,Month-to-month,Electronic check,79.6,838.1,3.0,41.0,76696.0,2021-07-12,Yes
CUST-04549,Male,0,No,3,Fiber optic,Month-to-month,Electronic check,91.15,198.16,3.0,47.0,33640.0,2019-05-17,Yes
CUST-04550,Female,1,Yes,47,Fiber optic,Two year,Bank transfer,70.71,3331.8,1.0,38.0,15000.0,2019-12-08,No
CUST-04551,Male,0,No,22,Fiber optic,One year,Electronic check,99.53,2208.67,1.0,61.0,60867.0,2022-05-26,No
CUST-04552,Male,0,No,10,Fiber optic,Month-to-month,Bank transfer,62.41,628.79,1.0,53.0,51193.0,2019-03-09,Yes
CUST-04553,Female,1,No,0,DSL,One year,Electronic check,63.37,1.04,1.0,54.0,68425.0,2018-08-01,No
CUST-04554,Male,0,Yes,18,Fiber optic,Month-to-month,Credit card,37.49,621.38,2.0,28.0,42791.0,2021-05-30,Yes
CUST-04555,Female,1,Yes,61,DSL,One year,Credit card,18.19,1102.64,0.0,40.0,37863.0,2018-01-03,No
CUST-04556,Female,0,Yes,21,Fiber optic,Two year,Electronic check,120.0,2502.58,2.0,37.0,163584.0,2021-11-27,No
CUST-04557,Female,1,No,72,Fiber optic,One year,Bank transfer,98.94,7177.32,1.0,27.0,20263.0,2023-10-13,Yes
CUST-04558,Female,0,Yes,3,DSL,Two year,Electronic check,23.22,88.63,1.0,47.0,76143.0,2019-03-22,No
CUST-04559,Male,0,Yes,20,Fiber optic,One year,Bank transfer,69.67,1379.5,0.0,34.0,34725.0,2020-06-15,Yes
CUST-04560,Female,0,Yes,38,No,Month-to-month,Electronic check,62.0,2442.19,1.0,51.0,,2023-11-18,No
CUST-04561,Female,0,Yes,17,Fiber optic,One year,Electronic check,56.78,951.81,0.0,27.0,40527.0,2022-07-08,No
CUST-04562,Female,0,Yes,2,Fiber optic,Month-to-month,Credit card,52.73,133.35,2.0,66.0,30270.0,2018-11-14,No
CUST-04563,Male,0,No,20,No,One year,Electronic check,76.44,1520.45,,29.0,69060.0,2020-06-14,No
CUST-04564,Female,0,Yes,22,Fiber optic,One year,Bank transfer,89.55,2051.66,1.0,45.0,112914.0,2022-11-07,No
CUST-04565,Male,0,Yes,31,Fiber optic,Two year,Electronic check,77.07,2393.51,2.0,53.0,,2022-04-07,No
CUST-04566,Female,0,Yes,34,DSL,Month-to-month,Bank transfer,61.38,2092.74,1.0,34.0,52157.0,2018-12-31,Yes
CUST-04567,Male,0,No,35,DSL,Two year,Electronic check,60.28,2102.81,1.0,53.0,27122.0,2018-05-27,No
CUST-04568,Female,0,No,26,DSL,Two year,Electronic check,93.1,2430.43,1.0,24.0,66842.0,2022-05-17,No
CUST-04569,Male,0,No,5,DSL,Month-to-month,Electronic check,78.9,454.48,0.0,62.0,178761.0,2021-11-27,No
CUST-04570,Female,0,No,12,Fiber optic,Two year,Electronic check,67.18,848.45,2.0,42.0,39010.0,2018-05-20,No
CUST-04571,Female,0,No,35,DSL,Month-to-month,Credit card,63.92,2238.6,1.0,33.0,39120.0,2024-04-02,No
CUST-04572,Male,0,Yes,72,No,Month-to-month,Credit card,75.36,5510.99,0.0,37.0,35008.0,2019-08-15,Yes
CUST-04573,Female,1,No,1,No,Two year,Credit card,50.95,94.6,2.0,53.0,36546.0,2020-06-23,No
CUST-04574,Female,0,Yes,18,No,Month-to-month,Electronic check,89.65,1591.79,2.0,33.0,15000.0,2019-02-21,Yes
CUST-04575,Female,0,Yes,8,No,One year,Electronic check,32.72,192.74,1.0,31.0,62506.0,2023-04-26,Yes
CUST-04576,Male,0,Yes,6,No,One year,Bank transfer,52.66,295.21,1.0,38.0,29515.0,2024-03-05,No
CUST-04577,Male,1,Yes,16,Fiber optic,Month-to-month,Credit card,83.33,1353.95,2.0,25.0,18654.0,2019-05-15,No
CUST-04578,Male,1,Yes,22,Fiber optic,One year,Bank transfer,31.01,712.08,2.0,67.0,77027.0,2019-10-26,No
CUST-04579,Female,0,No,0,DSL,Month-to-month,Electronic check,18.0,67.96,1.0,,25611.0,2022-07-14,No
CUST-04580,Male,0,Yes,36,Fiber optic,Month-to-month,Credit card,66.89,2353.31,0.0,53.0,40006.0,2021-05-21,No
CUST-04581,Male,0,No,41,Fiber optic,Two year,Electronic check,18.0,716.04,2.0,44.0,118168.0,2018-09-04,No
CUST-04582,Male,0,No,72,Fiber optic,Two year,Credit card,26.04,1816.0,1.0,28.0,21046.0,2023-12-16,No
CUST-04583,Female,0,Yes,4,DSL,Month-to-month,Credit card,87.7,283.86,3.0,41.0,19544.0,2021-12-02,No
CUST-04584,Male,0,Yes,21,Fiber optic,Month-to-month,Credit card,58.86,1204.67,0.0,52.0,57617.0,2019-12-07,No
CUST-04585,Male,1,No,13,DSL,Month-to-month,Electronic check,103.56,1364.61,0.0,39.0,97703.0,2021-02-21,No
CUST-04586,Male,0,Yes,9,Fiber optic,Two year,Mailed check,28.86,298.31,0.0,58.0,19060.0,2021-03-18,No
CUST-04587,Female,0,No,20,Fiber optic,Month-to-month,Bank transfer,62.18,1196.18,5.0,56.0,62605.0,2021-05-16,No
CUST-04588,Female,0,Yes,36,No,Month-to-month,Electronic check,76.99,2731.18,0.0,54.0,69466.0,2021-03-11,No
CUST-04589,Male,0,Yes,0,No,Two year,Mailed check,29.88,0.0,2.0,35.0,15000.0,2021-08-09,No
CUST-04590,Female,0,No,72,DSL,Month-to-month,Bank transfer,95.95,6919.12,1.0,26.0,79150.0,2020-07-10,No
CUST-04591,Male,1,No,39,No,Month-to-month,Electronic check,80.32,3095.87,2.0,33.0,82947.0,2018-12-09,No
CUST-04592,Male,0,Yes,33,No,Month-to-month,Electronic check,18.0,677.15,1.0,44.0,40657.0,2022-04-07,No
CUST-04593,Male,0,No,34,Fiber optic,Two year,Electronic check,63.87,2192.07,2.0,49.0,103923.0,2023-01-31,No
CUST-04594,Female,0,No,11,No,Month-to-month,Credit card,76.58,833.81,1.0,18.0,96942.0,2023-05-25,No
CUST-04595,Female,0,No,33,DSL,Month-to-month,Credit card,47.3,1528.84,3.0,41.0,52149.0,2018-02-21,No
CUST-04596,Male,0,Yes,11,No,Two year,Bank transfer,20.6,151.87,2.0,44.0,37389.0,2020-08-06,No
CUST-04597,Male,0,No,54,Fiber optic,Two year,Electronic check,73.35,3892.51,0.0,38.0,27345.0,2024-04-11,No
CUST-04598,Female,0,Yes,4,No,Month-to-month,Bank transfer,120.0,448.89,4.0,60.0,47928.0,2018-05-27,Yes
CUST-04599,Male,0,No,8,Fiber optic,One year,Electronic check,53.39,392.17,1.0,47.0,68999.0,2023-01-15,Yes
CUST-04600,Male,1,No,19,Fiber optic,Month-to-month,Bank transfer,112.08,2079.56,7.0,60.0,40355.0,2018-10-23,No
CUST-04601,Female,0,No,9,Fiber optic,One year,Bank transfer,42.43,400.72,0.0,38.0,15000.0,2023-04-17,No
CUST-04602,Male,0,No,13,Fiber optic,Month-to-month,Credit card,71.47,954.82,3.0,55.0,104948.0,2022-04-25,Yes
CUST-04603,Female,1,No,16,No,Month-to-month,Electronic check,88.15,1387.47,2.0,64.0,54947.0,2022-08-26,No
CUST-04604,Male,0,No,46,Fiber optic,One year,Electronic check,64.75,3075.26,5.0,60.0,39035.0,2024-04-08,No
CUST-04605,Male,1,No,17,No,One year,Credit card,56.07,,0.0,26.0,81985.0,2024-01-11,No
CUST-04606,Female,0,Yes,10,Fiber optic,Month-to-month,Credit card,86.78,870.71,3.0,38.0,122367.0,2019-12-15,Yes
CUST-04607,Female,0,No,6,No,Month-to-month,Mailed check,120.0,709.07,1.0,,15000.0,2020-05-29,No
CUST-04608,Female,0,Yes,12,Fiber optic,Two year,Electronic check,74.02,860.7,1.0,,63612.0,2020-08-12,No
CUST-04609,Male,0,No,17,DSL,Month-to-month,Mailed check,49.52,806.96,0.0,51.0,20827.0,2019-02-28,No
CUST-04610,Female,1,No,32,Fiber optic,One year,Mailed check,59.31,1897.57,1.0,30.0,66135.0,2020-06-11,No
CUST-04611,Male,0,No,3,DSL,Month-to-month,Credit card,120.0,348.72,2.0,42.0,52931.0,2024-04-12,No
CUST-04612,Female,0,No,6,No,One year,Bank transfer,69.05,394.71,0.0,18.0,71785.0,2021-02-21,No
CUST-04613,Female,0,Yes,11,DSL,Month-to-month,Electronic check,47.17,453.93,1.0,62.0,36331.0,2024-02-10,No
CUST-04614,Female,0,No,10,Fiber optic,Month-to-month,Bank transfer,30.65,225.59,2.0,34.0,15931.0,2018-06-17,Yes
CUST-04615,Female,0,Yes,11,Fiber optic,One year,Electronic check,18.0,183.57,1.0,42.0,37413.0,2018-04-03,Yes
CUST-04616,Female,0,No,37,Fiber optic,Month-to-month,Electronic check,75.91,2788.57,1.0,37.0,62574.0,2021-09-09,No
CUST-04617,Male,0,No,9,Fiber optic,One year,Mailed check,84.64,751.91,1.0,58.0,90150.0,2022-09-22,No
CUST-04618,Male,0,No,16,No,Month-to-month,Electronic check,53.1,844.17,2.0,18.0,24267.0,2019-05-25,Yes
CUST-04619,Female,0,No,23,Fiber optic,Month-to-month,Credit card,64.55,1458.52,0.0,41.0,90783.0,2021-03-25,No
CUST-04620,Male,0,No,6,Fiber optic,One year,Mailed check,29.89,168.72,4.0,40.0,33232.0,2023-08-08,No
CUST-04621,Female,0,Yes,30,DSL,Month-to-month,Bank transfer,68.99,2027.02,0.0,35.0,60929.0,2022-11-20,No
CUST-04622,Female,0,No,19,Fiber optic,Month-to-month,Bank transfer,79.44,1585.56,2.0,66.0,36100.0,2019-06-28,Yes
CUST-04623,Male,0,No,14,DSL,Month-to-month,Credit card,48.95,,3.0,29.0,54682.0,2020-02-23,No
CUST-04624,Male,0,Yes,39,Fiber optic,Month-to-month,Credit card,115.71,4494.14,2.0,52.0,,2019-12-18,No
CUST-04625,Female,0,Yes,6,DSL,Month-to-month,Credit card,39.89,203.15,2.0,46.0,23477.0,2022-08-13,Yes
CUST-04626,Male,0,No,51,No,Month-to-month,Mailed check,73.5,3711.47,2.0,59.0,32599.0,2024-03-18,Yes
CUST-04627,Female,0,No,19,DSL,Month-to-month,Electronic check,90.45,1719.78,1.0,32.0,54774.0,2019-10-19,No
CUST-04628,Male,0,No,22,DSL,Two year,Bank transfer,62.68,1373.85,1.0,31.0,207098.0,2021-10-10,No
CUST-04629,Female,0,No,49,Fiber optic,Month-to-month,Mailed check,59.35,2885.18,,57.0,29204.0,2024-05-05,Yes
CUST-04630,Female,0,No,40,DSL,Two year,Electronic check,22.13,871.03,0.0,47.0,166721.0,2019-01-05,No
CUST-04631,Female,0,Yes,22,DSL,Two year,Electronic check,105.72,2289.85,1.0,20.0,163187.0,2022-03-25,No
CUST-04632,Female,0,No,33,Fiber optic,Month-to-month,Mailed check,59.9,1996.79,2.0,34.0,46240.0,2020-02-17,No
CUST-04633,Female,0,Yes,13,Fiber optic,Month-to-month,Bank transfer,81.12,1157.32,0.0,47.0,40991.0,2024-05-12,Yes
CUST-04634,Female,1,No,19,DSL,Month-to-month,Bank transfer,85.18,1574.68,0.0,53.0,32362.0,2018-09-12,No
CUST-04635,Female,0,No,1,DSL,One year,Bank transfer,,65.85,0.0,32.0,47055.0,2020-11-23,Yes
CUST-04636,Female,0,No,2,Fiber optic,One year,Mailed check,59.07,120.39,2.0,18.0,21077.0,2019-08-21,No
CUST-04637,Female,0,Yes,42,Fiber optic,One year,Electronic check,105.03,4444.69,,49.0,46828.0,2018-03-16,No
CUST-04638,Female,0,No,1,Fiber optic,One year,Mailed check,31.48,66.32,1.0,24.0,120346.0,2024-03-07,Yes
CUST-04639,Female,1,No,4,DSL,Month-to-month,Credit card,120.0,490.27,1.0,18.0,33973.0,2021-08-24,No
CUST-04640,Female,1,No,38,Fiber optic,Two year,Electronic check,42.65,1618.71,0.0,18.0,42428.0,2022-06-30,No
CUST-04641,Female,0,Yes,0,No,Month-to-month,Mailed check,29.61,0.0,2.0,53.0,17664.0,2021-12-24,No
CUST-04642,Female,0,No,7,Fiber optic,Two year,Electronic check,68.97,444.54,1.0,43.0,61355.0,2018-12-14,No
CUST-04643,Male,0,No,21,DSL,Month-to-month,Electronic check,120.0,2515.16,2.0,38.0,57451.0,2019-02-04,Yes
CUST-04644,Male,0,No,21,Fiber optic,Month-to-month,Mailed check,18.0,313.77,1.0,61.0,50930.0,2022-01-07,No
CUST-04645,Female,0,No,36,No,Two year,Bank transfer,60.77,2158.03,4.0,50.0,,2023-01-02,No
CUST-04646,Female,0,No,16,DSL,One year,Mailed check,79.29,1323.98,3.0,64.0,41123.0,2021-12-02,No
CUST-04647,Male,1,Yes,17,Fiber optic,One year,Electronic check,66.01,,3.0,22.0,66246.0,2021-08-29,No
CUST-04648,Female,0,Yes,31,No,Month-to-month,Bank transfer,76.46,2414.89,4.0,41.0,48180.0,2022-10-14,No
CUST-04649,Female,0,No,16,DSL,Two year,Electronic check,43.46,768.84,0.0,19.0,59218.0,2019-07-25,No
CUST-04650,Male,0,No,22,No,Two year,Electronic check,47.01,1025.37,1.0,38.0,55769.0,2022-09-11,No
CUST-04651,Male,1,No,54,Fiber optic,Month-to-month,Electronic check,60.55,,2.0,38.0,96187.0,2020-08-21,No
CUST-04652,Female,0,No,12,Fiber optic,Month-to-month,Credit card,31.1,358.11,4.0,50.0,73584.0,2022-04-29,Yes
CUST-04653,Female,0,Yes,11,No,One year,Electronic check,63.66,659.63,1.0,42.0,55034.0,2019-10-06,No
CUST-04654,Male,0,Yes,0,DSL,Two year,Electronic check,53.34,0.0,0.0,50.0,121911.0,2018-11-19,Yes
CUST-04655,Female,0,Yes,22,Fiber optic,One year,Mailed check,50.9,1161.96,0.0,51.0,63080.0,2018-03-10,Yes
CUST-04656,Male,0,Yes,0,No,Two year,Bank transfer,74.62,10.43,1.0,72.0,107256.0,2023-02-26,No
CUST-04657,Male,0,Yes,16,Fiber optic,Month-to-month,Bank transfer,18.0,,1.0,37.0,70556.0,2019-04-07,No
CUST-04658,Female,1,Yes,39,DSL,Two year,Bank transfer,58.13,2315.67,2.0,28.0,16233.0,2020-05-01,No
CUST-04659,Female,0,Yes,19,Fiber optic,Month-to-month,Bank transfer,120.0,2243.44,2.0,45.0,107248.0,2022-12-07,Yes
CUST-04660,Male,0,No,7,DSL,Month-to-month,Electronic check,32.42,268.96,,30.0,53162.0,2020-11-20,No
CUST-04661,Male,1,Yes,37,Fiber optic,Month-to-month,Credit card,103.57,3816.84,0.0,62.0,47516.0,2019-05-25,No
CUST-04662,Male,1,Yes,7,Fiber optic,One year,Mailed check,66.64,527.32,1.0,38.0,58035.0,2019-04-02,No
CUST-04663,Female,0,Yes,31,Fiber optic,Month-to-month,Electronic check,46.91,1429.89,1.0,,39855.0,2020-08-13,No
CUST-04664,Male,0,Yes,22,Fiber optic,Two year,Bank transfer,25.38,505.74,3.0,35.0,56174.0,2021-08-17,No
CUST-04665,Male,0,No,4,DSL,Two year,Bank transfer,,236.97,3.0,52.0,34367.0,2020-07-08,No
CUST-04666,Female,0,Yes,56,DSL,One year,Electronic check,108.6,6044.37,3.0,39.0,105299.0,2023-10-21,No
CUST-04667,Male,1,Yes,5,No,Month-to-month,Credit card,53.32,224.59,2.0,,45791.0,2018-01-09,Yes
CUST-04668,Female,0,No,72,DSL,Month-to-month,Bank transfer,62.57,4476.41,2.0,65.0,38966.0,2020-07-30,No
CUST-04669,Male,0,Yes,0,DSL,Month-to-month,Mailed check,95.31,42.83,1.0,30.0,28142.0,2022-10-07,Yes
CUST-04670,Male,0,No,7,No,One year,Mailed check,75.23,616.41,2.0,42.0,57599.0,2023-09-19,No
CUST-04671,Female,0,Yes,5,Fiber optic,Month-to-month,Electronic check,18.0,23.49,1.0,51.0,54844.0,2020-04-19,No
CUST-04672,Male,0,Yes,0,Fiber optic,One year,Credit card,67.97,63.18,2.0,19.0,61886.0,2022-04-28,No
CUST-04673,Female,0,Yes,31,DSL,One year,Bank transfer,110.37,3397.58,0.0,48.0,26466.0,2021-09-21,No
CUST-04674,Female,0,Yes,28,DSL,One year,Bank transfer,63.89,1806.31,,27.0,18756.0,2019-04-18,No
CUST-04675,Male,0,Yes,37,Fiber optic,Month-to-month,Bank transfer,18.0,583.29,2.0,53.0,71350.0,2022-05-15,No
CUST-04676,Male,0,No,7,Fiber optic,One year,Credit card,76.65,562.75,1.0,28.0,119465.0,2019-08-08,No
CUST-04677,Female,0,No,14,No,Month-to-month,Bank transfer,59.05,726.43,0.0,51.0,26481.0,2023-01-11,No
CUST-04678,Female,0,No,25,Fiber optic,Month-to-month,Electronic check,18.0,465.7,1.0,57.0,127218.0,2023-07-22,No
CUST-04679,Male,0,Yes,13,DSL,Two year,Bank transfer,18.0,246.86,1.0,54.0,58124.0,2021-01-25,No
CUST-04680,Female,0,No,28,Fiber optic,Month-to-month,Bank transfer,94.25,2648.55,2.0,45.0,48813.0,2018-05-07,Yes
CUST-04681,Female,1,No,24,DSL,Two year,Credit card,43.03,995.97,1.0,38.0,38617.0,2022-09-24,No
CUST-04682,Male,0,Yes,2,DSL,Month-to-month,Bank transfer,37.78,103.04,0.0,33.0,21360.0,2020-12-30,No
CUST-04683,Male,0,Yes,36,Fiber optic,Month-to-month,Electronic check,63.93,2321.03,1.0,62.0,88666.0,2018-08-10,Yes
CUST-04684,Male,0,No,30,DSL,Month-to-month,Electronic check,45.67,1359.6,3.0,32.0,30780.0,2020-02-15,No
CUST-04685,Female,0,Yes,25,DSL,Two year,Mailed check,68.0,1733.59,0.0,27.0,30703.0,2019-11-12,No
CUST-04686,Female,0,No,4,No,Two year,Bank transfer,58.92,230.9,6.0,51.0,88890.0,2022-08-29,Yes
CUST-04687,Female,0,Yes,7,Fiber optic,Month-to-month,Electronic check,29.0,229.44,2.0,30.0,15838.0,2020-09-20,Yes
CUST-04688,Male,0,Yes,11,DSL,Month-to-month,Bank transfer,49.66,539.97,1.0,28.0,19650.0,2021-10-07,No
CUST-04689,Female,0,Yes,7,DSL,One year,Credit card,78.28,558.8,0.0,,48490.0,2021-03-20,No
CUST-04690,Female,1,No,6,No,Two year,Electronic check,66.26,426.3,0.0,35.0,58452.0,2022-08-24,No
CUST-04691,Female,1,Yes,39,No,One year,Bank transfer,62.54,2419.16,3.0,40.0,65567.0,2022-08-10,No
CUST-04692,Female,0,Yes,24,Fiber optic,Two year,Electronic check,120.0,2818.31,1.0,45.0,40901.0,2020-11-17,Yes
CUST-04693,Female,0,No,20,Fiber optic,Month-to-month,Electronic check,86.93,,2.0,55.0,223735.0,2018-11-13,No
CUST-04694,Female,0,No,6,Fiber optic,One year,Electronic check,90.57,602.89,2.0,49.0,42755.0,2020-08-13,Yes
CUST-04695,Female,0,No,60,No,One year,Bank transfer,60.02,3616.16,2.0,39.0,42681.0,2019-01-11,No
CUST-04696,Male,0,No,5,DSL,Month-to-month,Credit card,71.6,373.91,0.0,,30388.0,2024-02-26,No
CUST-04697,Female,0,Yes,38,No,One year,Bank transfer,52.07,1976.55,1.0,49.0,52804.0,2024-02-05,No
CUST-04698,Female,0,No,72,No,Two year,Electronic check,88.33,6396.72,1.0,59.0,70896.0,2020-12-06,No
CUST-04699,Male,0,No,31,Fiber optic,Two year,Electronic check,61.69,1903.09,0.0,43.0,100926.0,2018-03-06,No
CUST-04700,Male,0,No,72,DSL,Month-to-month,Bank transfer,71.67,5137.55,0.0,35.0,20058.0,2020-05-27,No
CUST-04701,Female,0,Yes,25,Fiber optic,Month-to-month,Electronic check,69.82,1800.76,2.0,28.0,42294.0,2023-09-29,No
CUST-04702,Male,0,Yes,5,DSL,Month-to-month,Bank transfer,64.45,295.72,4.0,21.0,64088.0,2019-11-06,No
CUST-04703,Male,0,Yes,5,DSL,Month-to-month,Electronic check,120.0,644.47,6.0,51.0,69719.0,2021-12-28,No
CUST-04704,Male,0,No,9,No,Two year,Electronic check,45.0,460.3,1.0,50.0,49213.0,2019-03-07,No
CUST-04705,Male,0,Yes,0,Fiber optic,Month-to-month,Electronic check,44.73,28.34,4.0,50.0,67877.0,2023-04-18,Yes
CUST-04706,Female,0,Yes,27,Fiber optic,One year,Bank transfer,85.82,,1.0,40.0,30170.0,2023-09-21,No
CUST-04707,Female,0,No,7,DSL,Month-to-month,Electronic check,47.14,331.34,0.0,61.0,124834.0,2021-12-12,Yes
CUST-04708,Male,0,No,40,Fiber optic,One year,Electronic check,56.26,2240.3,2.0,35.0,88927.0,2022-01-01,No
CUST-04709,Male,0,No,10,Fiber optic,Month-to-month,Mailed check,32.41,299.3,1.0,55.0,21873.0,2020-06-05,No
CUST-04710,Male,0,No,15,DSL,Month-to-month,Mailed check,79.75,1203.39,2.0,41.0,25717.0,2022-07-15,No
CUST-04711,Male,0,Yes,72,Fiber optic,Month-to-month,Credit card,80.13,5807.82,1.0,33.0,26156.0,2021-01-26,No
CUST-04712,Male,0,Yes,6,DSL,One year,Electronic check,55.54,310.31,1.0,50.0,73628.0,2022-10-13,No
CUST-04713,Female,0,No,30,Fiber optic,One year,Electronic check,86.44,2584.63,1.0,47.0,22678.0,2024-03-19,No
CUST-04714,Female,0,No,33,No,Month-to-month,Mailed check,18.0,,2.0,46.0,40190.0,2023-04-11,No
CUST-04715,Female,1,No,5,DSL,Month-to-month,Electronic check,43.79,277.14,0.0,43.0,64397.0,2021-04-27,No
CUST-04716,Female,0,Yes,16,DSL,One year,Mailed check,,945.54,2.0,41.0,47112.0,2024-04-12,No
CUST-04717,Female,0,Yes,10,Fiber optic,Two year,Electronic check,29.83,236.58,2.0,75.0,57258.0,2021-11-23,No
CUST-04718,Female,0,No,35,Fiber optic,Month-to-month,Credit card,18.0,551.33,0.0,58.0,25861.0,2018-06-01,No
CUST-04719,Female,0,No,23,DSL,Month-to-month,Electronic check,55.76,1300.62,2.0,52.0,70046.0,2022-09-08,No
CUST-04720,Female,0,Yes,15,Fiber optic,Month-to-month,Bank transfer,85.82,1249.27,,43.0,33930.0,2023-04-06,No
CUST-04721,Female,0,No,36,DSL,Month-to-month,Credit card,,3758.0,1.0,56.0,40345.0,2018-11-12,Yes
CUST-04722,Female,0,Yes,6,DSL,Month-to-month,Credit card,48.58,224.92,3.0,49.0,56536.0,2022-05-11,No
CUST-04723,Male,0,Yes,33,DSL,One year,Mailed check,87.0,2844.05,2.0,42.0,52148.0,2023-11-28,No
CUST-04724,Female,0,Yes,48,DSL,Two year,Credit card,84.1,3970.27,1.0,37.0,49731.0,2019-08-13,No
CUST-04725,Male,0,Yes,50,Fiber optic,Month-to-month,Bank transfer,101.56,5099.73,1.0,40.0,31245.0,2021-10-02,No
CUST-04726,Female,0,No,36,Fiber optic,One year,Electronic check,54.49,1994.08,2.0,18.0,40956.0,2019-10-06,No
CUST-04727,Male,0,Yes,12,DSL,One year,Credit card,18.0,232.93,0.0,44.0,49085.0,2022-12-20,No
CUST-04728,Female,0,Yes,72,DSL,Two year,Mailed check,67.11,4777.62,3.0,35.0,21481.0,2021-09-22,No
CUST-04729,Female,0,Yes,11,Fiber optic,One year,Electronic check,34.59,343.2,1.0,64.0,,2020-09-29,No
CUST-04730,Male,0,Yes,24,Fiber optic,Two year,Bank transfer,43.29,1050.68,2.0,42.0,61858.0,2018-03-09,No
CUST-04731,Female,0,Yes,4,DSL,One year,Bank transfer,55.96,139.45,1.0,25.0,22777.0,2024-01-23,No
CUST-04732,Male,0,Yes,72,DSL,Two year,Credit card,54.83,3935.7,0.0,41.0,98120.0,2021-03-12,No
CUST-04733,Male,0,Yes,29,Fiber optic,Month-to-month,Credit card,69.25,,2.0,27.0,105005.0,2023-02-28,No
CUST-04734,Male,0,Yes,33,DSL,Month-to-month,Electronic check,86.09,2831.97,2.0,48.0,23223.0,2020-07-07,No
CUST-04735,Male,1,No,1,Fiber optic,Two year,Electronic check,53.97,0.0,1.0,46.0,110699.0,2023-06-13,No
CUST-04736,Female,0,Yes,34,Fiber optic,One year,Bank transfer,76.87,2583.21,0.0,55.0,44974.0,2019-01-10,No
CUST-04737,Female,0,No,35,No,Month-to-month,Bank transfer,65.44,2258.87,,30.0,63013.0,2019-06-27,No
CUST-04738,Male,0,No,26,Fiber optic,Two year,Electronic check,93.06,2526.58,0.0,42.0,36388.0,2020-02-21,No
CUST-04739,Male,0,No,8,Fiber optic,Month-to-month,Electronic check,59.34,558.0,2.0,22.0,85291.0,2018-07-27,No
CUST-04740,Male,0,Yes,16,Fiber optic,Month-to-month,Electronic check,62.63,1038.63,3.0,51.0,62545.0,2020-11-05,Yes
CUST-04741,Male,0,No,2,Fiber optic,One year,Bank transfer,53.77,90.39,0.0,49.0,30076.0,2021-02-12,No
CUST-04742,Male,1,Yes,15,Fiber optic,One year,Electronic check,60.13,961.98,1.0,48.0,,2018-09-26,No
CUST-04743,Male,0,No,6,DSL,One year,Electronic check,41.5,,0.0,42.0,20410.0,2020-09-27,No
CUST-04744,Male,0,Yes,10,No,Month-to-month,Mailed check,38.52,439.03,1.0,47.0,54872.0,2019-04-08,No
CUST-04745,Female,0,Yes,4,No,Two year,Electronic check,88.27,399.48,4.0,64.0,69111.0,2023-08-13,No
CUST-04746,Male,0,No,6,DSL,Two year,Electronic check,32.5,187.43,2.0,38.0,72444.0,2021-04-08,No
CUST-04747,Female,0,Yes,1,No,Month-to-month,Credit card,55.43,112.39,5.0,43.0,45670.0,2024-02-09,Yes
CUST-04748,Male,0,No,60,Fiber optic,Month-to-month,Bank transfer,95.46,5705.24,0.0,26.0,24484.0,2020-03-10,Yes
CUST-04749,Female,0,Yes,18,Fiber optic,Month-to-month,Electronic check,54.42,916.31,0.0,29.0,32557.0,2020-03-10,No
CUST-04750,Female,0,No,12,Fiber optic,Two year,Credit card,89.86,1127.22,0.0,43.0,97871.0,2020-03-04,No
CUST-04751,Male,0,No,18,DSL,Two year,Electronic check,47.27,846.6,2.0,57.0,36651.0,2019-09-21,No
CUST-04752,Female,0,Yes,23,No,One year,Bank transfer,33.47,799.9,1.0,38.0,53425.0,2023-01-12,No
CUST-04753,Male,1,No,61,Fiber optic,Two year,Mailed check,18.0,1189.04,3.0,38.0,25709.0,2019-10-25,No
CUST-04754,Female,0,Yes,4,Fiber optic,One year,Bank transfer,104.38,381.41,2.0,36.0,59990.0,2019-11-06,No
CUST-04755,Male,1,No,8,Fiber optic,Month-to-month,Mailed check,30.89,,1.0,34.0,37249.0,2018-04-20,No
CUST-04756,Male,0,Yes,72,Fiber optic,Month-to-month,Electronic check,87.42,6372.72,1.0,46.0,91860.0,2024-03-11,No
CUST-04757,Male,0,No,11,DSL,Month-to-month,Bank transfer,35.0,418.44,2.0,21.0,77974.0,2023-09-08,No
CUST-04758,Female,0,Yes,0,DSL,Month-to-month,Bank transfer,104.52,0.0,1.0,59.0,36409.0,2019-11-17,Yes
CUST-04759,Male,0,Yes,3,No,One year,Mailed check,120.0,312.25,2.0,32.0,45433.0,2021-05-05,No
CUST-04760,Female,0,Yes,0,No,Month-to-month,Bank transfer,18.0,0.0,1.0,52.0,35218.0,2021-02-05,No
CUST-04761,Female,0,Yes,72,No,Month-to-month,Mailed check,32.46,2300.2,2.0,24.0,20917.0,2018-07-25,No
CUST-04762,Male,1,Yes,7,DSL,Month-to-month,Bank transfer,88.19,629.2,1.0,51.0,29305.0,2021-05-29,No
CUST-04763,Male,1,No,61,Fiber optic,One year,Bank transfer,80.39,4907.71,3.0,,55211.0,2018-09-23,Yes
CUST-04764,Female,0,No,72,Fiber optic,Two year,Electronic check,88.31,6372.28,2.0,47.0,59584.0,2020-10-14,No
CUST-04765,Female,0,Yes,21,Fiber optic,Two year,Credit card,47.79,961.55,2.0,28.0,53590.0,2018-07-25,Yes
CUST-04766,Female,0,No,0,Fiber optic,One year,Credit card,120.0,0.0,4.0,45.0,40903.0,2021-10-11,No
CUST-04767,Male,0,Yes,2,DSL,One year,Credit card,68.54,34.3,1.0,25.0,85805.0,2018-04-25,Yes
CUST-04768,Female,0,No,15,DSL,Month-to-month,Bank transfer,28.49,434.6,4.0,38.0,50925.0,2022-01-12,No
CUST-04769,Male,0,Yes,12,DSL,Month-to-month,Bank transfer,57.41,747.69,0.0,56.0,74753.0,2022-07-16,No
CUST-04770,Female,0,No,22,Fiber optic,Month-to-month,Credit card,28.89,564.34,3.0,53.0,16911.0,2021-08-30,No
CUST-04771,Female,0,No,13,DSL,Month-to-month,Electronic check,112.73,1489.66,0.0,42.0,15000.0,2021-01-05,Yes
CUST-04772,Male,0,No,65,No,One year,Credit card,45.19,2906.8,3.0,28.0,58120.0,2018-05-23,No
CUST-04773,Male,1,No,18,DSL,Month-to-month,Electronic check,79.77,1475.99,4.0,51.0,20850.0,2018-01-27,No
CUST-04774,Male,0,No,28,Fiber optic,One year,Electronic check,50.88,1432.57,0.0,42.0,43153.0,2020-03-13,No
CUST-04775,Female,0,No,54,No,Month-to-month,Electronic check,46.54,2533.4,3.0,18.0,40894.0,2022-12-13,No
CUST-04776,Male,0,No,3,Fiber optic,Month-to-month,Bank transfer,18.0,57.24,2.0,52.0,127063.0,2022-02-25,Yes
CUST-04777,Female,0,No,6,DSL,Two year,Electronic check,82.95,564.12,0.0,41.0,62317.0,2018-10-21,No
CUST-04778,Male,0,No,2,DSL,Month-to-month,Electronic check,103.98,225.33,3.0,58.0,54150.0,2022-05-31,No
CUST-04779,Female,1,Yes,3,Fiber optic,Month-to-month,Bank transfer,37.52,77.29,2.0,26.0,80999.0,2021-09-09,Yes
CUST-04780,Male,0,No,17,DSL,Month-to-month,Mailed check,18.64,321.82,0.0,18.0,61150.0,2019-01-26,No
CUST-04781,Male,0,No,9,No,Month-to-month,Credit card,89.1,783.46,3.0,45.0,37249.0,2022-11-05,No
CUST-04782,Male,0,No,13,Fiber optic,One year,Electronic check,18.0,242.12,1.0,46.0,93235.0,2023-04-30,No
CUST-04783,Male,0,Yes,72,Fiber optic,One year,Electronic check,101.59,7293.49,2.0,18.0,25188.0,2019-06-29,No
CUST-04784,Male,1,Yes,4,Fiber optic,Month-to-month,Electronic check,37.87,117.64,2.0,28.0,59512.0,2022-01-29,No
CUST-04785,Female,0,Yes,18,No,Two year,Mailed check,31.9,584.16,1.0,80.0,19369.0,2020-06-04,No
CUST-04786,Female,0,No,2,Fiber optic,One year,Mailed check,72.45,147.69,2.0,37.0,55401.0,2018-05-17,No
CUST-04787,Male,0,Yes,9,Fiber optic,Month-to-month,Electronic check,33.86,357.94,2.0,52.0,55038.0,2023-07-12,Yes
CUST-04788,Female,0,No,17,No,Month-to-month,Mailed check,43.79,723.68,3.0,32.0,134037.0,2023-04-08,No
CUST-04789,Male,0,Yes,70,No,One year,Credit card,75.62,5194.36,0.0,18.0,19168.0,2020-01-15,No
CUST-04790,Female,0,No,11,DSL,One year,Electronic check,18.0,179.81,1.0,39.0,34182.0,2021-05-30,No
CUST-04791,Male,0,No,1,DSL,Month-to-month,Mailed check,114.27,32.95,1.0,38.0,80306.0,2021-04-15,Yes
CUST-04792,Male,0,No,11,DSL,Month-to-month,Electronic check,,750.19,2.0,36.0,59945.0,2019-02-20,No
CUST-04793,Female,0,Yes,3,DSL,Month-to-month,Electronic check,26.21,0.0,1.0,40.0,54621.0,2018-12-08,No
CUST-04794,Female,1,No,6,No,Month-to-month,Electronic check,34.48,157.46,1.0,45.0,27620.0,2023-06-02,Yes
CUST-04795,Male,0,Yes,23,DSL,Month-to-month,Mailed check,94.75,2161.13,4.0,39.0,34389.0,2023-07-26,No
CUST-04796,Male,0,No,1,DSL,Two year,Mailed check,83.03,160.23,2.0,24.0,,2022-08-27,No
CUST-04797,Female,0,No,14,DSL,One year,Credit card,106.6,1438.76,1.0,48.0,47528.0,2018-06-20,No
CUST-04798,Female,0,Yes,22,No,One year,Credit card,44.52,980.06,2.0,18.0,61403.0,2023-11-01,No
CUST-04799,Female,1,Yes,13,No,Month-to-month,Bank transfer,73.9,989.7,4.0,18.0,45747.0,2024-04-16,No
CUST-04800,Male,0,Yes,0,Fiber optic,Month-to-month,Electronic check,77.8,74.2,2.0,52.0,24104.0,2022-12-23,Yes
CUST-04801,Female,1,Yes,72,Fiber optic,Month-to-month,Credit card,85.86,6220.81,0.0,49.0,85843.0,2020-04-08,Yes
CUST-04802,Male,1,No,10,Fiber optic,One year,Bank transfer,98.82,1042.9,0.0,41.0,66299.0,2020-08-08,Yes
CUST-04803,Female,0,No,36,Fiber optic,Month-to-month,Bank transfer,43.48,1608.5,1.0,22.0,195512.0,2023-07-31,Yes
CUST-04804,Male,0,No,9,DSL,Month-to-month,Electronic check,61.57,493.67,1.0,32.0,26652.0,2019-10-19,Yes
CUST-04805,Female,1,Yes,15,Fiber optic,Month-to-month,Bank transfer,46.7,718.48,1.0,38.0,80301.0,2018-11-29,No
CUST-04806,Female,0,No,11,Fiber optic,Two year,Credit card,63.42,740.05,4.0,19.0,22316.0,2023-04-12,No
CUST-04807,Female,0,No,10,Fiber optic,One year,Bank transfer,85.95,811.67,2.0,31.0,53874.0,2019-03-29,No
CUST-04808,Male,0,No,0,Fiber optic,Month-to-month,Bank transfer,18.0,0.0,0.0,51.0,88071.0,2023-10-27,No
CUST-04809,Female,0,Yes,10,No,One year,Bank transfer,98.28,942.64,1.0,61.0,15000.0,2021-10-27,No
CUST-04810,Female,1,No,52,Fiber optic,One year,Mailed check,30.82,1641.27,3.0,36.0,43349.0,2021-07-25,No
CUST-04811,Female,0,Yes,28,Fiber optic,Month-to-month,Credit card,55.78,1558.38,1.0,52.0,34963.0,2022-12-23,No
CUST-04812,Female,0,Yes,3,No,Month-to-month,Bank transfer,102.32,290.92,1.0,18.0,32171.0,2018-02-08,No
CUST-04813,Male,0,No,21,Fiber optic,Two year,Credit card,,1507.56,1.0,51.0,61767.0,2022-07-30,Yes
CUST-04814,Male,0,Yes,53,DSL,Month-to-month,Credit card,75.19,3981.7,1.0,30.0,96029.0,2021-11-03,No
CUST-04815,Female,0,Yes,28,Fiber optic,Two year,Mailed check,29.58,799.86,2.0,46.0,45253.0,2021-05-12,No
CUST-04816,Female,1,Yes,3,Fiber optic,Month-to-month,Electronic check,33.68,,1.0,38.0,55453.0,2019-05-25,No
CUST-04817,Male,0,No,48,DSL,Month-to-month,Electronic check,93.24,4418.37,2.0,60.0,52500.0,2023-04-28,No
CUST-04818,Female,0,No,8,Fiber optic,Month-to-month,Credit card,47.33,387.54,0.0,29.0,49073.0,2019-08-11,No
CUST-04819,Male,0,Yes,14,No,One year,Electronic check,50.15,680.15,0.0,50.0,25498.0,2021-02-21,No
CUST-04820,Female,0,No,17,Fiber optic,Two year,Mailed check,93.92,1534.18,3.0,38.0,95326.0,2019-01-06,Yes
CUST-04821,Male,0,Yes,45,Fiber optic,Month-to-month,Mailed check,33.5,1441.14,2.0,39.0,58519.0,2024-03-31,No
CUST-04822,Female,0,Yes,64,DSL,Month-to-month,Electronic check,73.08,4618.27,0.0,39.0,62126.0,2019-04-01,No
CUST-04823,Female,0,No,63,No,Month-to-month,Bank transfer,66.29,4165.95,1.0,30.0,30215.0,2023-02-25,No
CUST-04824,Male,0,No,0,Fiber optic,Two year,Bank transfer,64.92,6.05,2.0,41.0,37215.0,2019-09-09,No
CUST-04825,Female,0,No,61,Fiber optic,One year,Electronic check,49.45,3029.94,0.0,41.0,44104.0,2019-08-23,Yes
CUST-04826,Female,0,No,1,Fiber optic,Month-to-month,Bank transfer,,62.98,2.0,45.0,19526.0,2020-09-15,No
CUST-04827,Female,0,Yes,7,DSL,Two year,Bank transfer,32.65,190.62,2.0,43.0,17804.0,2023-06-05,No
CUST-04828,Male,1,No,17,DSL,One year,Mailed check,79.48,1404.08,,53.0,34185.0,2022-05-30,No
CUST-04829,Male,0,Yes,15,DSL,Month-to-month,Electronic check,44.96,652.29,3.0,54.0,67071.0,2023-08-05,Yes
CUST-04830,Female,0,No,22,DSL,One year,Credit card,94.06,2091.83,1.0,27.0,33127.0,2018-04-21,No
CUST-04831,Female,0,No,15,Fiber optic,Month-to-month,Mailed check,58.26,865.69,2.0,54.0,26601.0,2024-02-18,No
CUST-04832,Male,0,No,65,Fiber optic,Two year,Mailed check,33.25,,0.0,25.0,30067.0,2018-06-30,No
CUST-04833,Male,0,No,6,Fiber optic,Month-to-month,Bank transfer,57.87,336.5,1.0,50.0,37301.0,2022-08-17,No
CUST-04834,Female,0,No,7,Fiber optic,Two year,Credit card,52.67,388.37,3.0,50.0,,2019-05-01,No
CUST-04835,Male,0,Yes,60,DSL,Two year,Mailed check,95.27,5715.83,2.0,18.0,179748.0,2023-05-25,No
CUST-04836,Male,0,Yes,1,,One year,Bank transfer,53.93,94.62,1.0,43.0,92297.0,2023-07-14,Yes
CUST-04837,Male,0,No,22,DSL,Month-to-month,Mailed check,56.71,1206.69,0.0,35.0,,2021-07-15,No
CUST-04838,Female,1,Yes,27,Fiber optic,Two year,Electronic check,107.35,2809.96,1.0,31.0,98829.0,2020-08-01,Yes
CUST-04839,Male,0,Yes,16,Fiber optic,One year,Electronic check,80.25,,0.0,60.0,26922.0,2023-02-02,No
CUST-04840,Male,1,Yes,28,DSL,Two year,Electronic check,114.88,3270.09,0.0,32.0,23542.0,2023-08-10,No
CUST-04841,Male,0,Yes,4,Fiber optic,Month-to-month,Electronic check,102.77,403.35,0.0,30.0,25232.0,2022-09-26,Yes
CUST-04842,Female,0,No,45,Fiber optic,Two year,Bank transfer,38.39,1732.15,0.0,43.0,109174.0,2023-10-26,No
CUST-04843,Female,0,No,3,Fiber optic,Two year,Electronic check,94.7,231.42,1.0,51.0,35301.0,2022-01-07,No
CUST-04844,Female,1,Yes,12,Fiber optic,Two year,Credit card,110.76,1332.4,1.0,40.0,23136.0,2022-04-20,No
CUST-04845,Female,0,No,1,DSL,Month-to-month,Credit card,110.98,59.84,1.0,58.0,37850.0,2021-09-01,No
CUST-04846,Female,0,Yes,18,Fiber optic,Month-to-month,Mailed check,94.64,1659.73,1.0,49.0,42482.0,2021-02-17,No
CUST-04847,Female,0,No,26,No,Month-to-month,Mailed check,94.03,2424.66,1.0,18.0,,2022-03-15,No
CUST-04848,Male,0,No,68,Fiber optic,Month-to-month,Electronic check,55.92,3824.81,1.0,34.0,56986.0,2021-08-07,No
CUST-04849,Male,0,No,32,DSL,Month-to-month,Bank transfer,39.88,1303.75,1.0,34.0,29824.0,2022-09-10,No
CUST-04850,Male,0,Yes,18,Fiber optic,Two year,Bank transfer,54.43,1008.69,4.0,48.0,73968.0,2023-12-29,No
CUST-04851,Male,1,Yes,64,DSL,One year,Electronic check,18.0,1072.6,2.0,18.0,33405.0,2020-05-24,Yes
CUST-04852,Female,1,No,15,No,Month-to-month,Electronic check,105.28,1578.87,2.0,77.0,44633.0,2020-08-21,No
CUST-04853,Female,0,Yes,19,No,Two year,Bank transfer,56.5,1063.66,3.0,49.0,74018.0,2018-02-05,No
CUST-04854,Male,0,Yes,21,Fiber optic,One year,Bank transfer,103.74,2101.93,1.0,44.0,33353.0,2021-05-19,Yes
CUST-04855,Female,0,Yes,12,No,Two year,Bank transfer,28.06,337.52,2.0,58.0,34835.0,2018-11-04,No
CUST-04856,Male,1,No,43,DSL,Two year,Credit card,97.48,4179.12,1.0,74.0,69912.0,2022-08-05,No
CUST-04857,Female,0,No,4,DSL,One year,Bank transfer,50.15,226.18,1.0,54.0,29300.0,2023-01-01,No
CUST-04858,Male,0,No,19,DSL,Month-to-month,Electronic check,26.47,506.99,3.0,55.0,38914.0,2022-08-21,No
CUST-04859,Male,0,No,30,Fiber optic,Two year,Bank transfer,113.81,,4.0,43.0,68421.0,2021-07-04,No
CUST-04860,Male,0,No,56,Fiber optic,Month-to-month,Mailed check,98.22,5546.61,1.0,40.0,168123.0,2021-06-05,No
CUST-04861,Female,0,Yes,51,DSL,One year,Bank transfer,71.35,3527.79,1.0,35.0,70491.0,2022-02-23,No
CUST-04862,Male,0,Yes,17,DSL,Two year,Credit card,66.02,1119.13,2.0,,65093.0,2021-07-23,No
CUST-04863,Female,0,Yes,24,No,Month-to-month,Electronic check,78.19,1788.4,2.0,32.0,67405.0,2022-10-24,No
CUST-04864,Female,0,Yes,12,DSL,One year,Electronic check,70.84,804.47,1.0,23.0,25747.0,2023-09-27,No
CUST-04865,Female,0,Yes,15,DSL,Month-to-month,Mailed check,,,0.0,40.0,52541.0,2021-06-10,No
CUST-04866,Male,0,No,56,DSL,Month-to-month,Electronic check,52.64,2884.13,0.0,18.0,48153.0,2018-09-16,No
CUST-04867,Male,0,No,64,DSL,Month-to-month,Bank transfer,120.0,7608.81,2.0,44.0,59453.0,2018-11-04,No
CUST-04868,Female,0,No,54,,Two year,Bank transfer,120.0,6599.1,1.0,41.0,52570.0,2020-05-30,No
CUST-04869,Male,0,Yes,3,Fiber optic,Month-to-month,Electronic check,111.88,267.68,2.0,44.0,61563.0,2021-03-08,Yes
CUST-04870,Female,0,No,45,Fiber optic,Two year,Mailed check,79.35,3653.28,1.0,34.0,,2019-06-12,No
CUST-04871,Female,0,No,71,Fiber optic,One year,Bank transfer,54.87,3887.16,5.0,85.0,50775.0,2020-11-26,No
CUST-04872,Female,0,No,10,Fiber optic,One year,Electronic check,41.05,384.26,1.0,61.0,23465.0,2018-11-15,No
CUST-04873,Female,1,No,17,No,Two year,Bank transfer,43.03,759.85,3.0,24.0,40459.0,2019-07-19,No
CUST-04874,Female,0,No,36,DSL,One year,Mailed check,48.4,1809.23,1.0,45.0,112927.0,2022-09-16,No
CUST-04875,Female,0,No,19,DSL,Month-to-month,Bank transfer,120.0,2222.7,2.0,33.0,59354.0,2024-04-28,No
CUST-04876,Female,0,No,72,DSL,Month-to-month,Bank transfer,119.19,8556.17,1.0,27.0,48409.0,2019-03-13,Yes
CUST-04877,Female,0,No,14,Fiber optic,One year,Bank transfer,87.39,1265.8,5.0,23.0,152920.0,2020-03-05,Yes
CUST-04878,Female,0,Yes,30,DSL,One year,Electronic check,36.18,1099.8,2.0,48.0,21665.0,2020-04-01,No
CUST-04879,Male,0,Yes,37,Fiber optic,Month-to-month,Bank transfer,91.79,3451.33,2.0,32.0,25193.0,2019-06-08,No
CUST-04880,Female,0,Yes,16,Fiber optic,One year,Bank transfer,57.84,951.2,4.0,55.0,136985.0,2019-04-24,No
CUST-04881,Male,0,No,46,Fiber optic,Month-to-month,Bank transfer,18.0,918.41,1.0,55.0,50391.0,2018-11-05,Yes
CUST-04882,Male,0,Yes,18,Fiber optic,Two year,Electronic check,73.61,1333.91,3.0,61.0,42380.0,2023-10-28,No
CUST-04883,Female,0,Yes,12,Fiber optic,One year,Electronic check,39.74,487.97,4.0,30.0,23872.0,2022-03-02,No
CUST-04884,Male,0,Yes,2,No,Two year,Credit card,40.76,97.61,1.0,48.0,64126.0,2019-11-12,No
CUST-04885,Male,0,No,11,DSL,One year,Mailed check,57.49,625.27,0.0,50.0,67960.0,2019-08-28,No
CUST-04886,Male,0,Yes,31,Fiber optic,Two year,Bank transfer,50.05,1593.95,0.0,35.0,25420.0,2021-10-13,No
CUST-04887,Male,0,No,61,DSL,One year,Bank transfer,63.97,3914.02,1.0,31.0,45063.0,2022-06-22,No
CUST-04888,Male,0,No,6,Fiber optic,One year,Bank transfer,62.53,414.59,3.0,64.0,40082.0,2019-08-16,No
CUST-04889,Male,1,No,10,No,Month-to-month,Electronic check,18.0,227.22,3.0,45.0,57158.0,2020-03-24,No
CUST-04890,Female,0,Yes,4,DSL,Month-to-month,Electronic check,110.61,463.86,1.0,50.0,25045.0,2019-11-12,No
CUST-04891,Female,0,Yes,28,Fiber optic,Two year,Electronic check,35.5,1019.09,7.0,30.0,103898.0,2018-07-25,No
CUST-04892,Male,0,Yes,72,No,Month-to-month,Mailed check,36.43,2572.44,2.0,24.0,84922.0,2020-06-24,No
CUST-04893,Female,0,Yes,24,Fiber optic,Month-to-month,Credit card,55.14,1295.84,1.0,34.0,39422.0,2021-06-04,No
CUST-04894,Male,0,Yes,23,DSL,Two year,Mailed check,61.75,1462.42,2.0,40.0,43051.0,2022-03-16,No
CUST-04895,Male,0,Yes,19,No,One year,Bank transfer,108.77,2137.81,2.0,27.0,45168.0,2020-09-03,Yes
CUST-04896,Female,0,No,2,DSL,Month-to-month,Electronic check,73.08,49.14,3.0,41.0,30730.0,2024-04-23,No
CUST-04897,Male,1,Yes,31,DSL,Month-to-month,Credit card,81.99,2513.3,3.0,18.0,37569.0,2022-01-06,No
CUST-04898,Male,0,Yes,22,No,One year,Mailed check,73.24,1612.46,2.0,26.0,41682.0,2023-09-09,No
CUST-04899,Male,0,No,25,DSL,One year,Mailed check,71.94,1754.54,0.0,51.0,129019.0,2023-11-17,No
CUST-04900,Female,0,No,54,No,Two year,Bank transfer,74.29,3970.53,2.0,50.0,86506.0,2023-04-09,No
CUST-04901,Male,0,Yes,36,DSL,Month-to-month,Mailed check,18.0,671.75,1.0,36.0,85887.0,2019-09-25,No
CUST-04902,Male,0,No,36,No,One year,Electronic check,57.5,2149.07,,27.0,61203.0,2020-10-07,No
CUST-04903,Female,0,Yes,62,Fiber optic,Two year,Electronic check,99.87,6090.35,1.0,27.0,25074.0,2018-01-01,No
CUST-04904,Male,0,Yes,72,Fiber optic,Two year,Electronic check,120.0,8631.48,3.0,36.0,47815.0,2020-11-23,Yes
CUST-04905,Male,0,Yes,20,Fiber optic,Month-to-month,Bank transfer,28.87,600.56,3.0,51.0,87754.0,2019-11-20,No
CUST-04906,Male,0,Yes,2,DSL,Month-to-month,Credit card,77.69,194.39,3.0,54.0,23041.0,2018-09-20,Yes
CUST-04907,Female,0,Yes,14,DSL,One year,Electronic check,47.87,686.14,0.0,35.0,71820.0,2023-05-19,No
CUST-04908,Female,0,No,37,Fiber optic,Two year,Bank transfer,120.0,4528.07,2.0,25.0,197514.0,2022-04-27,No
CUST-04909,Female,0,No,0,No,One year,Electronic check,24.39,1.45,2.0,,92696.0,2024-05-29,No
CUST-04910,Male,0,Yes,1,Fiber optic,One year,Electronic check,83.75,149.35,2.0,30.0,114510.0,2021-03-13,No
CUST-04911,Male,0,Yes,1,No,Two year,Mailed check,22.78,0.0,2.0,34.0,55882.0,2020-02-14,No
CUST-04912,Female,1,No,31,No,Month-to-month,Bank transfer,55.44,1721.54,4.0,60.0,87619.0,2019-09-11,Yes
CUST-04913,Male,0,Yes,16,Fiber optic,Two year,Electronic check,63.97,962.88,3.0,53.0,31865.0,2020-10-17,No
CUST-04914,Female,0,Yes,11,No,Two year,Bank transfer,97.09,1113.03,1.0,44.0,79024.0,2019-12-28,No
CUST-04915,Female,0,Yes,2,DSL,Two year,Electronic check,32.68,59.34,2.0,24.0,72593.0,2024-05-10,No
CUST-04916,Female,0,Yes,31,Fiber optic,Two year,Bank transfer,84.9,2649.79,0.0,44.0,58334.0,2019-03-05,No
CUST-04917,Female,0,Yes,9,Fiber optic,Month-to-month,Bank transfer,65.56,574.37,0.0,56.0,107969.0,2018-02-14,No
CUST-04918,Female,0,No,7,DSL,Month-to-month,Electronic check,73.18,541.58,2.0,36.0,35480.0,2018-11-01,Yes
CUST-04919,Female,0,Yes,25,No,Month-to-month,Bank transfer,93.75,2363.62,0.0,60.0,43816.0,2023-09-20,No
CUST-04920,Female,0,No,19,DSL,Two year,Electronic check,26.52,454.15,2.0,60.0,51910.0,2022-06-14,No
CUST-04921,Female,0,Yes,10,Fiber optic,Two year,Electronic check,89.32,846.36,2.0,65.0,26429.0,2023-01-11,Yes
CUST-04922,Male,0,No,24,DSL,Month-to-month,Electronic check,47.93,1148.93,1.0,46.0,56171.0,2020-01-21,No
CUST-04923,Male,0,Yes,7,Fiber optic,Month-to-month,Mailed check,97.88,718.14,,50.0,17477.0,2021-12-29,Yes
CUST-04924,Female,0,Yes,38,Fiber optic,One year,Electronic check,75.04,2944.66,1.0,61.0,91873.0,2022-07-17,Yes
CUST-04925,Female,0,Yes,6,Fiber optic,Month-to-month,Mailed check,58.71,,,48.0,50411.0,2020-02-04,No
CUST-04926,Male,1,No,4,Fiber optic,Month-to-month,Electronic check,47.3,239.58,2.0,34.0,35863.0,2022-08-25,No
CUST-04927,Female,0,No,36,Fiber optic,One year,Electronic check,89.7,3148.56,0.0,35.0,29714.0,2022-01-15,Yes
CUST-04928,Female,0,Yes,29,Fiber optic,Month-to-month,Credit card,102.83,3082.72,4.0,45.0,42584.0,2019-11-26,No
CUST-04929,Male,0,No,4,DSL,One year,Bank transfer,49.01,226.32,1.0,23.0,74084.0,2018-05-04,No
CUST-04930,Female,1,No,2,Fiber optic,Month-to-month,Electronic check,31.01,59.54,0.0,39.0,68093.0,2019-07-12,Yes
CUST-04931,Female,0,No,43,No,Two year,Bank transfer,85.83,3682.46,1.0,57.0,32102.0,2021-12-22,No
CUST-04932,Male,0,No,35,Fiber optic,One year,Bank transfer,21.54,698.54,0.0,18.0,29506.0,2021-11-04,No
CUST-04933,Male,1,Yes,9,Fiber optic,Month-to-month,Electronic check,25.83,191.41,1.0,63.0,72703.0,2021-04-04,Yes
CUST-04934,Female,1,No,25,DSL,One year,Mailed check,33.12,923.52,0.0,57.0,31779.0,2019-08-13,No
CUST-04935,Female,0,No,3,DSL,Month-to-month,Credit card,52.54,108.17,1.0,35.0,50814.0,2020-11-07,Yes
CUST-04936,Female,0,Yes,16,No,Two year,Bank transfer,24.91,348.15,1.0,49.0,52799.0,2018-12-04,No
CUST-04937,Male,1,No,0,No,One year,Bank transfer,18.0,0.0,0.0,42.0,59114.0,2022-04-01,No
CUST-04938,Male,0,Yes,11,DSL,One year,Bank transfer,30.94,280.43,2.0,59.0,82040.0,2023-07-30,No
CUST-04939,Female,0,Yes,1,Fiber optic,Month-to-month,Bank transfer,84.27,85.04,2.0,55.0,22976.0,2020-12-22,No
CUST-04940,Female,0,Yes,15,Fiber optic,Month-to-month,Mailed check,26.85,457.2,2.0,22.0,15573.0,2019-05-15,No
CUST-04941,Female,0,Yes,13,Fiber optic,One year,Bank transfer,54.79,681.75,3.0,50.0,34875.0,2023-04-24,No
CUST-04942,Male,0,No,14,Fiber optic,Month-to-month,Bank transfer,120.0,1611.33,0.0,39.0,144482.0,2020-01-04,No
CUST-04943,Female,0,Yes,1,Fiber optic,One year,Electronic check,63.52,78.11,1.0,43.0,164934.0,2021-10-23,No
CUST-04944,Female,0,Yes,10,No,Month-to-month,Bank transfer,75.28,750.01,2.0,31.0,147076.0,2018-06-26,No
CUST-04945,Female,0,No,33,No,Month-to-month,Bank transfer,36.62,1258.6,0.0,66.0,43661.0,2022-08-10,No
CUST-04946,Female,0,No,11,No,Month-to-month,Electronic check,120.0,1297.27,3.0,56.0,16826.0,2020-12-15,Yes
CUST-04947,Female,0,Yes,30,Fiber optic,Two year,Mailed check,48.76,1449.79,1.0,31.0,15000.0,2020-09-18,No
CUST-04948,Female,1,Yes,11,DSL,Two year,Credit card,58.16,632.28,0.0,,33913.0,2023-12-31,No
CUST-04949,Male,0,Yes,13,Fiber optic,Month-to-month,Credit card,104.51,1363.08,0.0,36.0,43527.0,2021-02-25,No
CUST-04950,Male,0,Yes,19,Fiber optic,Month-to-month,Bank transfer,59.55,1111.82,2.0,48.0,106977.0,2018-02-09,Yes
CUST-04951,Female,0,No,72,No,Month-to-month,Electronic check,66.44,4755.95,1.0,45.0,82510.0,2024-02-27,No
CUST-04952,Male,0,No,2,No,Month-to-month,Mailed check,56.55,20.58,0.0,59.0,56187.0,2018-01-29,No
CUST-04953,Female,0,No,0,Fiber optic,Two year,Electronic check,56.76,0.0,2.0,53.0,28741.0,2021-06-09,No
CUST-04954,Female,0,Yes,22,DSL,One year,Bank transfer,76.12,1710.4,2.0,55.0,27543.0,2022-01-24,No
CUST-04955,Female,1,No,71,DSL,Two year,Bank transfer,81.59,5835.4,1.0,46.0,57095.0,2023-09-27,No
CUST-04956,Male,0,Yes,72,Fiber optic,Two year,Credit card,45.7,3266.84,1.0,22.0,,2022-05-11,No
CUST-04957,Male,0,Yes,15,DSL,One year,Credit card,42.02,695.27,1.0,39.0,62014.0,2023-03-16,Yes
CUST-04958,Male,0,No,15,No,One year,Electronic check,46.73,699.51,0.0,56.0,26350.0,2022-12-09,No
CUST-04959,Female,0,Yes,24,Fiber optic,Two year,Electronic check,22.96,484.15,2.0,41.0,72431.0,2019-05-16,No
CUST-04960,Male,1,Yes,19,No,One year,Credit card,18.0,259.38,4.0,49.0,63294.0,2022-06-30,Yes
CUST-04961,Male,0,Yes,24,DSL,Month-to-month,Credit card,73.92,1834.99,3.0,37.0,25786.0,2022-02-02,No
CUST-04962,Male,1,No,49,DSL,One year,Mailed check,93.16,4546.19,0.0,27.0,30619.0,2019-07-26,No
CUST-04963,Female,0,Yes,32,Fiber optic,One year,Mailed check,91.13,2855.46,1.0,40.0,74094.0,2018-10-28,No
CUST-04964,Female,0,Yes,16,No,Two year,Bank transfer,18.0,175.04,2.0,46.0,42586.0,2022-10-28,No
CUST-04965,Male,0,Yes,14,Fiber optic,One year,Bank transfer,57.65,787.31,2.0,32.0,127196.0,2024-03-25,No
CUST-04966,Male,0,Yes,24,No,Month-to-month,Electronic check,31.94,786.8,2.0,38.0,66216.0,2022-09-27,No
CUST-04967,Female,0,No,14,Fiber optic,Month-to-month,Mailed check,69.31,935.46,2.0,28.0,36607.0,2022-10-22,No
CUST-04968,Male,0,No,14,No,Two year,Bank transfer,52.47,681.92,2.0,57.0,48721.0,2019-01-26,No
CUST-04969,Male,0,Yes,0,DSL,Two year,Electronic check,82.76,0.0,2.0,37.0,50920.0,2019-08-02,No
CUST-04970,Male,0,No,4,Fiber optic,One year,Credit card,64.43,319.88,1.0,62.0,31664.0,2021-10-04,No
CUST-04971,Male,0,Yes,16,DSL,Month-to-month,Electronic check,18.0,218.35,2.0,63.0,28351.0,2018-03-15,No
CUST-04972,Male,0,Yes,41,DSL,Month-to-month,Bank transfer,35.99,1443.5,3.0,40.0,74670.0,2022-04-14,No
CUST-04973,Female,0,Yes,7,Fiber optic,Month-to-month,Bank transfer,65.17,516.73,2.0,27.0,81402.0,2018-12-06,No
CUST-04974,Female,1,Yes,17,DSL,Two year,Mailed check,67.7,1175.61,1.0,18.0,70422.0,2020-08-26,No
CUST-04975,Male,0,No,10,Fiber optic,Two year,Electronic check,22.83,237.26,,21.0,121684.0,2020-01-21,No
CUST-04976,Female,0,Yes,2,Fiber optic,Two year,Bank transfer,18.91,5.4,4.0,22.0,35416.0,2018-09-07,No
CUST-04977,Female,0,No,72,Fiber optic,One year,Electronic check,66.69,4803.21,1.0,61.0,133861.0,2021-09-18,Yes
CUST-04978,Male,0,No,46,No,Two year,Mailed check,22.89,1026.05,1.0,43.0,28551.0,2020-04-26,No
CUST-04979,Male,0,Yes,1,No,Month-to-month,Electronic check,18.0,0.0,1.0,47.0,26699.0,2018-04-14,Yes
CUST-04980,Male,0,Yes,30,No,Month-to-month,Electronic check,51.65,1495.5,3.0,18.0,17052.0,2020-11-07,No
CUST-04981,Female,0,Yes,10,Fiber optic,Two year,Credit card,50.35,542.7,2.0,25.0,37516.0,2021-10-14,No
CUST-04982,Male,0,Yes,72,Fiber optic,Month-to-month,Bank transfer,38.65,2779.78,2.0,54.0,36234.0,2018-11-02,No
CUST-04983,Male,0,No,8,DSL,One year,Electronic check,43.89,366.85,2.0,46.0,67208.0,2021-10-02,Yes
CUST-04984,Female,1,No,6,DSL,One year,Credit card,65.42,400.1,3.0,39.0,56745.0,2019-12-09,No
CUST-04985,Female,0,No,20,Fiber optic,Month-to-month,Electronic check,43.4,890.05,1.0,49.0,23961.0,2019-09-01,No
CUST-04986,Male,0,Yes,43,Fiber optic,Month-to-month,Electronic check,67.12,2873.42,0.0,64.0,38729.0,2023-02-07,No
CUST-04987,Female,0,Yes,5,Fiber optic,Month-to-month,Electronic check,53.59,243.87,1.0,38.0,39227.0,2020-12-31,No
CUST-04988,Female,1,No,29,Fiber optic,One year,Bank transfer,70.03,1990.11,3.0,42.0,16888.0,2020-06-04,No
CUST-04989,Female,0,No,1,DSL,Month-to-month,Bank transfer,91.35,20.65,1.0,44.0,27212.0,2023-03-20,Yes
CUST-04990,Male,0,No,60,Fiber optic,Month-to-month,Electronic check,90.18,5354.7,3.0,75.0,30869.0,2023-11-03,No
CUST-04991,Female,1,Yes,2,Fiber optic,One year,Electronic check,103.65,189.03,2.0,18.0,115864.0,2020-01-09,Yes
CUST-04992,Male,0,Yes,58,Fiber optic,Month-to-month,Mailed check,90.14,5147.97,3.0,51.0,54988.0,2018-04-29,No
CUST-04993,Female,1,No,16,Fiber optic,Month-to-month,Bank transfer,72.16,1085.45,4.0,40.0,72933.0,2021-06-20,No
CUST-04994,Male,1,Yes,14,DSL,Month-to-month,Credit card,52.0,780.11,0.0,49.0,19946.0,2022-08-03,Yes
CUST-04995,Male,0,Yes,72,No,Month-to-month,Mailed check,53.37,3853.85,1.0,32.0,100360.0,2021-10-09,No
CUST-04996,Male,1,No,72,DSL,One year,Bank transfer,38.67,2761.65,1.0,41.0,107008.0,2022-06-01,No
CUST-04997,Female,0,Yes,25,Fiber optic,Two year,Bank transfer,65.14,1742.08,2.0,51.0,15000.0,2022-02-24,No
CUST-04998,Female,0,Yes,3,No,Month-to-month,Bank transfer,85.92,175.35,1.0,85.0,32106.0,2024-02-18,Yes
CUST-04999,Male,0,Yes,16,DSL,Two year,Mailed check,,740.46,1.0,53.0,66003.0,2023-07-22,No
CUST-05000,Female,1,No,18,Fiber optic,Month-to-month,Electronic check,63.88,1144.27,4.0,30.0,72159.0,2018-11-05,No
CUST-05001,Female,0,No,11,Fiber optic,Two year,Credit card,63.42,740.05,4.0,19.0,22316.0,2023-04-12,No
CUST-05002,Male,0,No,23,DSL,Month-to-month,Mailed check,46.17,1051.25,3.0,49.0,44694.0,2022-01-26,No
CUST-05003,Female,1,No,25,DSL,One year,Mailed check,33.12,923.52,0.0,57.0,31779.0,2019-08-13,No
CUST-05004,Male,0,Yes,72,DSL,Month-to-month,Electronic check,73.09,5241.31,1.0,72.0,32526.0,2018-05-12,No
CUST-05005,Female,1,No,5,No,One year,Electronic check,69.67,375.89,3.0,57.0,161051.0,2020-01-15,Yes
CUST-05006,Female,0,No,18,Fiber optic,Month-to-month,Electronic check,87.74,1468.79,0.0,64.0,59257.0,2022-07-03,No
CUST-05007,Male,0,No,72,DSL,Month-to-month,Mailed check,74.8,5390.28,4.0,,42619.0,2021-05-27,Yes
CUST-05008,Male,0,No,17,DSL,One year,Mailed check,54.98,947.88,5.0,51.0,51659.0,2021-07-19,No
CUST-05009,Male,1,Yes,4,Fiber optic,Month-to-month,Electronic check,87.99,391.18,1.0,62.0,106346.0,2018-10-08,No
CUST-05010,Male,0,No,27,DSL,Month-to-month,Electronic check,79.61,2143.37,1.0,43.0,32015.0,2019-03-23,Yes
CUST-05011,Female,0,No,72,DSL,Month-to-month,Electronic check,82.05,5928.59,2.0,25.0,133130.0,2021-03-27,No
CUST-05012,Female,0,Yes,23,No,One year,Bank transfer,33.47,799.9,1.0,38.0,53425.0,2023-01-12,No
CUST-05013,Male,0,No,8,No,Month-to-month,Electronic check,37.91,306.7,2.0,36.0,34204.0,2021-02-03,Yes
CUST-05014,Male,0,No,72,No,Month-to-month,Electronic check,72.82,5282.96,0.0,35.0,44068.0,2024-04-05,Yes
CUST-05015,Male,0,No,28,DSL,One year,Electronic check,41.82,1125.44,6.0,48.0,22297.0,2018-02-22,No
CUST-05016,Male,0,Yes,69,DSL,Two year,Credit card,18.0,1299.72,1.0,40.0,46844.0,2018-09-29,No
CUST-05017,Male,0,No,22,Fiber optic,One year,Electronic check,99.53,2208.67,1.0,61.0,60867.0,2022-05-26,No
CUST-05018,Female,1,Yes,17,No,Month-to-month,Electronic check,87.92,1434.79,2.0,44.0,16188.0,2023-12-05,Yes
CUST-05019,Female,0,Yes,17,DSL,Month-to-month,Electronic check,18.0,331.47,0.0,53.0,26928.0,2021-02-23,No
CUST-05020,Male,0,No,31,Fiber optic,Month-to-month,Bank transfer,18.0,568.53,1.0,50.0,68793.0,2021-11-25,No
CUST-05021,Male,0,Yes,72,Fiber optic,Two year,Electronic check,75.63,5440.79,1.0,30.0,53170.0,2020-12-17,No
CUST-05022,Male,0,No,0,Fiber optic,Month-to-month,Bank transfer,102.66,56.62,2.0,65.0,30570.0,2023-06-13,No
CUST-05023,Male,0,Yes,44,No,One year,Electronic check,31.62,1405.61,1.0,28.0,55643.0,2023-05-31,No
CUST-05024,Male,0,Yes,26,Fiber optic,One year,Bank transfer,36.25,849.92,2.0,26.0,,2023-03-28,No
CUST-05025,Male,0,Yes,20,Fiber optic,Month-to-month,Electronic check,59.69,,3.0,23.0,57382.0,2023-01-05,Yes
CUST-05026,Female,0,Yes,34,Fiber optic,Month-to-month,Bank transfer,106.46,3573.5,0.0,41.0,110139.0,2021-07-23,Yes
CUST-05027,Male,0,Yes,23,DSL,Month-to-month,Bank transfer,120.0,2777.41,,24.0,31347.0,2022-06-18,Yes
CUST-05028,Female,0,No,37,Fiber optic,Month-to-month,Electronic check,75.91,2788.57,1.0,37.0,62574.0,2021-09-09,No
CUST-05029,Male,0,No,48,No,Month-to-month,Bank transfer,86.1,,2.0,55.0,101062.0,2021-05-30,No
CUST-05030,Male,0,Yes,7,Fiber optic,One year,Mailed check,47.68,360.07,0.0,36.0,72354.0,2020-07-25,No
CUST-05031,Female,0,No,11,No,One year,Bank transfer,28.7,323.23,3.0,40.0,141179.0,2020-09-28,No
CUST-05032,Female,0,Yes,4,DSL,Two year,Electronic check,30.59,181.86,2.0,37.0,127143.0,2018-01-01,No
CUST-05033,Male,0,Yes,25,DSL,Month-to-month,Electronic check,23.46,564.08,1.0,28.0,38597.0,2023-02-16,No
CUST-05034,Female,0,Yes,63,No,Two year,Bank transfer,75.75,4728.08,1.0,42.0,118784.0,2022-03-21,No
CUST-05035,Female,0,No,21,DSL,Month-to-month,Credit card,48.67,1084.96,4.0,29.0,20621.0,2020-01-21,No
CUST-05036,Male,0,Yes,11,DSL,Two year,Electronic check,61.61,647.0,0.0,46.0,21161.0,2022-12-28,No
CUST-05037,Female,0,Yes,12,DSL,Month-to-month,Electronic check,120.0,,3.0,37.0,50665.0,2023-12-01,No
CUST-05038,Male,0,No,20,Fiber optic,One year,Credit card,120.0,2361.89,1.0,19.0,38886.0,2018-09-13,No
CUST-05039,Female,0,No,26,DSL,Two year,Electronic check,93.1,2430.43,1.0,24.0,66842.0,2022-05-17,No
CUST-05040,Male,0,No,14,Fiber optic,Month-to-month,Electronic check,95.04,1347.89,2.0,31.0,70782.0,2022-03-15,Yes
CUST-05041,Male,0,No,57,DSL,Month-to-month,Bank transfer,44.36,2461.56,1.0,35.0,82480.0,2023-03-17,No
CUST-05042,Male,0,Yes,10,No,Two year,Credit card,66.47,612.75,2.0,59.0,26893.0,2019-07-13,No
CUST-05043,Female,0,No,53,Fiber optic,One year,Electronic check,94.02,4880.78,0.0,,42079.0,2022-11-28,No
CUST-05044,Male,0,Yes,21,Fiber optic,Month-to-month,Mailed check,98.13,2122.16,2.0,63.0,30385.0,2020-01-13,Yes
CUST-05045,Female,0,Yes,6,DSL,Two year,Electronic check,89.88,648.82,0.0,38.0,24822.0,2020-03-30,No
CUST-05046,Female,0,No,4,Fiber optic,Month-to-month,Electronic check,36.69,191.65,1.0,42.0,24461.0,2020-07-28,Yes
CUST-05047,Female,1,Yes,4,DSL,Month-to-month,Bank transfer,51.8,238.91,1.0,26.0,48967.0,2023-06-05,Yes
CUST-05048,Male,0,No,46,Fiber optic,One year,Electronic check,64.75,3075.26,5.0,60.0,39035.0,2024-04-08,No
CUST-05049,Male,0,No,8,Fiber optic,Month-to-month,Mailed check,107.99,899.56,1.0,21.0,231594.0,2019-02-11,No
CUST-05050,Female,0,Yes,31,DSL,One year,Bank transfer,110.37,3397.58,0.0,48.0,26466.0,2021-09-21,No
CUST-05051,Female,1,Yes,34,DSL,One year,Bank transfer,78.42,2655.32,0.0,26.0,99404.0,2021-09-22,No
CUST-05052,Male,0,No,72,Fiber optic,Two year,Bank transfer,92.52,6739.49,3.0,64.0,75716.0,2020-03-25,Yes
CUST-05053,Male,0,Yes,25,DSL,Month-to-month,Mailed check,105.6,2647.96,1.0,45.0,70293.0,2024-03-06,No
CUST-05054,Female,0,No,72,DSL,Month-to-month,Mailed check,55.41,4026.51,3.0,22.0,44656.0,2022-01-26,No
CUST-05055,Male,0,Yes,15,DSL,One year,Bank transfer,84.95,1266.4,1.0,52.0,21132.0,2018-10-22,No
CUST-05056,Male,0,No,38,Fiber optic,Month-to-month,Bank transfer,120.0,4600.89,3.0,58.0,15000.0,2022-09-04,Yes
CUST-05057,Female,0,No,72,Fiber optic,One year,Electronic check,66.69,4803.21,1.0,61.0,133861.0,2021-09-18,Yes
CUST-05058,Female,0,No,24,DSL,One year,Mailed check,26.32,700.13,0.0,42.0,,2022-12-08,No
CUST-05059,Female,0,Yes,30,No,Month-to-month,Mailed check,95.87,2836.74,2.0,28.0,36754.0,2018-03-15,No
CUST-05060,Female,0,No,12,DSL,Month-to-month,Bank transfer,39.52,523.79,1.0,41.0,59541.0,2020-01-29,No
CUST-05061,Female,0,Yes,6,DSL,Two year,Electronic check,89.88,648.82,0.0,38.0,24822.0,2020-03-30,No
CUST-05062,Male,0,No,16,Fiber optic,One year,Mailed check,75.6,1283.33,1.0,34.0,63898.0,2019-05-12,Yes
CUST-05063,Female,0,Yes,10,DSL,Month-to-month,Electronic check,37.45,339.82,3.0,30.0,123524.0,2022-02-14,No
CUST-05064,Female,0,No,21,No,Month-to-month,Credit card,28.13,622.26,3.0,41.0,117833.0,2020-12-26,No
CUST-05065,Male,0,Yes,20,No,Month-to-month,Bank transfer,54.3,1044.58,1.0,80.0,102166.0,2019-08-16,No
CUST-05066,Male,0,No,6,DSL,Two year,Credit card,64.91,334.61,1.0,39.0,27902.0,2018-03-29,No
CUST-05067,Male,0,Yes,72,Fiber optic,Month-to-month,Bank transfer,76.07,5454.06,1.0,36.0,65562.0,2023-10-02,No
CUST-05068,Female,0,No,6,DSL,Month-to-month,Electronic check,49.57,254.59,1.0,47.0,28758.0,2023-01-12,No
CUST-05069,Male,0,No,9,DSL,One year,Bank transfer,56.88,513.99,1.0,28.0,70653.0,2021-09-02,No
CUST-05070,Female,0,No,72,Fiber optic,Month-to-month,Mailed check,31.47,2239.22,1.0,34.0,19844.0,2022-11-05,No
CUST-05071,Male,0,Yes,72,Fiber optic,Month-to-month,Electronic check,18.67,1344.92,1.0,28.0,41522.0,2019-11-26,No
CUST-05072,Female,0,Yes,40,DSL,Two year,Bank transfer,47.34,1855.94,2.0,31.0,65362.0,2018-09-23,No
CUST-05073,Male,0,Yes,28,No,One year,Electronic check,36.88,926.21,0.0,45.0,22944.0,2023-07-31,No
CUST-05074,Male,0,No,12,DSL,Month-to-month,Credit card,115.58,1415.69,0.0,46.0,,2020-12-05,No
CUST-05075,Male,0,No,17,No,Month-to-month,Mailed check,43.24,676.74,4.0,31.0,69240.0,2018-12-31,No
CUST-05076,Female,0,No,13,DSL,One year,Electronic check,42.14,569.86,1.0,48.0,118405.0,2023-06-16,No
CUST-05077,Female,1,No,6,DSL,One year,Credit card,65.42,400.1,3.0,39.0,56745.0,2019-12-09,No
CUST-05078,Female,0,Yes,37,No,One year,Bank transfer,52.89,1796.97,1.0,23.0,33870.0,2023-10-04,No
CUST-05079,Male,0,Yes,15,No,Month-to-month,Credit card,95.06,1399.31,2.0,33.0,28201.0,2018-05-31,No
CUST-05080,Female,0,No,18,Fiber optic,One year,Bank transfer,77.41,1330.61,1.0,18.0,61050.0,2020-04-05,No
CUST-05081,Male,0,Yes,18,Fiber optic,Two year,Bank transfer,54.43,1008.69,4.0,48.0,73968.0,2023-12-29,No
CUST-05082,Female,0,Yes,6,DSL,Two year,Bank transfer,74.8,466.11,3.0,43.0,72147.0,2022-04-20,No
CUST-05083,Male,0,Yes,39,DSL,One year,Credit card,40.57,1584.96,2.0,39.0,48535.0,2020-05-11,No
CUST-05084,Male,0,No,4,Fiber optic,One year,Mailed check,102.76,430.63,4.0,24.0,53300.0,2022-12-31,No
CUST-05085,Male,0,No,51,Fiber optic,Month-to-month,Credit card,24.11,1194.1,1.0,80.0,49484.0,2024-05-08,No
CUST-05086,Male,0,Yes,0,DSL,Month-to-month,Bank transfer,106.24,0.0,2.0,30.0,45692.0,2021-08-05,Yes
CUST-05087,Male,0,No,24,Fiber optic,Two year,Mailed check,18.0,485.06,6.0,35.0,82116.0,2021-02-04,Yes
CUST-05088,Female,0,No,38,DSL,Month-to-month,Electronic check,26.97,967.13,0.0,45.0,40974.0,2021-06-12,No
CUST-05089,Male,0,No,22,Fiber optic,Month-to-month,Electronic check,46.48,931.79,3.0,40.0,44518.0,2022-06-22,Yes
CUST-05090,Female,0,Yes,3,Fiber optic,One year,Credit card,104.68,339.62,0.0,20.0,91791.0,2021-10-02,Yes
CUST-05091,Male,0,No,61,DSL,One year,Bank transfer,63.97,3914.02,1.0,31.0,45063.0,2022-06-22,No
CUST-05092,Female,0,No,20,No,Month-to-month,Mailed check,101.67,2026.29,3.0,45.0,19366.0,2018-07-18,No
CUST-05093,Male,0,No,2,DSL,Month-to-month,Electronic check,75.89,124.99,0.0,18.0,24181.0,2021-09-24,Yes
CUST-05094,Male,0,No,7,DSL,One year,Electronic check,18.0,159.51,1.0,33.0,56719.0,2022-12-18,No
CUST-05095,Male,0,Yes,45,Fiber optic,Two year,Bank transfer,102.39,4639.71,2.0,32.0,50768.0,2022-01-01,No
CUST-05096,Female,0,Yes,63,Fiber optic,Two year,Mailed check,80.62,5170.04,2.0,69.0,113329.0,2022-06-19,No
CUST-05097,Male,0,Yes,49,No,Two year,Mailed check,18.0,874.37,4.0,48.0,39277.0,2020-03-31,No
CUST-05098,Male,0,Yes,50,Fiber optic,Two year,Electronic check,60.84,3057.35,1.0,30.0,,2020-03-24,No
CUST-05099,Female,0,No,13,Fiber optic,One year,Credit card,111.92,1420.78,1.0,51.0,31910.0,2020-07-09,No
CUST-05100,Male,0,Yes,24,No,Month-to-month,Electronic check,31.94,786.8,2.0,38.0,66216.0,2022-09-27,No
CUST-05101,Male,0,Yes,13,DSL,Month-to-month,Electronic check,64.87,906.44,0.0,35.0,19577.0,2023-01-03,No
CUST-05102,Male,0,No,14,Fiber optic,Month-to-month,Electronic check,95.04,1347.89,2.0,31.0,70782.0,2022-03-15,Yes
CUST-05103,Female,1,No,66,Fiber optic,Two year,Electronic check,90.67,6032.56,1.0,39.0,30194.0,2020-09-17,No
CUST-05104,Male,0,No,8,DSL,One year,Electronic check,94.87,677.12,,18.0,59403.0,2020-03-06,No
CUST-05105,Female,0,Yes,2,Fiber optic,Two year,Bank transfer,18.91,5.4,4.0,22.0,35416.0,2018-09-07,No
CUST-05106,Female,1,No,13,No,Two year,Credit card,60.1,757.87,0.0,58.0,220415.0,2018-09-17,No
CUST-05107,Male,0,Yes,37,No,Month-to-month,Mailed check,18.0,,3.0,27.0,85455.0,2019-01-28,No
CUST-05108,Male,0,No,38,Fiber optic,Two year,Bank transfer,50.72,1908.4,1.0,24.0,31519.0,2021-02-27,No
CUST-05109,Female,0,No,67,Fiber optic,One year,Bank transfer,65.52,4359.65,2.0,18.0,133252.0,2024-01-19,No
CUST-05110,Female,0,Yes,31,DSL,Month-to-month,Bank transfer,64.28,1963.9,1.0,66.0,172757.0,2022-06-13,No
CUST-05111,Male,0,Yes,30,Fiber optic,Month-to-month,Mailed check,85.59,,,53.0,69379.0,2020-01-12,No
CUST-05112,Female,0,No,36,DSL,One year,Bank transfer,57.67,2010.89,2.0,58.0,185090.0,2024-02-01,No
CUST-05113,Male,0,No,1,Fiber optic,Two year,Electronic check,82.58,16.42,3.0,48.0,34252.0,2021-05-25,No
CUST-05114,Female,0,Yes,3,No,Two year,Credit card,79.11,215.29,0.0,41.0,46363.0,2024-04-02,No
CUST-05115,Male,1,Yes,42,Fiber optic,One year,Bank transfer,20.73,885.21,3.0,51.0,52162.0,2018-08-15,No
CUST-05116,Female,0,Yes,38,DSL,Month-to-month,Bank transfer,23.5,886.89,0.0,50.0,31494.0,2018-09-17,No
CUST-05117,Female,0,Yes,17,Fiber optic,One year,Bank transfer,66.99,1199.6,2.0,59.0,29357.0,2023-08-12,No
CUST-05118,Female,0,No,14,Fiber optic,Two year,Bank transfer,52.74,634.58,2.0,35.0,25379.0,2018-11-30,No
CUST-05119,Male,0,Yes,12,DSL,Month-to-month,Credit card,99.25,1269.94,1.0,49.0,67768.0,2019-12-26,No
CUST-05120,Male,1,No,4,Fiber optic,One year,Mailed check,82.02,274.69,1.0,50.0,39087.0,2022-11-02,Yes
CUST-05121,Female,0,Yes,11,DSL,Month-to-month,Credit card,18.0,208.51,0.0,51.0,33120.0,2023-08-30,No
CUST-05122,Female,0,No,36,No,Two year,Bank transfer,18.0,578.58,0.0,43.0,15000.0,2023-09-05,No
CUST-05123,Male,1,No,0,DSL,Month-to-month,Bank transfer,53.18,0.0,1.0,54.0,53652.0,2020-09-28,No
CUST-05124,Male,0,No,11,Fiber optic,Two year,Bank transfer,85.61,963.76,1.0,35.0,125631.0,2018-01-08,Yes
CUST-05125,Male,0,No,17,No,Month-to-month,Bank transfer,44.83,807.98,0.0,34.0,40726.0,2019-04-07,Yes
CUST-05126,Female,0,No,5,Fiber optic,Month-to-month,Electronic check,93.99,453.58,0.0,54.0,32594.0,2019-10-11,No
CUST-05127,Male,1,No,16,No,One year,Bank transfer,33.08,534.23,1.0,50.0,22099.0,2021-09-08,No
CUST-05128,Male,0,Yes,22,DSL,One year,Mailed check,63.19,1393.24,4.0,43.0,88029.0,2022-05-09,No
CUST-05129,Male,0,No,34,No,Month-to-month,Electronic check,22.98,760.3,2.0,35.0,32486.0,2022-03-26,No
CUST-05130,Female,0,Yes,22,Fiber optic,One year,Bank transfer,80.81,1734.31,2.0,48.0,93967.0,2021-08-15,No
CUST-05131,Male,0,Yes,17,No,Month-to-month,Electronic check,61.19,1021.47,0.0,52.0,164975.0,2022-07-29,No
CUST-05132,Female,1,No,28,No,Two year,Electronic check,64.78,1843.67,1.0,39.0,77690.0,2018-02-12,No
CUST-05133,Female,0,Yes,4,DSL,One year,Credit card,79.13,328.41,4.0,41.0,20076.0,2024-02-03,Yes
CUST-05134,Male,0,No,4,Fiber optic,One year,Electronic check,46.2,228.81,2.0,41.0,33525.0,2019-09-05,No
CUST-05135,Female,0,No,30,No,Two year,Mailed check,63.66,1942.07,1.0,34.0,150458.0,2019-06-17,No
CUST-05136,Male,0,Yes,45,Fiber optic,Month-to-month,Credit card,45.0,2076.27,2.0,34.0,29346.0,2020-12-29,No
CUST-05137,Female,1,Yes,7,Fiber optic,One year,Credit card,97.64,721.26,1.0,52.0,76167.0,2018-01-17,Yes
CUST-05138,Male,0,No,14,Fiber optic,Month-to-month,Bank transfer,105.28,1467.53,0.0,48.0,45548.0,2023-02-17,No
CUST-05139,Male,0,Yes,0,Fiber optic,Two year,Credit card,39.91,2.72,0.0,50.0,23884.0,2020-12-27,No
CUST-05140,Male,0,Yes,13,No,Month-to-month,Credit card,65.48,768.07,2.0,73.0,61986.0,2023-03-01,No
CUST-05141,Female,0,Yes,6,No,Month-to-month,Bank transfer,74.24,445.81,1.0,74.0,84637.0,2021-04-09,Yes
CUST-05142,Female,0,No,17,Fiber optic,Month-to-month,Bank transfer,60.84,937.35,1.0,53.0,73977.0,2019-04-12,No
CUST-05143,Female,1,Yes,8,No,One year,Mailed check,18.0,162.72,1.0,32.0,48377.0,2022-12-23,No
CUST-05144,Male,1,Yes,16,Fiber optic,Two year,Electronic check,72.49,1204.51,2.0,26.0,20008.0,2022-05-06,No
CUST-05145,Female,0,No,19,No,Two year,Credit card,59.61,1077.5,1.0,57.0,67271.0,2019-10-14,No
CUST-05146,Female,0,No,29,Fiber optic,Month-to-month,Bank transfer,70.82,2055.66,2.0,49.0,74554.0,2020-08-04,Yes
CUST-05147,Female,0,No,3,DSL,Month-to-month,Credit card,78.65,232.1,2.0,18.0,85545.0,2022-11-19,Yes
CUST-05148,Male,0,No,3,No,One year,Bank transfer,43.47,126.69,1.0,18.0,82334.0,2022-05-28,No
CUST-05149,Male,0,No,72,No,Two year,Bank transfer,78.18,5686.22,1.0,54.0,54485.0,2021-03-02,No
CUST-05150,Female,0,Yes,38,Fiber optic,One year,Electronic check,65.13,2520.33,0.0,56.0,64021.0,2019-05-18,No
CUST-05151,Female,0,No,0,DSL,One year,Electronic check,41.89,0.0,1.0,41.0,53550.0,2023-05-29,Yes
CUST-05152,Male,0,No,13,No,Month-to-month,Bank transfer,31.64,355.28,2.0,41.0,98086.0,2024-05-15,No
CUST-05153,Female,0,No,26,No,Month-to-month,Electronic check,55.43,1397.3,2.0,41.0,70665.0,2024-02-27,No
CUST-05154,Female,0,Yes,72,DSL,One year,Electronic check,102.1,7251.25,1.0,49.0,239236.0,2024-02-13,No
CUST-05155,Female,0,Yes,8,No,Month-to-month,Mailed check,54.65,461.25,3.0,60.0,63676.0,2021-08-22,No
CUST-05156,Female,0,Yes,14,Fiber optic,Two year,Bank transfer,120.0,1781.06,0.0,46.0,94251.0,2023-09-08,No
CUST-05157,Female,0,Yes,1,DSL,Two year,Credit card,69.18,,0.0,58.0,52506.0,2023-02-07,No
CUST-05158,Male,0,Yes,6,Fiber optic,Month-to-month,Electronic check,32.0,197.71,2.0,53.0,43776.0,2023-02-18,Yes
CUST-05159,Female,0,No,9,Fiber optic,Month-to-month,Bank transfer,64.65,593.18,1.0,43.0,66835.0,2021-10-23,No
CUST-05160,Female,0,Yes,23,No,One year,Electronic check,120.0,2785.52,2.0,46.0,35346.0,2020-05-11,No
CUST-05161,Male,0,No,0,Fiber optic,Month-to-month,Bank transfer,81.76,23.84,2.0,50.0,75168.0,2021-06-16,No
CUST-05162,Male,0,Yes,37,Fiber optic,One year,Bank transfer,44.92,,1.0,21.0,53184.0,2018-04-06,No
CUST-05163,Female,0,No,19,No,Month-to-month,Bank transfer,52.37,983.34,1.0,45.0,35684.0,2020-05-29,No
CUST-05164,Female,1,No,0,No,Month-to-month,Electronic check,88.5,0.0,2.0,35.0,20680.0,2023-12-07,No
CUST-05165,Male,0,No,32,DSL,One year,Credit card,64.89,2025.9,2.0,67.0,31144.0,2020-10-25,No
CUST-05166,Female,1,No,12,DSL,One year,Mailed check,31.34,,0.0,66.0,23998.0,2021-04-10,No
CUST-05167,Female,0,Yes,23,Fiber optic,One year,Bank transfer,120.0,2672.97,2.0,49.0,26488.0,2022-08-19,No
CUST-05168,Female,0,No,25,No,One year,Electronic check,51.67,1248.45,2.0,50.0,58461.0,2022-02-22,No
CUST-05169,Male,0,Yes,29,No,One year,Credit card,100.61,,1.0,18.0,15147.0,2020-05-07,No
CUST-05170,Male,0,No,10,DSL,Month-to-month,Mailed check,36.68,354.09,1.0,20.0,24381.0,2021-11-11,No
CUST-05171,Male,0,Yes,51,Fiber optic,Two year,Electronic check,36.13,1806.22,0.0,31.0,125010.0,2019-01-05,No
CUST-05172,Female,0,Yes,42,Fiber optic,Month-to-month,Credit card,111.54,4659.01,1.0,42.0,46111.0,2023-07-21,No
CUST-05173,Male,0,No,8,No,Month-to-month,Mailed check,34.16,251.03,1.0,35.0,17097.0,2020-09-29,Yes
CUST-05174,Male,0,Yes,68,Fiber optic,Two year,Electronic check,103.27,7068.05,4.0,46.0,51383.0,2020-09-14,Yes
CUST-05175,Male,0,Yes,3,Fiber optic,One year,Bank transfer,64.87,212.11,0.0,33.0,15000.0,2019-03-15,No
CUST-05176,Male,0,Yes,32,Fiber optic,Month-to-month,Credit card,58.47,,0.0,32.0,68479.0,2020-03-26,No
CUST-05177,Male,0,No,48,DSL,Month-to-month,Bank transfer,,3372.29,1.0,35.0,116443.0,2019-12-23,No
CUST-05178,Female,1,No,20,DSL,Two year,Bank transfer,46.37,957.12,1.0,41.0,42285.0,2022-09-29,No
CUST-05179,Male,0,Yes,2,Fiber optic,Month-to-month,Bank transfer,101.02,194.27,2.0,24.0,54680.0,2022-05-18,No
CUST-05180,Female,0,No,3,No,Month-to-month,Bank transfer,61.63,125.31,1.0,64.0,85959.0,2019-04-03,No
CUST-05181,Male,0,Yes,10,Fiber optic,Month-to-month,Mailed check,23.35,354.63,0.0,38.0,47726.0,2020-05-10,No
CUST-05182,Male,1,No,3,Fiber optic,Month-to-month,Bank transfer,88.65,,1.0,44.0,24485.0,2018-04-07,No
CUST-05183,Male,0,No,23,Fiber optic,Two year,Electronic check,96.65,2169.73,3.0,42.0,93237.0,2023-01-01,No
CUST-05184,Male,0,No,10,DSL,Month-to-month,Mailed check,36.68,354.09,1.0,20.0,24381.0,2021-11-11,No
CUST-05185,Male,0,Yes,13,No,Month-to-month,Mailed check,31.67,343.76,2.0,39.0,50971.0,2022-02-25,Yes
CUST-05186,Male,0,No,7,DSL,Month-to-month,Electronic check,58.95,489.72,1.0,39.0,71168.0,2020-07-25,Yes
CUST-05187,Male,0,Yes,17,DSL,One year,Electronic check,70.08,1239.76,0.0,40.0,91336.0,2020-08-12,Yes
CUST-05188,Female,0,No,23,No,Month-to-month,Bank transfer,22.75,524.93,1.0,50.0,15000.0,2019-01-03,Yes
CUST-05189,Male,0,No,6,DSL,Month-to-month,Mailed check,87.57,649.17,3.0,47.0,26506.0,2019-07-26,No
CUST-05190,Female,0,No,12,No,Month-to-month,Electronic check,66.13,774.01,1.0,31.0,38565.0,2022-06-25,Yes
CUST-05191,Female,0,Yes,20,DSL,One year,Credit card,82.51,1639.87,1.0,48.0,132954.0,2023-06-23,No
CUST-05192,Male,0,No,21,DSL,Month-to-month,Electronic check,120.0,2515.16,2.0,38.0,57451.0,2019-02-04,Yes
CUST-05193,Female,0,Yes,43,Fiber optic,Month-to-month,Electronic check,45.53,1922.15,0.0,51.0,35741.0,2019-02-11,No
CUST-05194,Male,0,Yes,72,Fiber optic,Month-to-month,Mailed check,76.03,5410.37,1.0,45.0,39812.0,2022-01-24,Yes
CUST-05195,Female,0,No,12,Fiber optic,Month-to-month,Bank transfer,89.27,1139.86,3.0,24.0,71527.0,2021-01-30,No
CUST-05196,Male,0,Yes,72,DSL,Two year,Credit card,54.83,3935.7,0.0,41.0,98120.0,2021-03-12,No
CUST-05197,Female,0,Yes,18,DSL,Month-to-month,Credit card,26.43,414.28,1.0,32.0,35868.0,2023-03-10,Yes
CUST-05198,Male,0,No,45,DSL,Month-to-month,Mailed check,60.22,2674.06,1.0,28.0,24569.0,2018-03-07,No
CUST-05199,Male,0,No,35,Fiber optic,Month-to-month,Bank transfer,120.0,4222.53,3.0,30.0,63776.0,2021-03-07,No
CUST-05200,Female,0,Yes,9,Fiber optic,Month-to-month,Bank transfer,65.56,574.37,0.0,56.0,107969.0,2018-02-14,No
CUST-05201,Male,0,No,53,Fiber optic,One year,Credit card,81.54,4274.95,3.0,50.0,104643.0,2018-02-24,Yes
CUST-05202,Female,0,Yes,9,No,Two year,Bank transfer,93.12,774.76,2.0,30.0,125924.0,2019-12-21,No
CUST-05203,Female,0,No,17,Fiber optic,One year,Mailed check,69.44,1186.61,1.0,34.0,192192.0,2021-06-06,No
CUST-05204,Male,0,Yes,10,DSL,Month-to-month,Mailed check,56.57,548.08,0.0,32.0,31469.0,2022-09-27,No
CUST-05205,Female,0,Yes,18,DSL,Two year,Credit card,46.74,886.46,2.0,22.0,107545.0,2024-01-30,No
CUST-05206,Female,0,No,39,DSL,One year,Bank transfer,53.86,2134.02,2.0,67.0,26476.0,2020-05-31,No
CUST-05207,Male,1,No,61,Fiber optic,One year,Bank transfer,80.39,4907.71,3.0,,55211.0,2018-09-23,Yes
CUST-05208,Male,0,Yes,38,DSL,One year,Mailed check,114.56,,3.0,44.0,40180.0,2023-12-10,No
CUST-05209,Male,0,Yes,24,Fiber optic,Two year,Bank transfer,43.29,1050.68,2.0,42.0,61858.0,2018-03-09,No
CUST-05210,Female,0,Yes,32,Fiber optic,Month-to-month,Electronic check,24.27,848.19,2.0,64.0,74560.0,2018-06-01,No
CUST-05211,Female,0,Yes,16,No,Two year,Bank transfer,24.91,348.15,1.0,49.0,52799.0,2018-12-04,No
CUST-05212,Male,0,Yes,20,Fiber optic,Month-to-month,Bank transfer,28.87,600.56,3.0,51.0,87754.0,2019-11-20,No
CUST-05213,Male,1,No,18,DSL,Month-to-month,Credit card,78.1,1335.16,1.0,22.0,44104.0,2022-09-22,No
CUST-05214,Female,1,Yes,43,Fiber optic,Month-to-month,Mailed check,66.91,2884.5,2.0,59.0,41760.0,2020-08-11,No
CUST-05215,Male,0,Yes,27,Fiber optic,One year,Mailed check,47.83,1316.71,3.0,33.0,27903.0,2018-04-24,No
CUST-05216,Female,0,No,2,No,Month-to-month,Electronic check,66.0,107.07,2.0,55.0,31279.0,2021-03-16,Yes
CUST-05217,Male,0,No,12,Fiber optic,Month-to-month,Electronic check,31.22,398.99,1.0,31.0,30551.0,2018-10-13,No
CUST-05218,Female,0,Yes,25,Fiber optic,Month-to-month,Electronic check,69.82,1800.76,2.0,28.0,42294.0,2023-09-29,No
CUST-05219,Male,0,No,22,Fiber optic,Two year,Mailed check,96.41,2136.17,1.0,28.0,35991.0,2021-08-23,No
CUST-05220,Female,0,No,36,Fiber optic,One year,Electronic check,89.7,3148.56,0.0,35.0,29714.0,2022-01-15,Yes
CUST-05221,Female,0,Yes,19,DSL,One year,Mailed check,18.0,294.31,1.0,31.0,20592.0,2021-04-19,No
CUST-05222,Female,1,No,31,Fiber optic,One year,Credit card,48.38,1543.79,1.0,40.0,59980.0,2023-08-30,No
CUST-05223,Female,0,No,17,,Two year,Bank transfer,81.17,1420.26,1.0,58.0,19577.0,2021-12-07,No
CUST-05224,Male,0,No,72,DSL,One year,Electronic check,60.95,4396.93,3.0,37.0,92827.0,2018-12-17,No
CUST-05225,Female,0,Yes,22,Fiber optic,One year,Bank transfer,89.55,2051.66,1.0,45.0,112914.0,2022-11-07,No
CUST-05226,Male,1,Yes,25,DSL,One year,Electronic check,88.04,2272.6,1.0,42.0,41860.0,2019-12-19,Yes
CUST-05227,Female,0,Yes,23,Fiber optic,Month-to-month,Mailed check,98.1,2250.61,3.0,28.0,97345.0,2020-10-24,No
CUST-05228,Male,0,Yes,11,Fiber optic,Month-to-month,Electronic check,36.83,430.86,3.0,47.0,55325.0,2023-01-29,No
CUST-05229,Male,0,No,50,Fiber optic,One year,Mailed check,114.15,5783.99,,55.0,65831.0,2021-04-25,No
CUST-05230,Female,0,No,40,Fiber optic,Month-to-month,Electronic check,82.29,3294.39,1.0,18.0,15000.0,2021-01-15,Yes
CUST-05231,Male,0,No,59,Fiber optic,Month-to-month,Bank transfer,81.81,4793.82,2.0,44.0,38936.0,2019-12-08,Yes
CUST-05232,Male,0,Yes,9,DSL,One year,Electronic check,94.84,,1.0,24.0,68589.0,2021-12-28,No
CUST-05233,Female,1,Yes,32,No,Month-to-month,Credit card,18.0,659.74,0.0,42.0,33847.0,2020-06-24,No
CUST-05234,Female,0,No,12,DSL,One year,Electronic check,77.52,912.9,2.0,18.0,51326.0,2023-07-20,No
CUST-05235,Female,0,Yes,42,DSL,One year,Mailed check,105.63,4352.25,0.0,49.0,54640.0,2021-06-26,No
CUST-05236,Female,0,No,31,No,One year,Electronic check,84.18,2662.67,3.0,22.0,26886.0,2018-12-28,Yes
CUST-05237,Female,0,No,72,Fiber optic,One year,Credit card,65.34,4738.31,0.0,36.0,37271.0,2020-12-18,Yes
CUST-05238,Male,0,Yes,3,Fiber optic,Month-to-month,Electronic check,111.88,267.68,2.0,44.0,61563.0,2021-03-08,Yes
CUST-05239,Male,0,Yes,23,No,One year,Bank transfer,47.29,1096.72,1.0,26.0,57719.0,2023-11-12,No
CUST-05240,Male,1,No,3,Fiber optic,Month-to-month,Credit card,47.62,219.49,1.0,67.0,53305.0,2019-12-01,Yes
CUST-05241,Female,0,Yes,64,Fiber optic,Month-to-month,Credit card,90.49,5817.17,2.0,51.0,104940.0,2021-01-19,No
CUST-05242,Female,1,No,13,DSL,One year,Credit card,18.0,166.54,1.0,39.0,71069.0,2023-02-14,No
CUST-05243,Female,0,No,38,DSL,One year,Credit card,64.0,2453.57,2.0,46.0,31590.0,2023-10-29,No
CUST-05244,Female,1,Yes,7,DSL,Month-to-month,Credit card,59.86,409.8,1.0,51.0,36253.0,2023-03-13,No
CUST-05245,Female,0,No,19,Fiber optic,Month-to-month,Electronic check,58.27,1120.39,1.0,32.0,60174.0,2019-03-28,No
CUST-05246,Female,1,No,9,Fiber optic,Two year,Mailed check,66.3,641.35,0.0,38.0,57443.0,2019-08-03,No
CUST-05247,Female,0,No,0,No,Month-to-month,Electronic check,18.0,65.66,0.0,46.0,74286.0,2021-06-09,Yes
CUST-05248,Male,0,No,72,No,One year,Bank transfer,22.91,1664.81,2.0,30.0,37588.0,2022-09-28,No
CUST-05249,Female,0,Yes,11,No,Two year,Bank transfer,97.09,1113.03,1.0,44.0,79024.0,2019-12-28,No
CUST-05250,Female,0,Yes,30,Fiber optic,Two year,Mailed check,48.76,1449.79,1.0,31.0,15000.0,2020-09-18,No
CUST-05251,Female,0,No,6,DSL,Two year,Mailed check,85.13,468.72,3.0,58.0,50137.0,2018-03-11,No
CUST-05252,Female,0,Yes,23,Fiber optic,Month-to-month,Mailed check,27.72,635.68,0.0,45.0,82757.0,2019-08-17,Yes
CUST-05253,Female,0,No,6,DSL,One year,Mailed check,20.81,149.85,0.0,,144062.0,2022-01-14,Yes
CUST-05254,Male,1,Yes,5,Fiber optic,One year,Bank transfer,120.0,612.11,3.0,48.0,282350.0,2019-10-31,Yes
CUST-05255,Female,0,Yes,8,Fiber optic,One year,Electronic check,48.35,377.42,0.0,37.0,36660.0,2022-12-14,No
CUST-05256,Male,1,No,11,Fiber optic,Month-to-month,Mailed check,55.52,616.2,1.0,37.0,49649.0,2022-03-17,No
CUST-05257,Female,0,Yes,1,Fiber optic,Two year,Credit card,56.88,9.37,4.0,42.0,46045.0,2023-06-06,Yes
CUST-05258,Male,0,No,5,Fiber optic,Month-to-month,Credit card,19.07,124.49,1.0,53.0,101445.0,2020-03-18,No
CUST-05259,Male,1,No,0,No,One year,Bank transfer,18.0,0.0,0.0,42.0,59114.0,2022-04-01,No
CUST-05260,Female,1,Yes,2,Fiber optic,Two year,Credit card,86.66,184.65,2.0,41.0,18032.0,2018-03-16,No
CUST-05261,Male,1,No,39,Fiber optic,One year,Electronic check,74.8,2945.6,1.0,40.0,17564.0,2019-10-27,Yes
CUST-05262,Male,0,No,17,Fiber optic,Month-to-month,Bank transfer,80.85,1481.55,0.0,65.0,76469.0,2019-08-05,No
CUST-05263,Male,0,No,31,DSL,Month-to-month,Credit card,60.87,1784.46,1.0,44.0,36180.0,2020-01-24,No
CUST-05264,Female,1,Yes,43,Fiber optic,Month-to-month,Mailed check,66.91,2884.5,2.0,59.0,41760.0,2020-08-11,No
CUST-05265,Male,1,Yes,14,DSL,Month-to-month,Credit card,52.0,780.11,0.0,49.0,19946.0,2022-08-03,Yes
CUST-05266,Female,0,Yes,3,Fiber optic,Month-to-month,Electronic check,38.81,107.3,1.0,52.0,16514.0,2020-04-25,Yes
CUST-05267,Female,1,Yes,31,Fiber optic,One year,Credit card,66.18,2142.31,1.0,22.0,52700.0,2023-11-11,No
CUST-05268,Male,0,No,1,No,One year,Bank transfer,78.96,137.57,0.0,27.0,89164.0,2020-08-27,Yes
CUST-05269,Male,0,Yes,12,DSL,Two year,Mailed check,58.32,620.73,1.0,48.0,32805.0,2019-09-24,No
CUST-05270,Female,0,No,72,Fiber optic,One year,Bank transfer,52.97,3827.83,0.0,34.0,58379.0,2022-12-06,No
CUST-05271,Female,0,No,31,DSL,Month-to-month,Bank transfer,97.63,3020.69,3.0,54.0,131078.0,2022-01-08,Yes
CUST-05272,Female,0,No,11,Fiber optic,One year,Electronic check,,576.89,1.0,30.0,51581.0,2021-06-03,No
CUST-05273,Female,0,No,1,No,Month-to-month,Bank transfer,23.51,66.89,2.0,27.0,55217.0,2018-11-17,No
CUST-05274,Male,0,Yes,56,No,Month-to-month,Electronic check,93.14,5167.38,1.0,42.0,102582.0,2018-08-22,Yes
CUST-05275,Female,0,Yes,42,Fiber optic,One year,Electronic check,42.43,1708.88,2.0,42.0,109244.0,2022-04-21,Yes
CUST-05276,Male,0,No,12,DSL,Month-to-month,Mailed check,78.22,933.86,2.0,45.0,44696.0,2019-07-08,No
CUST-05277,Female,0,No,20,Fiber optic,Month-to-month,Credit card,96.25,1908.67,2.0,46.0,20475.0,2023-05-09,Yes
CUST-05278,Female,0,No,29,No,Month-to-month,Electronic check,40.88,1140.12,2.0,65.0,29441.0,2022-11-23,No
CUST-05279,Male,0,Yes,16,Fiber optic,One year,Bank transfer,18.79,300.08,0.0,42.0,81268.0,2023-04-06,No
CUST-05280,Male,0,Yes,72,Fiber optic,One year,Electronic check,48.05,3416.55,1.0,34.0,40027.0,2024-05-01,No
CUST-05281,Male,1,Yes,10,DSL,Month-to-month,Mailed check,46.46,437.24,1.0,38.0,70220.0,2020-11-05,No
CUST-05282,Male,0,No,19,DSL,One year,Bank transfer,26.58,437.8,0.0,25.0,43387.0,2018-10-02,No
CUST-05283,Female,0,No,11,Fiber optic,Two year,Electronic check,66.09,808.2,0.0,41.0,51242.0,2018-01-05,No
CUST-05284,Female,0,No,19,DSL,Two year,Electronic check,26.52,454.15,2.0,60.0,51910.0,2022-06-14,No
CUST-05285,Female,1,No,4,DSL,Month-to-month,Electronic check,107.66,401.06,1.0,33.0,113510.0,2018-03-24,No
CUST-05286,Male,0,No,21,DSL,Two year,Bank transfer,88.51,1871.05,2.0,18.0,75928.0,2020-11-01,No
CUST-05287,Female,0,Yes,50,DSL,Month-to-month,Electronic check,47.34,2446.38,,55.0,46998.0,2019-11-03,No
CUST-05288,Male,0,No,72,DSL,Two year,Mailed check,57.58,,1.0,52.0,40311.0,2019-06-21,No
CUST-05289,Female,1,Yes,15,Fiber optic,Two year,Mailed check,63.76,1043.44,5.0,67.0,97888.0,2018-04-04,No
CUST-05290,Female,0,Yes,13,DSL,Month-to-month,Electronic check,69.15,989.16,2.0,51.0,42910.0,2022-05-12,No
CUST-05291,Male,0,No,9,No,Two year,Electronic check,68.93,621.54,1.0,51.0,43440.0,2021-01-29,No
CUST-05292,Male,0,No,6,Fiber optic,Two year,Credit card,69.25,410.47,0.0,49.0,78371.0,2023-04-25,No
CUST-05293,Male,0,No,69,No,One year,Bank transfer,65.89,4503.04,0.0,37.0,78132.0,2020-06-20,No
CUST-05294,Female,0,No,19,No,Month-to-month,Bank transfer,120.0,2291.48,1.0,42.0,20834.0,2020-03-11,No
CUST-05295,Male,0,Yes,31,DSL,Month-to-month,Bank transfer,101.71,3174.31,2.0,45.0,32830.0,2023-07-10,No
CUST-05296,Male,0,Yes,16,Fiber optic,Month-to-month,Electronic check,69.82,1189.25,0.0,51.0,26952.0,2020-11-07,No
CUST-05297,Female,0,No,4,Fiber optic,Month-to-month,Bank transfer,120.0,462.42,3.0,41.0,49237.0,2019-02-21,Yes
CUST-05298,Male,0,Yes,21,Fiber optic,Two year,Electronic check,82.24,1718.88,3.0,29.0,171030.0,2020-04-16,No
CUST-05299,Male,0,No,51,Fiber optic,Month-to-month,Credit card,24.11,1194.1,1.0,80.0,49484.0,2024-05-08,No
CUST-05300,Male,0,Yes,31,No,Month-to-month,Mailed check,30.24,,1.0,61.0,28040.0,2024-03-18,No
