house_id,house_size,bedrooms,bathrooms,lot_size,year_built,stories,garage_cars,location,condition,has_pool,sale_date,price
H-0001,2098,4,2.0,3833.0,1994.0,2,0.0,Suburbs,Excellent,No,2024-01-08,439011
H-0002,1717,6,2.5,5476.0,2007.0,1,0.0,Industrial,Good,No,2023-12-13,180535
H-0003,2188,3,2.0,6344.0,2005.0,1,1.0,Downtown,Average,No,2023-01-29,484366
H-0004,2713,5,3.0,9425.0,2003.0,2,1.0,Rural,Average,No,2020-01-03,311799
H-0005,1659,3,3.0,5552.0,1978.0,2,2.0,Suburbs,Average,No,2021-12-20,300945
H-0006,1659,3,2.0,5081.0,2003.0,2,2.0,Suburbs,Fair,No,2022-11-30,266806
H-0007,2747,2,2.0,10894.0,1976.0,1,2.0,Waterfront,Poor,No,2022-07-04,462948
H-0008,2260,2,2.0,6404.0,1994.0,1,2.0,Industrial,,No,2023-10-06,271308
H-0009,1518,4,3.0,2706.0,1980.0,2,1.0,Suburbs,Good,No,2023-10-02,309750
H-0010,2125,3,1.0,,1985.0,2,0.0,Industrial,Good,No,2022-09-29,193763
H-0011,1521,3,1.0,3239.0,2010.0,2,3.0,Rural,Average,Yes,2020-02-06,163629
H-0012,1520,4,3.0,5233.0,1986.0,1,2.0,Industrial,Average,Yes,2021-09-10,184586
H-0013,1945,3,2.5,7571.0,2016.0,2,2.0,Suburbs,Fair,No,2021-01-18,319253
H-0014,652,4,1.5,2113.0,1985.0,3,1.0,Industrial,Good,No,2021-07-21,79602
H-0015,765,3,2.0,2287.0,1954.0,1,2.0,Waterfront,Fair,No,2022-10-30,226300
H-0016,1462,4,3.5,3875.0,1995.0,2,0.0,Downtown,Average,No,2020-04-21,354921
H-0017,1192,4,3.5,2873.0,2001.0,2,3.0,Suburbs,Poor,No,2020-02-07,170655
H-0018,1988,3,3.0,4736.0,1998.0,1,2.0,Suburbs,Average,No,2022-01-01,347088
H-0019,1255,3,2.5,3879.0,1955.0,1,0.0,Suburbs,Average,No,2023-08-21,193133
H-0020,952,3,2.5,3216.0,1959.0,2,2.0,Waterfront,Good,No,2020-02-21,285620
H-0021,2679,4,4.0,8562.0,1972.0,1,2.0,Rural,Fair,No,2023-11-22,268190
H-0022,1664,3,4.0,3321.0,1966.0,1,2.0,Rural,Excellent,No,2021-10-04,252820
H-0023,1840,3,2.0,5032.0,1993.0,2,0.0,Suburbs,Average,No,2020-07-16,288125
H-0024,945,2,3.0,3287.0,,1,0.0,Downtown,Excellent,No,2022-08-07,290222
H-0025,1473,3,1.5,3961.0,1964.0,2,1.0,Suburbs,Good,No,2024-05-13,271911
H-0026,1866,3,2.0,5302.0,1993.0,1,1.0,Rural,Good,No,2022-06-27,243762
H-0027,1109,4,3.0,3801.0,2007.0,2,2.0,Downtown,Excellent,No,2023-02-23,387470
H-0028,2025,3,2.0,6385.0,1999.0,2,2.0,Suburbs,Good,No,2023-09-28,363574
H-0029,1439,3,3.5,3631.0,2001.0,2,2.0,Suburbs,Poor,No,2023-08-31,184914
H-0030,1624,4,1.0,6071.0,2019.0,2,3.0,Downtown,Good,Yes,2020-05-02,414200
H-0031,1438,4,2.5,2741.0,2017.0,1,1.0,Suburbs,Fair,No,2023-05-25,252772
H-0032,2911,3,3.5,11611.0,2012.0,2,,Downtown,Good,No,2024-05-08,718647
H-0033,1791,3,3.5,3218.0,2007.0,1,3.0,Industrial,Average,No,2023-03-18,192224
H-0034,1165,3,1.5,1791.0,1972.0,1,2.0,Downtown,Good,No,2023-11-01,288142
H-0035,2293,5,2.0,8541.0,1993.0,2,0.0,Waterfront,Good,No,2022-03-23,646799
H-0036,1067,2,2.5,2253.0,1993.0,3,2.0,Downtown,Excellent,No,2021-06-18,341404
H-0037,1925,5,1.5,6399.0,2001.0,2,1.0,Waterfront,Average,Yes,2023-02-06,512012
H-0038,624,4,4.0,2201.0,,1,2.0,Suburbs,Excellent,No,2022-04-03,250962
H-0039,1003,3,3.5,3658.0,1977.0,3,1.0,Waterfront,Fair,No,2024-02-07,258048
H-0040,1918,1,1.5,7631.0,2016.0,1,2.0,Waterfront,Average,No,2024-06-19,478844
H-0041,2243,3,1.5,5013.0,1967.0,3,2.0,Suburbs,Fair,No,2023-10-04,284897
H-0042,1902,3,1.0,6230.0,,2,1.0,Industrial,Poor,Yes,2024-07-19,100866
H-0043,1730,2,3.5,3094.0,2000.0,2,2.0,Suburbs,Average,Yes,2021-08-06,290827
H-0044,1619,4,1.5,4075.0,2009.0,2,0.0,Rural,Fair,Yes,2024-02-08,127606
H-0045,912,6,2.0,3301.0,2023.0,3,2.0,Suburbs,Good,No,2021-07-06,251618
H-0046,1368,4,2.0,3309.0,1998.0,3,2.0,Industrial,Fair,No,2020-07-16,145903
H-0047,1523,4,2.5,4535.0,1964.0,2,1.0,Waterfront,Good,No,2022-11-06,426198
H-0048,2434,2,1.0,6716.0,2022.0,2,2.0,Downtown,Average,No,2022-01-31,520878
H-0049,2006,3,2.0,6248.0,2017.0,2,1.0,Suburbs,Average,No,2024-03-22,347101
H-0050,742,2,3.5,2917.0,1964.0,2,2.0,Waterfront,Fair,No,2022-04-03,215567
H-0051,1994,4,3.5,3268.0,2000.0,2,3.0,Rural,Fair,No,2024-04-01,256721
H-0052,1568,5,3.0,4601.0,1997.0,1,1.0,Industrial,Excellent,Yes,2020-05-11,219458
H-0053,1393,4,1.0,5094.0,2021.0,2,3.0,Suburbs,Good,No,2023-10-22,299802
H-0054,2167,2,2.0,5858.0,1950.0,3,2.0,Suburbs,Fair,No,2023-06-24,264115
H-0055,2418,3,2.5,,1956.0,3,1.0,Suburbs,Average,No,2023-04-20,326298
H-0056,2358,4,2.0,6841.0,2002.0,1,3.0,Suburbs,Excellent,No,2021-08-17,499773
H-0057,1296,3,3.5,,1980.0,1,0.0,Suburbs,Average,No,2023-08-05,220457
H-0058,1614,4,2.5,3046.0,1967.0,3,,Suburbs,Fair,No,2022-03-20,216482
H-0059,1998,4,1.0,7237.0,1961.0,2,2.0,Downtown,Average,No,2023-04-12,403153
H-0060,2385,4,3.5,6687.0,1997.0,2,2.0,Suburbs,Average,No,2022-07-13,382230
H-0061,1512,3,4.0,5795.0,1979.0,1,2.0,Downtown,Average,Yes,2020-09-20,334274
H-0062,1688,3,1.0,5933.0,1956.0,3,0.0,Rural,Average,No,2020-04-18,146447
H-0063,1136,2,2.5,3672.0,1952.0,1,3.0,Suburbs,Fair,No,2021-09-04,200850
H-0064,1082,3,2.0,1636.0,2012.0,1,2.0,Suburbs,Average,No,2024-04-10,223074
H-0065,2287,3,2.0,5876.0,1955.0,1,,Suburbs,Average,No,2022-06-05,337627
H-0066,2613,4,1.5,5209.0,1964.0,3,1.0,Downtown,Fair,No,2023-09-04,395011
H-0067,1756,4,2.5,6632.0,2020.0,2,2.0,Industrial,Excellent,Yes,2022-08-22,277976
H-0068,2402,2,4.0,4651.0,1992.0,2,3.0,Suburbs,Fair,No,2024-05-22,320916
H-0069,2016,3,2.5,4465.0,1967.0,2,2.0,Waterfront,Average,No,2021-09-10,460534
H-0070,1412,2,1.0,3942.0,1971.0,3,3.0,Suburbs,Poor,No,2020-04-05,125590
H-0071,2016,2,2.5,4351.0,2010.0,2,1.0,Waterfront,Good,No,2023-07-30,466202
H-0072,2722,4,2.0,5511.0,2010.0,2,1.0,Suburbs,Average,No,2023-03-26,444873
H-0073,1778,1,3.5,5329.0,2002.0,3,3.0,Downtown,Fair,Yes,2022-06-02,379168
H-0074,2738,3,2.0,4715.0,1975.0,2,3.0,Waterfront,Average,No,2021-06-30,616313
H-0075,400,2,1.5,658.0,1989.0,2,1.0,Suburbs,Good,No,2020-11-11,112385
H-0076,2293,5,1.5,5573.0,1957.0,3,1.0,Rural,Good,Yes,2022-03-18,294367
H-0077,1852,4,3.0,6114.0,1970.0,2,2.0,Suburbs,Average,No,2023-01-20,338995
H-0078,1620,3,2.0,4676.0,1992.0,2,3.0,Rural,Average,No,2022-08-27,207399
H-0079,1855,3,3.0,4743.0,1970.0,1,2.0,Industrial,Average,No,2022-01-02,197072
H-0080,607,4,2.0,1769.0,1952.0,2,2.0,Industrial,Good,No,2022-06-22,118193
H-0081,1668,5,2.0,4025.0,1980.0,2,2.0,Suburbs,Fair,No,2020-06-29,273203
H-0082,2014,3,2.5,7734.0,1976.0,1,1.0,Suburbs,Average,Yes,2023-03-10,320564
H-0083,2686,5,3.5,4397.0,1976.0,3,3.0,Industrial,Excellent,No,2023-05-14,327910
H-0084,1489,5,3.5,4740.0,2022.0,2,2.0,Waterfront,Excellent,Yes,2020-01-20,594581
H-0085,1314,5,2.0,4898.0,2006.0,2,2.0,Downtown,Average,No,2021-03-28,376805
H-0086,1498,4,2.0,5257.0,1982.0,2,2.0,Suburbs,Average,No,2020-06-03,291946
H-0087,2349,4,1.5,4604.0,1993.0,2,2.0,Downtown,Average,No,2024-07-29,528072
H-0088,1997,3,2.5,4472.0,1992.0,1,2.0,Industrial,Fair,No,2022-09-20,179191
H-0089,1482,4,2.5,4879.0,1980.0,2,3.0,Downtown,Good,Yes,2022-02-18,401472
H-0090,2107,3,3.5,3604.0,2014.0,1,2.0,Suburbs,Poor,No,2022-02-14,251202
H-0091,1858,4,3.5,6558.0,1966.0,1,2.0,Rural,Poor,Yes,2024-06-03,151946
H-0092,2381,3,2.0,7850.0,1964.0,1,0.0,Industrial,Excellent,No,2023-01-09,241884
H-0093,1378,4,2.5,4580.0,1983.0,1,2.0,Waterfront,Fair,No,2020-10-09,349902
H-0094,1603,4,3.5,2806.0,1953.0,2,1.0,Suburbs,Average,No,2022-01-20,291495
H-0095,1564,2,3.0,5152.0,2021.0,2,1.0,Suburbs,Average,No,2023-07-20,262216
H-0096,921,4,1.0,2946.0,1977.0,3,1.0,Industrial,Average,Yes,2021-12-09,127983
H-0097,1977,3,2.0,7072.0,2022.0,2,2.0,Rural,Fair,Yes,2021-06-02,202986
H-0098,1956,4,2.0,3137.0,1951.0,2,3.0,Rural,Poor,No,2024-07-17,138468
H-0099,1803,3,2.0,2808.0,1966.0,2,2.0,Rural,Average,No,2024-04-15,207858
H-0100,1659,3,1.5,4035.0,2007.0,2,1.0,Suburbs,Good,No,2024-04-25,288932
H-0101,950,5,1.0,1778.0,2023.0,2,1.0,Rural,Average,Yes,2020-08-08,163143
H-0102,1547,3,2.5,4480.0,1958.0,2,2.0,Suburbs,Excellent,No,2021-01-27,323408
H-0103,1594,4,2.0,6046.0,1980.0,1,0.0,Suburbs,Average,No,2022-01-10,294740
H-0104,1318,3,1.0,3266.0,2015.0,2,2.0,Waterfront,Fair,No,2023-10-24,341246
H-0105,1703,3,2.0,6151.0,2011.0,2,2.0,Downtown,Good,No,2023-05-18,396513
H-0106,2042,3,3.0,3064.0,1968.0,2,3.0,Suburbs,Excellent,Yes,2023-11-23,399810
H-0107,2931,4,3.5,5631.0,2023.0,3,2.0,Suburbs,Average,Yes,2024-03-21,486076
H-0108,1904,3,2.5,3000.0,2004.0,1,1.0,Downtown,Good,No,2023-07-31,438800
H-0109,1954,1,2.0,4533.0,1977.0,1,2.0,Waterfront,Good,Yes,2021-03-14,423012
H-0110,1755,3,4.0,6617.0,1999.0,2,2.0,Rural,Average,No,2021-04-22,238215
H-0111,648,1,2.0,1129.0,2014.0,3,3.0,Downtown,Poor,No,2021-08-13,98273
H-0112,1784,6,2.0,5380.0,1952.0,2,1.0,Suburbs,Average,No,2021-05-22,313292
H-0113,1836,5,2.0,4826.0,2001.0,2,2.0,Suburbs,Average,No,2021-02-20,346843
H-0114,3277,3,1.5,12603.0,,1,3.0,Downtown,Average,No,2023-06-13,607756
H-0115,1684,4,2.0,3041.0,1970.0,2,1.0,Rural,Good,No,2020-02-26,196207
H-0116,1980,3,3.5,4019.0,1986.0,2,2.0,Suburbs,Fair,Yes,2023-05-04,279034
H-0117,1779,4,2.5,,1964.0,3,1.0,Rural,Average,No,2023-10-10,170732
H-0118,1098,4,2.0,2838.0,2023.0,1,2.0,Downtown,Poor,No,2020-04-20,201070
H-0119,2485,5,3.5,5453.0,1958.0,2,2.0,Suburbs,Poor,No,2020-04-13,284756
H-0120,2251,3,1.0,8271.0,1993.0,2,2.0,Downtown,Good,No,2021-04-22,518754
H-0121,2274,4,2.0,6850.0,1988.0,1,2.0,Downtown,Poor,No,2020-12-14,362926
H-0122,1254,3,2.5,3806.0,1954.0,2,2.0,Waterfront,Poor,No,2022-08-30,198273
H-0123,2641,6,2.5,7473.0,1974.0,2,3.0,Downtown,Average,No,2023-02-04,614813
H-0124,958,1,1.0,1656.0,2005.0,1,2.0,Downtown,Good,No,2022-11-27,249567
H-0125,2152,4,2.0,5622.0,2013.0,2,1.0,Industrial,Fair,No,2021-08-21,174770
H-0126,3114,4,2.5,12452.0,2021.0,1,2.0,Rural,Good,No,2022-04-14,384303
H-0127,1205,4,3.0,4323.0,2001.0,3,2.0,Downtown,Average,No,2022-12-07,339649
H-0128,1460,2,2.5,5451.0,1958.0,2,2.0,Industrial,Excellent,No,2020-07-18,183157
H-0129,1859,5,2.0,6614.0,1959.0,2,2.0,Downtown,Average,No,2021-01-19,418225
H-0130,1497,2,1.0,2631.0,1959.0,1,2.0,Rural,Poor,No,2024-01-30,116401
H-0131,869,4,2.0,,2022.0,3,2.0,Downtown,Good,No,2021-07-27,269334
H-0132,1841,3,1.5,2775.0,2011.0,2,2.0,Rural,Fair,No,2023-09-03,162736
H-0133,1162,3,3.5,2624.0,2009.0,1,2.0,Suburbs,Good,No,2021-02-24,246849
H-0134,2084,3,2.5,3691.0,1968.0,2,2.0,Suburbs,Average,No,2020-03-10,306482
H-0135,1248,3,2.0,3347.0,1987.0,1,2.0,Rural,Average,No,2022-04-17,174159
H-0136,2729,2,3.0,8713.0,1955.0,3,0.0,Rural,Good,No,2024-02-03,281813
H-0137,1330,2,2.5,,1964.0,3,0.0,Rural,Average,Yes,2023-10-03,163538
H-0138,1606,3,2.0,5417.0,1996.0,3,3.0,Waterfront,Fair,Yes,2021-02-27,405346
H-0139,2288,4,3.0,8800.0,1994.0,2,1.0,Suburbs,Good,Yes,2024-03-03,426927
H-0140,1061,5,3.5,1734.0,1954.0,2,2.0,Suburbs,Average,No,2022-03-14,199126
H-0141,1936,2,3.0,2962.0,2002.0,1,3.0,Rural,Average,No,2020-03-23,221265
H-0142,2584,3,1.0,8148.0,2015.0,1,,Rural,Good,Yes,2020-02-16,295911
H-0143,835,2,2.5,1856.0,2011.0,1,2.0,Suburbs,Fair,No,2022-03-23,162027
H-0144,1910,1,3.0,4075.0,1972.0,2,2.0,Suburbs,Average,No,2022-07-03,268364
H-0145,1955,4,1.5,4549.0,1993.0,3,3.0,Suburbs,Good,No,2020-05-13,389427
H-0146,2269,4,2.0,4933.0,2001.0,3,1.0,Industrial,Good,No,2024-03-23,226938
H-0147,1057,2,3.5,2936.0,1995.0,1,1.0,Suburbs,Average,Yes,2023-04-17,203940
H-0148,1007,3,1.0,2618.0,1968.0,2,3.0,Suburbs,Average,Yes,2023-09-03,192274
H-0149,2113,1,3.0,5876.0,1996.0,2,1.0,Suburbs,Average,No,2022-09-04,314369
H-0150,1978,4,2.5,6293.0,2001.0,2,2.0,Waterfront,Average,No,2023-01-15,507394
H-0151,1950,6,2.0,4812.0,1973.0,2,2.0,Waterfront,Fair,No,2021-10-11,473710
H-0152,2007,2,1.0,4271.0,1966.0,2,1.0,Waterfront,Average,No,2023-02-11,403928
H-0153,1391,3,3.0,2664.0,1995.0,3,3.0,Waterfront,Average,No,2024-06-25,424118
H-0154,1939,5,2.0,4602.0,2013.0,2,2.0,Suburbs,Poor,No,2022-12-20,248005
H-0155,1975,5,2.5,6625.0,1977.0,2,0.0,Suburbs,Poor,No,2021-07-25,225321
H-0156,1371,3,3.0,4650.0,1999.0,1,1.0,Rural,Average,No,2021-04-22,160482
H-0157,2919,2,3.0,9245.0,2013.0,1,1.0,Suburbs,Average,No,2024-05-31,426480
H-0158,2084,1,4.0,4345.0,1977.0,2,1.0,Suburbs,Good,No,2020-11-05,319106
H-0159,1085,4,2.5,3222.0,2005.0,2,2.0,Waterfront,Good,Yes,2023-09-11,378594
H-0160,2193,3,2.0,6418.0,2008.0,3,0.0,Rural,Fair,No,2022-02-17,238517
H-0161,1215,1,4.0,3293.0,1954.0,2,2.0,Industrial,,No,2022-01-12,127992
H-0162,2272,4,2.5,6531.0,2003.0,2,3.0,Industrial,Good,Yes,2023-06-05,279513
H-0163,2495,1,2.0,6810.0,1993.0,2,2.0,Suburbs,Fair,No,2020-09-04,282862
H-0164,1307,4,1.5,3808.0,1991.0,1,1.0,Industrial,Fair,No,2022-02-19,126733
H-0165,2378,3,3.0,7820.0,2021.0,2,3.0,Downtown,Poor,No,2020-02-29,404905
H-0166,2047,1,2.0,3631.0,2006.0,2,1.0,Rural,Average,No,2023-01-27,213319
H-0167,2293,4,3.0,7736.0,1996.0,1,3.0,Suburbs,Average,No,2020-04-07,418212
H-0168,2938,3,2.5,5405.0,1974.0,2,2.0,Suburbs,Good,No,2020-05-26,443494
H-0169,1652,6,1.5,2753.0,1993.0,2,2.0,Industrial,Fair,No,2023-11-15,138764
H-0170,1347,3,2.5,5307.0,1964.0,1,2.0,Suburbs,Poor,No,2022-01-11,147106
H-0171,1266,3,1.0,4927.0,2000.0,3,2.0,Rural,Fair,Yes,2020-12-02,157757
H-0172,1310,4,2.0,2162.0,2002.0,2,2.0,Downtown,Fair,Yes,2022-09-18,274133
H-0173,1753,3,2.5,4572.0,1983.0,1,2.0,Downtown,Excellent,No,2022-05-19,461510
H-0174,2004,5,2.0,3939.0,1957.0,1,2.0,Suburbs,Average,No,2021-11-18,315149
H-0175,1966,3,3.0,5334.0,2019.0,3,2.0,Rural,Average,No,2024-02-24,234099
H-0176,2296,3,3.0,8209.0,1970.0,2,3.0,Suburbs,Fair,No,2023-06-08,294928
H-0177,1807,2,3.0,7004.0,1956.0,2,2.0,Suburbs,Excellent,No,2020-09-10,381014
H-0178,2672,3,1.0,8244.0,2005.0,1,3.0,Rural,Average,No,2022-08-13,261491
H-0179,1641,4,1.5,3913.0,1998.0,3,2.0,Downtown,Good,No,2020-05-28,420707
H-0180,3432,4,2.5,10324.0,1991.0,2,2.0,Suburbs,Average,Yes,2021-02-13,557389
H-0181,2175,3,3.5,4959.0,1972.0,2,0.0,Industrial,Fair,No,2024-03-03,173181
H-0182,1285,3,3.0,4850.0,2001.0,3,1.0,Suburbs,Average,No,2022-02-12,253555
H-0183,1157,4,3.0,,2002.0,1,2.0,Suburbs,Fair,No,2024-02-02,229021
H-0184,2089,5,2.0,6048.0,1965.0,2,2.0,Rural,Average,No,2020-10-04,238928
H-0185,1665,2,2.0,3849.0,1986.0,1,,Rural,Good,No,2020-12-09,218671
H-0186,2228,3,2.5,4976.0,1967.0,2,2.0,Rural,Good,No,2021-08-13,274564
H-0187,2083,3,1.5,3298.0,1969.0,1,2.0,Industrial,Poor,Yes,2021-09-05,141471
H-0188,1756,5,1.0,6215.0,1995.0,3,2.0,Downtown,Good,Yes,2023-06-01,415475
H-0189,1291,2,3.5,3390.0,1951.0,2,1.0,Industrial,Excellent,No,2022-09-30,169601
H-0190,891,3,2.0,2060.0,2012.0,2,2.0,Industrial,Good,No,2022-07-15,152469
H-0191,1532,4,2.0,4102.0,1952.0,3,0.0,Waterfront,Good,No,2022-10-05,400917
H-0192,2313,2,1.0,8203.0,1995.0,3,2.0,Suburbs,Average,No,2023-05-10,378204
H-0193,1928,3,3.5,3492.0,1998.0,2,1.0,Waterfront,Average,No,2024-02-03,477169
H-0194,1052,3,2.5,3833.0,1950.0,2,2.0,Suburbs,Poor,No,2021-11-25,133894
H-0195,1903,3,3.0,7124.0,1971.0,1,2.0,Rural,Fair,No,2023-09-06,220350
H-0196,2031,3,3.5,7853.0,1963.0,1,,Downtown,Excellent,No,2022-04-08,520076
H-0197,1269,3,2.0,3164.0,1994.0,2,2.0,Waterfront,Average,No,2023-04-23,357566
H-0198,1892,2,2.5,3865.0,1955.0,1,3.0,Rural,Fair,No,2024-01-04,167079
H-0199,1834,4,1.0,4464.0,2014.0,2,1.0,Downtown,Fair,No,2020-02-23,351680
H-0200,1114,4,1.5,2598.0,1970.0,1,2.0,Waterfront,Average,No,2022-07-04,321404
H-0201,2014,4,3.0,3907.0,1953.0,2,2.0,Suburbs,Good,No,2024-07-14,339945
H-0202,2136,2,3.0,6446.0,1952.0,2,1.0,Rural,Fair,No,2022-04-10,248537
H-0203,2449,2,2.0,6591.0,1979.0,1,0.0,Suburbs,Fair,No,2023-12-17,280500
H-0204,2432,3,2.0,8911.0,1980.0,1,1.0,Waterfront,Average,Yes,2020-11-07,532386
H-0205,973,3,2.5,1537.0,1983.0,2,2.0,Suburbs,Good,No,2022-10-08,198271
H-0206,1237,3,1.0,3846.0,1969.0,2,1.0,Suburbs,Average,No,2023-12-27,219943
H-0207,2109,4,2.0,7186.0,2003.0,2,1.0,Suburbs,Excellent,No,2021-12-23,452344
H-0208,2108,2,2.0,7164.0,1974.0,2,1.0,Rural,Good,No,2022-03-25,211849
H-0209,2109,1,2.0,7835.0,1964.0,1,2.0,Rural,Good,No,2020-05-17,219659
H-0210,4111,3,3.0,13659.0,1987.0,1,2.0,Suburbs,Good,No,2020-03-11,661576
H-0211,2142,4,2.0,8181.0,1972.0,1,2.0,Suburbs,Average,No,2022-02-23,357992
H-0212,2481,2,1.5,5784.0,2001.0,2,2.0,Suburbs,Good,No,2023-11-12,374829
H-0213,2372,4,2.5,6542.0,2015.0,2,2.0,Industrial,Excellent,No,2024-04-08,285878
H-0214,2190,3,3.5,3362.0,2006.0,1,0.0,Rural,Good,Yes,2023-01-07,287917
H-0215,1610,5,2.0,2443.0,2006.0,2,2.0,Suburbs,Good,No,2023-10-15,319300
H-0216,2255,5,1.0,4736.0,2001.0,2,2.0,Suburbs,Average,No,2023-05-15,383874
H-0217,1336,3,2.0,2340.0,1984.0,3,2.0,Suburbs,Good,No,2023-03-20,220171
H-0218,1657,3,3.0,3563.0,2023.0,2,,Waterfront,Good,No,2023-07-11,494565
H-0219,1508,3,2.5,2929.0,1963.0,2,2.0,Downtown,Average,No,2022-04-25,388176
H-0220,1849,3,3.0,2905.0,1963.0,2,1.0,Rural,Good,No,2022-02-05,247071
H-0221,3188,4,4.0,12029.0,1982.0,3,1.0,Suburbs,Good,No,2020-09-23,544369
H-0222,679,4,3.0,1032.0,2001.0,3,2.0,Suburbs,Fair,No,2023-11-13,196624
H-0223,2211,4,2.5,7385.0,1950.0,2,2.0,Downtown,Average,No,2020-03-15,468671
H-0224,832,4,2.5,1564.0,1983.0,2,0.0,Waterfront,Fair,No,2021-03-23,277869
H-0225,1516,3,1.0,5731.0,1968.0,2,3.0,Industrial,Average,No,2022-05-20,171888
H-0226,2453,2,4.0,9154.0,1973.0,2,2.0,Downtown,Fair,No,2024-06-14,461551
H-0227,1838,4,2.0,5761.0,1953.0,2,1.0,Suburbs,Good,No,2023-08-08,267082
H-0228,1153,3,1.5,3667.0,1985.0,1,2.0,Downtown,Average,No,2021-09-09,295020
H-0229,1370,4,3.0,2073.0,2007.0,3,0.0,Rural,Average,No,2023-04-10,170826
H-0230,2207,3,2.0,8744.0,1981.0,2,2.0,Rural,Fair,No,2024-04-08,227425
H-0231,1361,2,2.5,5028.0,1958.0,2,2.0,Suburbs,Average,Yes,2022-06-21,243476
H-0232,1929,6,2.5,7210.0,2016.0,2,1.0,Downtown,Fair,No,2022-02-12,459916
H-0233,1827,2,2.0,5751.0,1969.0,2,2.0,Waterfront,Average,Yes,2022-07-14,450759
H-0234,1409,6,3.0,3328.0,2023.0,2,2.0,Rural,Average,No,2021-06-05,203552
H-0235,3086,6,2.0,11523.0,2011.0,2,1.0,Downtown,Fair,No,2024-02-27,557015
H-0236,2180,4,2.0,4858.0,2007.0,2,2.0,Rural,Poor,No,2023-08-27,180448
H-0237,584,4,2.5,1697.0,1971.0,2,1.0,Waterfront,Average,No,2023-03-26,254474
H-0238,1911,4,3.0,3342.0,2016.0,3,2.0,Suburbs,Good,Yes,2022-09-13,386732
H-0239,1402,5,3.0,5334.0,1997.0,1,1.0,Suburbs,Good,No,2024-06-10,315136
H-0240,2311,3,2.0,4279.0,1957.0,2,,Suburbs,Good,No,2021-05-13,364832
H-0241,1324,3,2.5,2730.0,2022.0,1,1.0,Rural,Excellent,Yes,2021-04-18,231907
H-0242,1731,4,1.5,5011.0,1964.0,3,1.0,Rural,Excellent,No,2021-02-09,238481
H-0243,2102,3,3.5,7168.0,1981.0,1,2.0,Industrial,Average,No,2023-05-26,229095
H-0244,2319,3,2.0,7069.0,2002.0,2,2.0,Downtown,Fair,No,2023-08-27,439524
H-0245,1079,3,3.0,2244.0,2016.0,1,2.0,Rural,Excellent,No,2022-09-26,199081
H-0246,1599,4,1.0,2402.0,1953.0,2,2.0,Downtown,Average,No,2022-12-27,359622
H-0247,1515,5,2.0,5140.0,1979.0,3,2.0,Suburbs,Good,No,2021-08-07,288001
H-0248,1408,3,2.5,5579.0,1962.0,1,0.0,Rural,Fair,No,2020-03-07,174705
H-0249,2859,5,3.5,10077.0,1970.0,2,0.0,Industrial,Good,No,2021-02-28,307763
H-0250,2042,4,2.5,5412.0,1990.0,1,2.0,Downtown,Average,Yes,2022-09-05,506137
H-0251,1043,4,3.5,3921.0,1968.0,2,2.0,Industrial,Poor,No,2023-09-22,69109
H-0252,2350,4,2.5,5932.0,1997.0,2,3.0,Suburbs,Good,No,2023-07-25,421742
H-0253,3073,4,2.5,8642.0,2012.0,2,0.0,Suburbs,Average,Yes,2020-10-27,499567
H-0254,2419,1,1.5,6513.0,1969.0,2,,Downtown,Fair,No,2020-03-27,374787
H-0255,888,4,3.0,2325.0,2013.0,2,1.0,Rural,Good,No,2023-11-24,152511
H-0256,1509,1,2.0,5187.0,1986.0,1,2.0,Suburbs,Poor,Yes,2020-05-06,178196
H-0257,2560,5,3.5,7211.0,1980.0,2,2.0,Suburbs,Fair,Yes,2021-10-20,397211
H-0258,1375,6,3.5,3151.0,2023.0,1,1.0,Suburbs,Good,Yes,2020-06-06,341034
H-0259,2066,3,3.5,4432.0,1967.0,2,2.0,Rural,Good,No,2022-08-02,218262
H-0260,2264,3,2.5,3609.0,1969.0,2,2.0,Suburbs,Average,No,2021-08-31,383501
H-0261,1243,4,3.0,3676.0,1960.0,1,1.0,Suburbs,Fair,No,2020-12-04,183570
H-0262,1764,3,3.0,3660.0,1993.0,1,2.0,Waterfront,Good,No,2022-09-23,464612
H-0263,400,5,1.5,748.0,2013.0,1,2.0,Rural,Average,No,2021-08-31,98271
H-0264,1185,2,2.5,3714.0,1983.0,3,0.0,Suburbs,Good,No,2020-10-06,200504
H-0265,1648,2,1.0,5278.0,2014.0,2,2.0,Suburbs,Fair,No,2023-03-17,243875
H-0266,1051,6,2.5,3552.0,2004.0,2,1.0,Rural,Average,No,2023-11-01,236246
H-0267,2779,4,1.5,7667.0,2023.0,2,2.0,Downtown,Average,No,2021-04-03,591637
H-0268,941,4,1.5,3514.0,1950.0,1,2.0,Rural,Average,No,2020-11-08,158157
H-0269,1535,3,2.0,5895.0,1987.0,2,2.0,Suburbs,Fair,No,2020-05-05,277256
H-0270,1878,4,2.0,6607.0,1958.0,2,0.0,Suburbs,Good,No,2022-06-02,303583
H-0271,2664,4,2.5,8229.0,2020.0,2,0.0,Suburbs,Fair,No,2023-10-23,378142
H-0272,938,4,1.0,2119.0,1966.0,3,2.0,Industrial,Good,No,2021-02-23,125932
H-0273,2497,4,2.5,9881.0,2001.0,2,1.0,Industrial,Average,Yes,2022-02-10,247904
H-0274,1806,4,1.5,3946.0,1967.0,1,2.0,Industrial,Fair,Yes,2020-09-26,114800
H-0275,1211,3,2.5,2430.0,2012.0,2,1.0,Downtown,Average,No,2021-11-07,334691
H-0276,2077,3,2.5,5411.0,1982.0,2,2.0,Waterfront,Fair,No,2020-01-26,436798
H-0277,1919,4,2.5,3151.0,1953.0,3,3.0,Suburbs,Average,No,2024-03-04,302771
H-0278,1439,3,3.0,5678.0,2001.0,2,3.0,Rural,Poor,No,2023-02-06,145007
H-0279,1841,4,2.0,5469.0,1958.0,2,1.0,Suburbs,Good,No,2021-07-11,305624
H-0280,1568,3,3.0,4535.0,2013.0,2,2.0,Rural,Good,No,2024-01-15,236005
H-0281,1868,4,2.0,5864.0,1979.0,2,1.0,Industrial,Fair,No,2020-11-02,143282
H-0282,2197,4,2.5,6025.0,1957.0,2,2.0,Suburbs,Fair,No,2020-05-11,289661
H-0283,2751,3,2.5,4347.0,1954.0,3,1.0,Suburbs,Average,No,2024-04-26,378584
H-0284,1057,2,1.0,3203.0,2012.0,2,2.0,Downtown,Poor,No,2021-06-01,142592
H-0285,3079,2,3.0,,1950.0,1,2.0,Suburbs,Average,No,2024-04-15,426308
H-0286,628,4,2.5,1596.0,1964.0,3,3.0,Suburbs,Poor,No,2022-12-03,111507
H-0287,1708,4,2.0,5795.0,1987.0,1,2.0,Waterfront,Average,No,2024-06-28,481560
H-0288,2152,1,1.0,4449.0,1991.0,1,2.0,Suburbs,Good,No,2023-06-15,326104
H-0289,1968,4,1.0,4040.0,1995.0,2,3.0,Rural,Average,No,2020-06-25,261671
H-0290,1426,3,3.5,2714.0,2002.0,1,1.0,Suburbs,Poor,No,2023-11-27,148208
H-0291,1675,3,3.0,4070.0,1975.0,3,3.0,Suburbs,Good,No,2020-09-04,302430
H-0292,1504,5,1.5,5440.0,2010.0,2,2.0,Suburbs,Poor,No,2023-03-04,222101
H-0293,1446,3,2.0,5161.0,2016.0,2,3.0,Downtown,Fair,No,2022-04-17,350214
H-0294,2309,3,2.5,5673.0,2003.0,1,0.0,Rural,Average,No,2023-03-30,232999
H-0295,2014,1,3.0,5987.0,1971.0,1,1.0,Downtown,Average,Yes,2023-07-04,370493
H-0296,1384,2,1.0,4570.0,1975.0,2,2.0,Rural,Average,Yes,2023-09-07,184729
H-0297,2339,3,2.0,,2009.0,2,3.0,Downtown,Average,Yes,2023-10-29,555866
H-0298,1984,1,3.5,3809.0,1988.0,2,0.0,Industrial,Excellent,Yes,2023-11-19,244004
H-0299,2287,4,1.0,8988.0,1985.0,1,0.0,Waterfront,Poor,No,2021-11-21,413210
H-0300,2177,3,2.0,6626.0,1970.0,2,1.0,Suburbs,Average,No,2024-01-28,341668
H-0301,1302,3,4.0,5147.0,1990.0,1,3.0,Suburbs,Poor,No,2023-04-19,201613
H-0302,1463,2,2.5,3429.0,1997.0,2,2.0,Suburbs,Average,Yes,2023-11-05,296014
H-0303,2248,3,2.0,7323.0,1975.0,2,1.0,Rural,Average,No,2024-07-13,236806
H-0304,2166,4,1.0,4454.0,2012.0,1,0.0,Suburbs,Average,No,2020-07-13,325482
H-0305,1787,5,1.0,3847.0,1985.0,2,2.0,Rural,Fair,No,2021-09-12,192558
H-0306,1870,2,2.0,5198.0,1973.0,1,1.0,Downtown,Good,Yes,2023-09-12,378156
H-0307,2566,5,3.5,5899.0,1970.0,2,2.0,Downtown,,No,2020-05-24,369724
H-0308,1445,4,2.0,2773.0,1967.0,2,2.0,Suburbs,Average,No,2022-06-24,275073
H-0309,2128,4,3.0,4590.0,1964.0,1,2.0,Downtown,Poor,Yes,2023-12-07,310761
H-0310,1678,3,3.5,2666.0,1955.0,3,3.0,Rural,Fair,No,2020-02-01,173811
H-0311,1669,2,2.0,5442.0,1992.0,2,2.0,Downtown,Fair,No,2024-04-21,322648
H-0312,2459,2,1.5,6713.0,1980.0,3,1.0,Waterfront,Average,No,2024-06-25,493627
H-0313,2295,4,2.5,3983.0,1977.0,1,2.0,Rural,Average,No,2021-06-23,281838
H-0314,2288,3,3.5,4414.0,1957.0,3,1.0,Suburbs,Fair,No,2023-07-07,335769
H-0315,2583,5,3.0,4536.0,1978.0,1,3.0,Suburbs,Average,No,2020-07-31,455678
H-0316,1812,3,1.0,,1970.0,2,0.0,Suburbs,Average,Yes,2023-07-17,197444
H-0317,2209,2,3.0,3833.0,2007.0,3,2.0,Rural,Fair,No,2022-03-17,217314
H-0318,1613,4,2.5,5461.0,2009.0,1,0.0,Suburbs,Average,No,2023-12-11,264370
H-0319,1994,3,3.5,3093.0,1999.0,1,0.0,Downtown,Average,No,2020-12-21,445929
H-0320,1721,3,1.5,3654.0,1980.0,2,2.0,Suburbs,Good,No,2023-01-31,318686
H-0321,1858,4,2.5,6924.0,1996.0,2,3.0,Suburbs,Good,No,2023-08-08,381709
H-0322,2157,5,3.5,7110.0,1983.0,2,3.0,Industrial,Fair,No,2020-12-04,153781
H-0323,1309,4,2.0,2202.0,1951.0,1,1.0,Waterfront,Fair,No,2023-10-01,285584
H-0324,3055,4,2.5,10853.0,2016.0,2,,Downtown,Excellent,No,2024-05-22,777128
H-0325,1196,4,1.0,3268.0,2021.0,1,2.0,Rural,Fair,No,2022-10-28,151730
H-0326,1071,5,2.0,3873.0,2001.0,3,1.0,Industrial,Excellent,Yes,2023-08-06,176160
H-0327,2494,3,2.0,7486.0,1956.0,2,2.0,Downtown,Average,No,2022-06-10,499009
H-0328,2274,1,3.5,7287.0,1968.0,2,2.0,Rural,Excellent,No,2022-09-28,284996
H-0329,2174,3,2.0,8660.0,1964.0,1,2.0,Suburbs,Poor,No,2020-01-23,275650
H-0330,2177,3,2.5,4529.0,1997.0,3,2.0,Rural,Poor,No,2022-05-27,183579
H-0331,1792,4,3.0,5483.0,1963.0,2,2.0,Rural,Average,No,2022-08-21,209803
H-0332,1261,4,1.5,3342.0,1952.0,3,2.0,Industrial,Good,No,2023-01-26,141717
H-0333,1845,4,2.5,,1999.0,1,1.0,Suburbs,Average,No,2020-10-10,345088
H-0334,1393,1,3.0,2139.0,2003.0,2,1.0,Rural,Fair,No,2021-02-08,164554
H-0335,2385,4,3.5,4288.0,1955.0,2,2.0,Suburbs,Good,Yes,2023-06-19,335362
H-0336,1711,3,2.5,5342.0,1998.0,1,1.0,Suburbs,Average,No,2020-10-07,276636
H-0337,1304,4,3.0,3804.0,1972.0,2,0.0,Industrial,Average,No,2021-11-27,133413
H-0338,1607,4,1.5,4633.0,1969.0,1,3.0,Rural,Good,No,2021-02-23,240074
H-0339,2047,3,3.5,3233.0,2009.0,2,2.0,Suburbs,Excellent,No,2022-07-01,454439
H-0340,1461,2,1.5,3905.0,1994.0,2,2.0,Rural,Average,No,2024-07-10,193043
H-0341,1306,2,3.0,4977.0,2010.0,2,2.0,Downtown,Average,No,2023-11-27,360854
H-0342,1946,4,2.0,4853.0,2005.0,2,1.0,Suburbs,Poor,No,2021-03-27,271147
H-0343,1946,5,3.5,5959.0,1951.0,2,3.0,Rural,Excellent,No,2021-09-09,305538
H-0344,1495,4,3.0,5157.0,1994.0,1,0.0,Suburbs,Average,No,2024-03-17,304895
H-0345,1517,2,3.0,5248.0,1989.0,2,2.0,Suburbs,Average,Yes,2024-02-12,282320
H-0346,1939,3,2.0,5425.0,1973.0,3,2.0,Rural,Good,No,2020-09-25,251346
H-0347,931,4,2.0,3393.0,1978.0,2,2.0,Suburbs,Average,No,2023-10-20,201585
H-0348,955,4,2.5,2366.0,2016.0,1,2.0,Downtown,Good,No,2021-05-13,300216
H-0349,1368,2,3.0,5091.0,2017.0,2,3.0,Suburbs,Good,No,2022-06-29,282512
H-0350,1671,1,1.5,3510.0,2015.0,2,2.0,Industrial,Fair,Yes,2020-01-09,130249
H-0351,1986,4,4.0,4370.0,2003.0,2,1.0,Waterfront,Average,No,2024-07-29,559741
H-0352,2685,3,3.5,4384.0,2002.0,2,2.0,Suburbs,Poor,No,2023-06-28,334869
H-0353,2314,3,2.0,8073.0,1998.0,1,3.0,Downtown,Good,No,2021-02-08,527561
H-0354,1704,1,3.0,4332.0,1981.0,2,,Rural,Average,No,2023-02-18,240676
H-0355,1788,3,2.5,3706.0,2010.0,2,2.0,Rural,Good,No,2021-05-05,229942
H-0356,1198,5,2.5,2491.0,1991.0,1,2.0,Suburbs,Good,No,2020-05-29,276177
H-0357,1788,5,2.0,6711.0,1950.0,1,1.0,Suburbs,Fair,No,2021-12-12,264353
H-0358,1626,4,2.5,5828.0,2012.0,2,0.0,Industrial,Average,Yes,2022-10-24,171411
H-0359,1993,3,3.0,5747.0,1984.0,2,3.0,Suburbs,Good,No,2020-05-30,356010
H-0360,1303,2,2.0,3961.0,2000.0,2,2.0,Suburbs,Average,No,2022-05-17,232071
H-0361,2111,3,2.5,5669.0,2020.0,3,1.0,Rural,Poor,Yes,2022-05-11,154738
H-0362,2719,3,3.0,6740.0,1994.0,1,3.0,Downtown,Excellent,No,2022-11-18,674251
H-0363,1734,4,3.0,6569.0,2014.0,3,2.0,Downtown,Good,No,2021-02-13,475913
H-0364,2041,3,1.0,3702.0,1963.0,2,2.0,Industrial,Good,Yes,2020-02-04,180175
H-0365,2214,3,3.5,5637.0,1952.0,2,1.0,Suburbs,Fair,No,2021-06-27,271421
H-0366,1559,2,2.5,3681.0,1973.0,3,3.0,Suburbs,Good,Yes,2021-10-29,299116
H-0367,1934,3,2.0,5309.0,2014.0,2,2.0,Suburbs,Good,No,2022-11-30,322684
H-0368,1807,2,2.0,4777.0,1997.0,2,2.0,Waterfront,Average,No,2024-04-06,458298
H-0369,1858,2,2.5,5197.0,1959.0,3,0.0,Rural,Average,Yes,2020-12-06,191167
H-0370,1336,6,3.5,2471.0,1962.0,2,1.0,Downtown,Fair,No,2023-02-24,310265
H-0371,1814,3,2.0,5048.0,2022.0,2,1.0,Rural,Average,No,2020-06-12,199886
H-0372,2098,3,3.0,4418.0,1963.0,3,3.0,Suburbs,Average,No,2020-11-15,326796
H-0373,2670,5,1.0,5235.0,1959.0,2,1.0,Suburbs,Poor,No,2022-05-02,277972
H-0374,2375,6,2.5,3947.0,1989.0,2,2.0,Rural,,No,2023-03-31,293184
H-0375,3091,4,4.0,10529.0,1972.0,2,0.0,Downtown,Good,No,2023-12-08,619394
H-0376,1339,4,3.0,3439.0,2004.0,2,1.0,Industrial,Average,No,2023-05-30,158127
H-0377,2323,3,2.0,7123.0,2012.0,1,1.0,Rural,Fair,No,2020-01-26,224620
H-0378,1910,3,2.5,6339.0,2020.0,2,2.0,Suburbs,Average,No,2023-02-18,367632
H-0379,3113,3,2.0,9956.0,1991.0,1,2.0,Rural,Good,No,2023-10-12,374433
H-0380,1315,4,2.0,3519.0,2015.0,2,3.0,Suburbs,Fair,No,2022-05-29,244319
H-0381,1296,4,3.0,3200.0,2022.0,3,3.0,Rural,Average,No,2024-06-04,216167
H-0382,1440,3,3.0,3513.0,1996.0,2,0.0,Downtown,Fair,Yes,2020-01-08,304179
H-0383,525,2,2.0,1627.0,2001.0,1,2.0,Suburbs,Fair,No,2023-10-02,113931
H-0384,1484,4,3.5,4061.0,1967.0,1,2.0,Rural,Good,No,2021-07-14,219468
H-0385,1344,2,2.5,4869.0,1967.0,2,3.0,Waterfront,Fair,No,2022-12-24,282967
H-0386,1890,4,2.0,6967.0,1973.0,3,0.0,Suburbs,Good,No,2023-03-06,314648
H-0387,2005,4,2.5,3862.0,1972.0,2,2.0,Suburbs,Fair,No,2021-05-27,316006
H-0388,2925,4,2.5,5383.0,1961.0,1,1.0,Suburbs,Fair,No,2024-07-24,375529
H-0389,2370,4,2.5,7290.0,1972.0,2,1.0,Suburbs,Average,No,2020-06-21,393797
H-0390,1453,5,2.5,3273.0,1970.0,2,0.0,Suburbs,Average,No,2020-09-19,246062
H-0391,1260,3,2.5,1948.0,2013.0,2,1.0,Rural,Good,No,2024-02-02,146320
H-0392,2095,4,1.5,7796.0,2021.0,2,2.0,Suburbs,Excellent,Yes,2020-07-18,444090
H-0393,1007,4,3.0,2081.0,1983.0,2,2.0,Industrial,Good,No,2021-09-30,145057
H-0394,2898,2,2.5,11079.0,1951.0,2,2.0,Suburbs,Fair,No,2023-05-12,361345
H-0395,2507,1,1.5,8257.0,2018.0,2,1.0,Waterfront,Average,No,2023-08-17,602436
H-0396,1518,3,3.0,5171.0,1980.0,1,1.0,Suburbs,Good,No,2024-05-17,262237
H-0397,772,3,3.5,1546.0,2017.0,3,2.0,Waterfront,Fair,Yes,2023-08-14,249360
H-0398,2612,4,3.5,5447.0,2019.0,2,3.0,Downtown,Good,No,2023-11-14,671403
H-0399,1731,4,2.0,4852.0,1968.0,1,0.0,Rural,Fair,Yes,2024-05-08,135161
H-0400,2542,2,1.5,4906.0,2021.0,3,2.0,Suburbs,Average,No,2022-07-15,399572
H-0401,843,2,2.5,1908.0,1962.0,2,0.0,Suburbs,Average,Yes,2021-07-28,111051
H-0402,1440,5,1.5,3317.0,2014.0,1,2.0,Downtown,Good,No,2023-06-28,397548
H-0403,1803,2,3.5,3424.0,1955.0,2,1.0,Downtown,Fair,No,2020-09-30,339821
H-0404,1828,3,1.5,3679.0,2020.0,3,0.0,Rural,Excellent,No,2020-04-24,261597
H-0405,1529,4,2.0,5307.0,1976.0,2,,Suburbs,Good,No,2023-08-07,315066
H-0406,2173,3,2.0,4167.0,2001.0,1,1.0,Rural,Average,No,2024-05-10,251721
H-0407,1159,2,2.0,1820.0,1997.0,2,1.0,Suburbs,Fair,No,2022-01-10,181190
H-0408,1714,2,3.0,5267.0,2017.0,2,2.0,Suburbs,Excellent,Yes,2020-09-26,343636
H-0409,1872,2,2.5,7375.0,1993.0,2,0.0,Waterfront,Average,No,2022-04-12,493674
H-0410,2108,4,1.5,4907.0,1966.0,1,0.0,Rural,Average,Yes,2021-10-20,252588
H-0411,2226,3,2.0,3999.0,1987.0,2,1.0,Suburbs,Average,No,2021-09-15,324096
H-0412,1125,3,2.5,3291.0,1959.0,1,3.0,Rural,Average,No,2022-11-17,186810
H-0413,879,4,1.5,3310.0,2003.0,2,2.0,Waterfront,Good,No,2020-10-19,353276
H-0414,2566,4,2.5,8878.0,1955.0,3,2.0,Waterfront,Good,No,2021-09-28,640731
H-0415,1999,1,2.5,6109.0,1955.0,1,2.0,Downtown,Average,No,2023-12-25,380130
H-0416,1350,3,3.0,3088.0,2001.0,2,1.0,Waterfront,Excellent,No,2023-05-06,458952
H-0417,2730,4,3.5,7793.0,1964.0,2,0.0,Suburbs,Average,Yes,2020-04-03,447140
H-0418,1869,3,3.5,3229.0,2017.0,2,2.0,Rural,Good,No,2022-05-10,254480
H-0419,2507,3,3.5,8015.0,2006.0,2,2.0,Suburbs,Average,No,2020-06-01,441234
H-0420,1840,4,2.0,6095.0,2005.0,2,3.0,Rural,Average,No,2024-05-21,279116
H-0421,3036,5,1.5,11878.0,1956.0,3,3.0,Rural,Fair,Yes,2021-02-13,304308
H-0422,2853,4,2.0,6136.0,2000.0,2,2.0,Suburbs,Average,No,2024-04-10,429441
H-0423,1650,4,3.5,2551.0,2007.0,2,2.0,Suburbs,Good,No,2023-10-28,325825
H-0424,2382,4,4.0,6822.0,2013.0,2,1.0,Rural,Excellent,No,2022-07-11,343337
H-0425,2187,3,3.5,7144.0,1975.0,3,1.0,Suburbs,Average,No,2021-07-16,365335
H-0426,2621,4,1.5,9110.0,2007.0,1,3.0,Downtown,Average,No,2023-12-07,578159
H-0427,1221,3,3.5,2422.0,1980.0,1,1.0,Downtown,Average,Yes,2020-09-12,295433
H-0428,2211,2,2.0,4763.0,2015.0,2,3.0,Rural,Average,Yes,2020-10-28,251803
H-0429,2435,4,1.0,6772.0,1962.0,2,2.0,Waterfront,Fair,No,2021-01-11,474350
H-0430,744,4,2.0,1730.0,1967.0,3,2.0,Rural,Fair,No,2022-09-27,101229
H-0431,1090,3,1.0,3979.0,1962.0,1,1.0,Suburbs,Excellent,No,2021-06-10,248208
H-0432,576,5,2.5,1546.0,1973.0,2,2.0,Suburbs,Average,Yes,2024-07-13,159449
H-0433,1638,1,2.0,5731.0,2006.0,2,2.0,Suburbs,Excellent,No,2020-11-22,299178
H-0434,2230,3,2.5,6581.0,1978.0,2,2.0,Industrial,Average,No,2023-09-10,202422
H-0435,2701,2,2.5,9271.0,2005.0,2,1.0,Suburbs,Average,No,2020-06-09,403401
H-0436,1844,4,3.5,,2003.0,1,0.0,Suburbs,Average,No,2021-08-14,331409
H-0437,2777,4,3.0,9937.0,1954.0,1,2.0,Rural,Good,No,2021-02-12,307375
H-0438,971,3,2.0,2123.0,1984.0,3,1.0,Waterfront,Fair,No,2024-06-23,215821
H-0439,777,4,3.0,2226.0,1968.0,2,2.0,Downtown,Good,No,2020-02-13,240763
H-0440,1766,3,3.5,3593.0,2004.0,1,2.0,Suburbs,Good,No,2023-04-23,343238
H-0441,2030,4,1.5,5458.0,2018.0,2,1.0,Suburbs,Good,Yes,2021-02-18,390328
H-0442,1780,3,2.5,4085.0,,3,2.0,Rural,Average,Yes,2023-09-20,201923
H-0443,559,3,2.0,1211.0,1987.0,2,1.0,Downtown,Excellent,No,2021-06-04,218021
H-0444,1746,5,1.0,6839.0,,2,2.0,Rural,Good,Yes,2020-11-09,238230
H-0445,1017,3,3.0,1932.0,1971.0,2,0.0,Suburbs,Good,No,2023-03-06,196627
H-0446,2201,2,3.5,7633.0,2022.0,2,1.0,Waterfront,Good,No,2021-03-07,638072
H-0447,2019,4,1.5,7996.0,1989.0,1,1.0,Suburbs,Excellent,No,2022-03-23,463200
H-0448,1236,5,3.0,1915.0,1975.0,1,2.0,Downtown,Good,Yes,2020-08-08,346769
H-0449,1491,3,3.5,4842.0,1954.0,2,,Rural,Average,No,2023-04-27,164431
H-0450,1164,2,3.5,2481.0,2003.0,2,1.0,Rural,Average,No,2021-11-12,165620
H-0451,1762,3,2.0,2821.0,1998.0,2,2.0,Rural,Good,Yes,2020-08-23,221579
H-0452,2373,3,3.5,5949.0,1952.0,1,0.0,Rural,Average,No,2023-05-26,254206
H-0453,1208,2,2.0,4636.0,1987.0,1,2.0,Downtown,Good,No,2020-06-22,303565
H-0454,2102,4,2.5,3214.0,1963.0,1,2.0,Suburbs,Good,No,2022-08-20,345122
H-0455,1481,6,1.0,4398.0,1996.0,1,3.0,Suburbs,Fair,Yes,2022-10-13,274995
H-0456,1324,3,1.0,3645.0,1963.0,2,0.0,Industrial,Average,No,2024-04-06,128169
H-0457,1735,3,3.0,6390.0,2022.0,2,1.0,Suburbs,Poor,No,2020-09-09,221237
H-0458,1178,3,2.0,2014.0,1987.0,2,2.0,Downtown,Good,No,2022-12-29,306378
H-0459,1467,2,2.0,4699.0,2013.0,2,2.0,Suburbs,Fair,No,2021-09-29,229920
H-0460,1081,5,1.5,3459.0,1993.0,1,1.0,Waterfront,Average,No,2021-11-01,296587
H-0461,2978,3,3.0,9448.0,2019.0,2,2.0,Waterfront,Fair,Yes,2022-04-20,637051
H-0462,1821,3,1.0,7021.0,2014.0,1,2.0,Industrial,Poor,No,2021-01-26,154147
H-0463,1380,4,3.0,4909.0,1974.0,1,0.0,Suburbs,Excellent,No,2022-02-11,300264
H-0464,1928,3,1.0,3094.0,1965.0,1,2.0,Rural,Excellent,No,2023-02-23,225038
H-0465,1732,4,1.5,4637.0,1964.0,3,1.0,Suburbs,Average,No,2022-02-04,265938
H-0466,1667,2,2.0,4158.0,1952.0,2,3.0,Downtown,Good,No,2020-03-12,362747
H-0467,2168,4,2.5,4932.0,2016.0,3,2.0,Downtown,Fair,No,2021-03-07,409561
H-0468,2254,5,2.0,5924.0,,2,0.0,Suburbs,Excellent,No,2021-08-11,447283
H-0469,1481,4,2.0,3643.0,2004.0,2,2.0,Rural,Fair,No,2021-08-16,174501
H-0470,1454,5,4.0,3752.0,1987.0,2,3.0,Industrial,Good,No,2020-05-15,175312
H-0471,1634,2,2.5,6451.0,2012.0,1,2.0,Downtown,Good,No,2022-01-22,429686
H-0472,418,3,1.0,719.0,1950.0,1,1.0,Industrial,Poor,No,2023-03-04,68244
H-0473,890,4,2.0,3386.0,2020.0,3,2.0,Suburbs,Excellent,Yes,2020-03-22,276117
H-0474,2620,4,3.5,7075.0,1968.0,2,2.0,Suburbs,Good,No,2023-06-11,440655
H-0475,2786,3,2.0,8523.0,2001.0,1,0.0,Suburbs,Excellent,Yes,2024-05-17,500489
H-0476,1650,3,1.0,5899.0,1979.0,1,1.0,Suburbs,Fair,Yes,2020-01-16,218544
H-0477,2145,2,3.0,5150.0,2004.0,3,2.0,Suburbs,Average,Yes,2020-11-20,345723
H-0478,1986,3,2.5,5116.0,1963.0,3,2.0,Rural,Fair,No,2022-06-28,202359
H-0479,3647,2,2.5,9204.0,1962.0,2,1.0,Rural,Average,Yes,2020-12-31,350959
H-0480,2471,4,1.0,6021.0,1976.0,1,2.0,Waterfront,Good,No,2023-07-03,556617
H-0481,1723,3,1.5,6571.0,1958.0,2,2.0,Suburbs,Excellent,Yes,2021-06-06,306403
H-0482,1226,2,2.5,4379.0,1990.0,2,1.0,Rural,Good,Yes,2021-05-06,147163
H-0483,836,4,2.0,1481.0,1997.0,2,1.0,Rural,Average,No,2020-01-02,124283
H-0484,1922,4,2.5,3402.0,1961.0,2,2.0,Industrial,Average,No,2021-03-28,196174
H-0485,1346,5,2.5,3458.0,1959.0,2,2.0,Suburbs,Good,No,2020-12-30,266744
H-0486,946,4,2.0,1652.0,1955.0,2,2.0,Industrial,Good,No,2021-07-28,130991
H-0487,1412,3,3.5,4303.0,1983.0,3,1.0,Rural,Good,Yes,2020-09-04,226219
H-0488,1151,4,3.0,2139.0,2001.0,2,2.0,Rural,Good,No,2022-09-22,174035
H-0489,2812,3,3.0,7890.0,1990.0,2,,Downtown,Good,No,2021-02-03,602382
H-0490,2328,2,1.0,3534.0,1955.0,1,2.0,Suburbs,Good,No,2023-10-24,302417
H-0491,1795,4,1.5,4113.0,1951.0,1,1.0,Suburbs,Excellent,No,2021-04-21,311305
H-0492,2687,5,2.5,8579.0,1964.0,2,2.0,Downtown,Fair,No,2020-12-18,487888
H-0493,1846,3,1.5,5002.0,1966.0,2,1.0,Suburbs,Good,Yes,2020-04-05,311759
H-0494,1283,3,4.0,5062.0,1965.0,2,,Industrial,Fair,Yes,2023-05-23,139504
H-0495,2713,2,1.5,9998.0,1977.0,1,1.0,Suburbs,Average,No,2022-04-30,371811
H-0496,2123,2,2.5,5090.0,2021.0,1,1.0,Downtown,Average,Yes,2020-07-09,444872
H-0497,1177,3,2.0,1899.0,1959.0,2,2.0,Suburbs,Excellent,No,2021-01-05,242675
H-0498,1685,4,2.5,6089.0,1959.0,2,0.0,Downtown,Average,No,2024-07-29,399240
H-0499,1274,2,1.5,4813.0,1959.0,2,3.0,Suburbs,Good,No,2023-09-11,238812
H-0500,970,5,2.0,3445.0,2022.0,2,2.0,Suburbs,Excellent,No,2021-08-08,304145
H-0501,2355,4,2.0,4285.0,1977.0,2,2.0,Suburbs,Fair,No,2022-06-27,319779
H-0502,2945,4,3.5,,1973.0,2,2.0,Rural,Average,No,2021-11-27,327221
H-0503,960,4,1.0,2060.0,1968.0,2,2.0,Downtown,Good,No,2020-03-01,271696
H-0504,2137,2,3.5,7074.0,2017.0,1,2.0,Waterfront,Average,No,2023-07-27,558086
H-0505,1409,3,3.0,5312.0,2005.0,2,2.0,Industrial,Good,No,2023-04-15,208335
H-0506,1507,4,2.0,3148.0,2016.0,2,2.0,Downtown,Average,No,2021-11-15,367074
H-0507,1444,4,3.0,5444.0,1991.0,1,,Waterfront,Average,No,2023-11-17,447195
H-0508,1281,4,1.0,2912.0,1961.0,3,2.0,Suburbs,Excellent,No,2022-06-14,286390
H-0509,1829,3,4.0,7208.0,1967.0,2,,Suburbs,Good,Yes,2020-04-19,341234
H-0510,1301,5,2.5,2866.0,1972.0,2,2.0,Suburbs,Average,No,2021-03-10,267263
H-0511,1962,2,2.0,7619.0,1955.0,2,1.0,Suburbs,Average,No,2022-02-12,286931
H-0512,1769,5,2.0,2890.0,2002.0,1,1.0,Industrial,Average,Yes,2020-06-22,174312
H-0513,1656,6,1.0,5420.0,1991.0,1,3.0,Suburbs,Average,Yes,2022-08-13,368884
H-0514,1255,2,4.0,3551.0,2015.0,2,1.0,Downtown,Average,No,2020-07-20,320091
H-0515,1453,4,1.0,3915.0,1979.0,1,2.0,Suburbs,Good,Yes,2020-12-01,247097
H-0516,2253,1,3.0,4638.0,1958.0,1,1.0,Suburbs,Fair,Yes,2024-02-05,247125
H-0517,2100,3,2.0,6854.0,1991.0,3,2.0,Industrial,Excellent,No,2024-07-31,278936
H-0518,1213,3,3.5,2398.0,1983.0,2,2.0,Suburbs,Average,Yes,2022-07-10,288399
H-0519,1859,4,2.0,5357.0,1989.0,1,1.0,Suburbs,Poor,Yes,2022-11-03,231290
H-0520,2250,5,2.5,4799.0,1966.0,2,2.0,Suburbs,Average,No,2023-08-27,386186
H-0521,798,4,2.5,3103.0,1978.0,2,2.0,Suburbs,Average,No,2023-03-11,237846
H-0522,2126,3,3.0,3341.0,1999.0,2,2.0,Downtown,Good,No,2020-11-01,464241
H-0523,1402,4,1.0,2803.0,1998.0,1,2.0,Suburbs,Fair,No,2021-11-20,228841
H-0524,2142,5,1.5,4510.0,2022.0,2,1.0,Downtown,Good,No,2022-06-14,556679
H-0525,1342,1,2.0,3402.0,2010.0,1,2.0,Waterfront,Average,No,2021-08-25,362403
H-0526,717,6,3.0,1492.0,1995.0,2,0.0,Suburbs,Good,Yes,2020-10-21,211661
H-0527,823,2,1.5,2245.0,1995.0,2,1.0,Waterfront,Excellent,Yes,2023-05-17,292069
H-0528,1828,4,2.5,,1966.0,1,3.0,Industrial,Good,No,2020-11-28,244987
H-0529,1955,3,2.0,6412.0,2015.0,1,2.0,Industrial,Good,No,2021-03-12,223060
H-0530,1257,2,3.5,3708.0,1954.0,2,2.0,Downtown,Fair,No,2021-04-24,229915
H-0531,2183,3,3.5,3760.0,2003.0,2,2.0,Industrial,Fair,No,2020-09-27,201682
H-0532,803,4,2.5,2597.0,1965.0,1,1.0,Rural,Average,No,2023-11-23,111180
H-0533,1760,3,2.0,3372.0,1956.0,1,2.0,Rural,Excellent,Yes,2022-10-19,215423
H-0534,1073,2,2.0,3718.0,1957.0,3,2.0,Downtown,Good,No,2023-10-29,252350
H-0535,1408,4,1.0,2992.0,2021.0,1,1.0,Downtown,Average,No,2022-04-06,343249
H-0536,1828,5,2.0,4647.0,1987.0,3,2.0,Industrial,Good,No,2022-05-19,194036
H-0537,1283,3,3.0,3048.0,2003.0,1,2.0,Suburbs,Average,No,2022-10-28,267064
H-0538,1569,3,2.5,5722.0,1964.0,1,0.0,Downtown,Excellent,No,2021-09-12,393760
H-0539,2403,3,3.5,4364.0,1999.0,2,2.0,Suburbs,Average,No,2022-04-11,412696
H-0540,1453,1,2.0,4234.0,2005.0,1,2.0,Industrial,Fair,No,2022-07-04,125695
H-0541,2301,4,3.0,4268.0,1958.0,1,1.0,Suburbs,Average,No,2024-05-15,347122
H-0542,1122,4,2.5,3659.0,1957.0,1,2.0,Industrial,Fair,No,2024-01-17,113839
H-0543,2117,4,2.5,7965.0,1968.0,3,3.0,Suburbs,Fair,No,2020-08-04,341583
H-0544,2664,3,2.0,6890.0,2000.0,2,2.0,Suburbs,Average,Yes,2020-03-10,439508
H-0545,400,4,2.5,1088.0,2021.0,2,2.0,Suburbs,Average,Yes,2023-02-12,133883
H-0546,1321,4,2.5,5044.0,2006.0,2,3.0,Rural,Good,No,2020-03-23,205225
H-0547,2146,4,3.0,6014.0,2017.0,2,3.0,Suburbs,Fair,No,2020-04-11,348557
H-0548,1678,4,3.5,4562.0,1980.0,2,1.0,Suburbs,Average,No,2020-09-23,263063
H-0549,2022,4,2.0,5956.0,1952.0,2,2.0,Suburbs,Fair,No,2021-08-11,282458
H-0550,1437,4,1.0,4631.0,1992.0,1,0.0,Suburbs,Average,Yes,2021-12-29,233498
H-0551,1851,3,2.5,3271.0,1978.0,1,2.0,Rural,Good,No,2022-05-19,207858
H-0552,1706,5,2.5,6061.0,1959.0,1,3.0,Suburbs,Poor,No,2024-07-19,211307
H-0553,2500,3,1.5,6471.0,1961.0,1,1.0,Downtown,Good,No,2021-10-06,508771
H-0554,1952,4,3.0,3281.0,1995.0,1,2.0,Downtown,Fair,No,2021-02-10,393828
H-0555,2002,3,4.0,6937.0,1979.0,3,2.0,Suburbs,Good,No,2022-08-20,361650
H-0556,1552,4,3.5,3790.0,1981.0,3,1.0,Industrial,Good,No,2020-12-26,171397
H-0557,1507,4,1.5,2638.0,2022.0,1,1.0,Suburbs,Average,Yes,2024-04-23,284196
H-0558,1540,2,3.5,4750.0,1996.0,1,2.0,Downtown,Fair,Yes,2021-03-09,345422
H-0559,2036,2,3.0,7533.0,2012.0,1,1.0,Suburbs,Fair,Yes,2024-07-15,291845
H-0560,1547,4,2.5,5753.0,1975.0,1,2.0,Rural,Fair,No,2021-12-01,136845
H-0561,1973,4,2.5,7683.0,1952.0,1,2.0,Suburbs,Good,No,2023-09-22,349560
H-0562,3045,3,3.0,11172.0,1972.0,3,2.0,Suburbs,Excellent,No,2022-12-21,566996
H-0563,2322,3,2.5,3495.0,2023.0,1,1.0,Rural,Average,No,2024-04-11,273630
H-0564,1604,4,2.0,3930.0,1999.0,1,2.0,Rural,Average,No,2022-11-12,209468
H-0565,2520,2,2.5,8936.0,1985.0,1,0.0,Downtown,Fair,No,2022-08-30,417467
H-0566,1555,3,2.5,3756.0,1962.0,3,3.0,Downtown,Fair,No,2022-12-28,280833
H-0567,577,2,1.5,1733.0,1978.0,3,1.0,Suburbs,Average,No,2023-08-09,145221
H-0568,1195,2,3.5,3603.0,1987.0,2,3.0,Rural,Average,No,2024-02-13,160271
H-0569,677,3,3.0,1633.0,1954.0,2,2.0,Industrial,Fair,No,2021-03-22,78355
H-0570,1589,3,2.5,5976.0,1969.0,1,2.0,Suburbs,,No,2020-12-02,246587
H-0571,1811,2,1.0,4994.0,,1,1.0,Rural,Average,No,2020-02-27,185109
H-0572,2805,3,2.5,7466.0,1957.0,2,1.0,Downtown,Fair,No,2021-09-11,470689
H-0573,1996,3,1.5,7971.0,1997.0,2,2.0,Waterfront,Average,No,2023-11-17,540400
H-0574,1668,3,1.0,4559.0,1962.0,1,0.0,Rural,Excellent,No,2020-04-26,196135
H-0575,2297,3,2.5,4469.0,1973.0,2,3.0,Rural,Good,No,2022-06-20,305545
H-0576,473,4,2.0,1316.0,2014.0,2,2.0,Downtown,Good,No,2023-03-09,242837
H-0577,1941,2,2.5,6861.0,1983.0,1,3.0,Downtown,Good,No,2023-11-01,450228
H-0578,2262,3,1.0,7786.0,2000.0,2,2.0,Rural,Excellent,No,2022-09-03,296514
H-0579,912,2,2.0,3165.0,1952.0,2,0.0,Downtown,Fair,No,2020-11-07,168273
H-0580,2486,2,1.5,8129.0,2007.0,1,2.0,Downtown,Average,No,2024-06-02,472736
H-0581,2003,4,4.0,4277.0,2021.0,2,1.0,Downtown,Good,No,2020-06-07,526105
H-0582,1550,4,2.5,5665.0,2004.0,3,1.0,Downtown,Average,No,2023-07-11,365897
H-0583,2179,5,3.0,8135.0,1991.0,1,1.0,Rural,Average,No,2020-05-24,286420
H-0584,3162,4,2.0,6277.0,1970.0,2,3.0,Suburbs,Excellent,No,2020-08-28,552191
H-0585,1909,5,1.0,3486.0,1959.0,1,2.0,Suburbs,Good,No,2024-02-12,325483
H-0586,1948,1,4.0,7673.0,2006.0,2,2.0,Suburbs,Fair,No,2023-06-14,278669
H-0587,1524,2,2.0,5594.0,1974.0,2,1.0,Waterfront,Average,No,2021-09-03,356612
H-0588,1290,1,2.0,4815.0,2005.0,2,2.0,Industrial,Average,No,2022-12-05,151984
H-0589,2298,2,2.5,8539.0,1987.0,1,2.0,Suburbs,Average,No,2022-02-04,356462
H-0590,1286,3,1.0,3670.0,2010.0,3,1.0,Suburbs,Good,No,2020-04-21,226569
H-0591,1842,4,3.0,5739.0,1996.0,2,1.0,Suburbs,Average,No,2023-04-22,314812
H-0592,1513,1,2.5,4332.0,2003.0,2,2.0,Suburbs,Average,No,2023-07-01,274053
H-0593,2087,5,2.0,3397.0,1995.0,2,2.0,Rural,Average,No,2024-01-17,232421
H-0594,2000,4,1.0,6727.0,2017.0,1,1.0,Suburbs,Good,No,2022-06-24,368297
H-0595,2422,3,1.5,6692.0,1953.0,2,3.0,Suburbs,Fair,No,2023-01-31,348441
H-0596,1493,2,3.5,4657.0,2015.0,2,1.0,Suburbs,Good,No,2022-01-03,279524
H-0597,1638,2,3.0,4515.0,1992.0,2,2.0,Industrial,Average,No,2021-06-17,155738
H-0598,1212,2,2.0,3308.0,2011.0,1,0.0,Waterfront,Average,No,2021-11-20,337278
H-0599,1533,2,1.0,2957.0,1953.0,2,0.0,Rural,Average,No,2024-03-06,120852
H-0600,2026,3,3.0,4450.0,2014.0,2,3.0,Suburbs,Average,No,2020-10-01,390543
H-0601,2254,3,2.5,4276.0,2011.0,3,2.0,Suburbs,Good,No,2021-02-19,388022
H-0602,1246,3,2.0,2478.0,1951.0,1,2.0,Waterfront,Average,No,2022-10-11,339473
H-0603,2321,6,2.0,9127.0,1958.0,2,3.0,Downtown,,No,2020-07-13,563449
H-0604,2613,4,2.0,4919.0,2006.0,2,2.0,Rural,Excellent,No,2024-02-01,369533
H-0605,2048,5,3.0,4450.0,1994.0,3,2.0,Suburbs,Good,No,2020-03-20,384967
H-0606,2926,2,4.0,8709.0,1967.0,2,2.0,Suburbs,Average,No,2023-06-18,428662
H-0607,1335,3,1.5,4038.0,1997.0,3,2.0,Suburbs,Good,No,2021-09-17,251199
H-0608,1053,4,2.5,1984.0,1991.0,3,2.0,Waterfront,Good,No,2020-03-26,388869
H-0609,732,2,2.0,2550.0,1990.0,1,2.0,Downtown,Average,No,2023-11-12,211650
H-0610,2697,1,2.0,9339.0,2007.0,2,0.0,Rural,Fair,Yes,2022-12-08,274248
H-0611,2192,4,2.0,4588.0,1991.0,2,3.0,Waterfront,Fair,Yes,2020-01-15,480947
H-0612,1766,4,3.0,3923.0,1984.0,1,1.0,Industrial,Fair,Yes,2021-03-23,154677
H-0613,1967,3,2.5,7563.0,1987.0,1,3.0,Suburbs,Average,No,2021-08-12,346495
H-0614,1124,3,2.5,4006.0,2016.0,1,1.0,Suburbs,Average,No,2021-06-23,222128
H-0615,3267,3,2.0,10599.0,1990.0,2,1.0,Industrial,Average,No,2022-04-14,297526
H-0616,1877,1,1.5,3201.0,1999.0,2,0.0,Suburbs,Good,No,2022-05-31,271790
H-0617,1865,3,1.0,4747.0,2021.0,3,3.0,Suburbs,Excellent,No,2021-10-26,386748
H-0618,2235,2,3.0,6477.0,1994.0,2,1.0,Suburbs,Good,No,2021-07-09,370506
H-0619,2088,2,1.5,4110.0,2020.0,2,2.0,Downtown,Good,Yes,2022-04-24,449173
H-0620,1934,5,3.0,5068.0,1968.0,1,2.0,Suburbs,Average,No,2020-02-26,350656
H-0621,1325,4,2.0,3978.0,1966.0,2,,Rural,Average,No,2022-12-16,183166
H-0622,2082,4,2.0,4826.0,2014.0,2,3.0,Rural,Good,No,2022-10-11,266905
H-0623,2929,3,2.5,,2005.0,1,0.0,Downtown,Fair,Yes,2021-04-12,497953
H-0624,2607,3,2.0,9388.0,1990.0,2,2.0,Waterfront,Average,Yes,2020-10-27,609314
H-0625,2755,3,1.5,6361.0,1991.0,2,2.0,Suburbs,Average,No,2020-05-02,438686
H-0626,1493,2,2.0,5369.0,1955.0,1,1.0,Suburbs,Poor,No,2022-09-10,127423
H-0627,1206,2,3.0,2121.0,2018.0,2,1.0,Industrial,Excellent,No,2022-08-10,151386
H-0628,1724,4,3.0,6196.0,2022.0,1,2.0,Suburbs,Fair,No,2022-06-11,313761
H-0629,1833,4,2.0,3449.0,1989.0,2,3.0,Rural,Good,No,2024-07-07,227441
H-0630,2456,3,2.5,4193.0,1990.0,2,1.0,Suburbs,Average,No,2022-06-08,360082
H-0631,784,3,1.5,2433.0,1958.0,1,1.0,Rural,Poor,No,2023-04-23,89683
H-0632,2717,5,2.0,7281.0,1957.0,2,3.0,Suburbs,Average,No,2020-07-08,380239
H-0633,1705,2,1.0,6427.0,1993.0,2,0.0,Suburbs,Excellent,Yes,2021-05-15,314326
H-0634,1543,3,3.5,3715.0,2007.0,2,2.0,Suburbs,Excellent,No,2021-04-06,349200
H-0635,1192,3,2.0,2643.0,2016.0,1,2.0,Suburbs,Good,No,2022-08-22,242800
H-0636,807,4,2.0,2220.0,1962.0,1,1.0,Suburbs,Fair,No,2021-07-07,171711
H-0637,2293,6,2.0,6053.0,1968.0,1,2.0,Waterfront,Good,Yes,2022-12-09,614169
H-0638,1843,3,1.5,4351.0,1998.0,3,3.0,Suburbs,Good,No,2023-03-01,311287
H-0639,1026,5,2.5,3318.0,1979.0,1,2.0,Waterfront,Fair,No,2020-02-26,277541
H-0640,1022,4,1.0,3473.0,2015.0,2,2.0,Suburbs,Good,No,2022-12-06,238009
H-0641,1598,3,1.5,5804.0,2008.0,3,2.0,Suburbs,Fair,No,2020-07-14,222405
H-0642,2801,3,2.5,11013.0,2002.0,2,2.0,Industrial,Good,No,2022-02-17,316943
H-0643,1644,3,2.0,3561.0,2001.0,2,0.0,Industrial,Excellent,No,2023-05-01,173055
H-0644,898,6,3.0,2954.0,1980.0,3,2.0,Suburbs,Good,No,2023-03-23,256898
H-0645,1652,2,2.5,4106.0,1964.0,2,2.0,Waterfront,Poor,No,2021-05-16,237159
H-0646,1636,4,2.0,5223.0,1969.0,2,1.0,Suburbs,Average,Yes,2021-03-31,243720
H-0647,400,3,3.0,1075.0,1954.0,1,3.0,Downtown,Good,No,2022-01-06,188767
H-0648,1767,4,1.5,7040.0,1956.0,1,2.0,Suburbs,Average,No,2020-11-11,362266
H-0649,1661,3,2.5,5518.0,1967.0,2,3.0,Industrial,Average,Yes,2024-06-19,165203
H-0650,2217,4,2.0,8604.0,2005.0,1,1.0,Industrial,Good,No,2021-07-31,258090
H-0651,2909,4,2.0,10435.0,1994.0,2,2.0,Downtown,Average,No,2024-03-25,607553
H-0652,2475,4,2.5,9299.0,1977.0,1,2.0,Rural,Good,No,2024-02-29,322323
H-0653,1638,5,3.5,5792.0,,1,3.0,Waterfront,Good,No,2021-09-02,555549
H-0654,1136,2,4.0,3008.0,1951.0,2,,Suburbs,Average,No,2021-03-01,196564
H-0655,3344,4,2.5,7120.0,2017.0,1,3.0,Rural,Good,No,2023-07-14,398589
H-0656,1835,2,2.0,4451.0,1973.0,2,3.0,Suburbs,Poor,No,2021-01-18,169582
H-0657,1808,3,2.0,2803.0,1997.0,3,0.0,Suburbs,Excellent,No,2022-05-22,322757
H-0658,1785,3,2.0,5015.0,1994.0,2,2.0,Rural,Fair,No,2020-07-04,191233
H-0659,1918,3,2.5,5298.0,2007.0,2,1.0,Suburbs,Good,Yes,2021-10-08,333442
H-0660,1713,3,2.0,4818.0,1985.0,3,2.0,Suburbs,Fair,No,2020-05-10,241019
H-0661,1455,6,3.5,5725.0,1951.0,1,3.0,Downtown,Excellent,No,2021-04-19,505340
H-0662,1471,2,2.0,5558.0,1967.0,2,0.0,Rural,Poor,Yes,2023-01-18,102111
H-0663,1780,4,2.0,3389.0,1998.0,1,2.0,Suburbs,Good,No,2024-07-17,343251
H-0664,1473,3,2.0,3567.0,1957.0,1,2.0,Suburbs,Fair,Yes,2021-03-02,196837
H-0665,1372,2,3.0,3512.0,2007.0,3,1.0,Rural,Average,No,2022-03-03,192926
H-0666,1863,2,3.0,4473.0,1964.0,2,1.0,Downtown,Average,No,2022-01-20,394473
H-0667,1647,5,2.5,5758.0,1966.0,2,0.0,Waterfront,Good,Yes,2020-11-04,422090
H-0668,2702,5,2.0,7592.0,1972.0,2,0.0,Suburbs,Fair,No,2022-10-18,331550
H-0669,400,5,3.0,1172.0,2015.0,2,2.0,Suburbs,Good,No,2023-04-28,185899
H-0670,2454,6,1.0,8914.0,2019.0,3,2.0,Downtown,Average,Yes,2020-09-03,579678
H-0671,2547,3,3.5,8952.0,1976.0,2,0.0,Downtown,Average,No,2023-06-21,531186
H-0672,555,3,2.5,1015.0,1986.0,2,3.0,Industrial,Poor,No,2023-03-18,72951
H-0673,1594,4,2.0,5235.0,1998.0,2,2.0,Suburbs,Average,No,2020-11-26,285824
H-0674,1577,3,2.5,4082.0,2013.0,3,2.0,Rural,Good,No,2022-12-22,247342
H-0675,955,3,3.0,2135.0,1983.0,1,1.0,Downtown,Average,No,2021-10-21,286080
H-0676,1333,3,1.0,2166.0,1967.0,2,2.0,Rural,Excellent,Yes,2023-02-14,157802
H-0677,1133,4,3.5,3079.0,2013.0,2,2.0,Industrial,Good,No,2022-04-10,156312
H-0678,2851,4,2.0,6809.0,2023.0,1,2.0,Suburbs,Good,No,2020-03-21,519852
H-0679,2361,2,2.0,5026.0,1993.0,1,2.0,Suburbs,Fair,No,2023-08-10,323503
H-0680,2562,3,1.5,8292.0,1966.0,2,0.0,Industrial,Fair,No,2022-07-19,213776
H-0681,2233,4,2.0,7645.0,2008.0,3,3.0,Rural,,No,2023-04-28,391100
H-0682,1122,4,2.5,2369.0,1962.0,2,2.0,Downtown,Average,No,2020-07-30,300445
H-0683,1485,3,2.0,2411.0,2001.0,2,2.0,Suburbs,Good,No,2023-04-22,305262
H-0684,2093,4,3.0,7580.0,2009.0,2,3.0,Downtown,Good,No,2021-11-23,602979
H-0685,1066,1,2.0,1625.0,1991.0,2,2.0,Waterfront,Excellent,No,2023-08-30,327617
H-0686,2227,3,4.0,8557.0,2013.0,3,2.0,Rural,Average,No,2022-09-30,273920
H-0687,1655,4,2.5,5079.0,2015.0,2,2.0,Industrial,Poor,No,2021-08-17,142850
H-0688,1575,4,3.0,3629.0,1983.0,1,1.0,Downtown,Good,No,2020-12-04,424257
H-0689,2226,3,1.5,4710.0,2020.0,1,3.0,Suburbs,Good,No,2023-09-27,435894
H-0690,2066,4,2.0,3145.0,2013.0,3,2.0,Downtown,Good,No,2022-07-26,493726
H-0691,1583,4,2.0,3306.0,1982.0,3,2.0,Suburbs,Poor,No,2024-07-11,195783
H-0692,2495,4,2.5,4601.0,1961.0,1,3.0,Downtown,Excellent,No,2021-09-17,577706
H-0693,1151,4,3.5,3488.0,1968.0,1,2.0,Suburbs,Average,Yes,2023-02-21,248069
H-0694,2169,4,1.0,4156.0,1958.0,2,2.0,Waterfront,,No,2022-11-08,389294
H-0695,2155,3,1.0,6080.0,2023.0,2,2.0,Downtown,Good,No,2022-12-03,479150
H-0696,1614,2,3.5,4802.0,1966.0,2,1.0,Suburbs,Average,Yes,2023-05-18,269650
H-0697,1995,3,2.0,4478.0,1999.0,3,1.0,Industrial,Excellent,No,2020-08-20,207551
H-0698,1049,3,3.0,1665.0,1988.0,2,0.0,Industrial,Fair,Yes,2022-07-09,108959
H-0699,2354,4,2.5,3750.0,,3,3.0,Suburbs,Good,Yes,2022-05-02,431194
H-0700,1689,3,3.0,2644.0,1959.0,2,1.0,Industrial,Poor,No,2021-07-27,91080
H-0701,1486,3,1.5,4974.0,1961.0,2,1.0,Suburbs,Fair,No,2021-12-31,193401
H-0702,2429,1,1.5,5574.0,1964.0,2,1.0,Suburbs,Average,No,2022-05-18,289937
H-0703,1377,3,2.5,4806.0,1977.0,2,1.0,Waterfront,Average,Yes,2021-06-21,384605
H-0704,954,3,3.5,2460.0,1953.0,1,2.0,Rural,Fair,Yes,2021-05-05,89593
H-0705,866,4,2.0,2279.0,1985.0,1,3.0,Waterfront,Good,No,2023-05-20,346991
H-0706,2163,1,2.0,6017.0,2014.0,2,1.0,Waterfront,Good,No,2020-04-22,528494
H-0707,1031,4,2.5,3384.0,1996.0,2,2.0,Suburbs,Excellent,Yes,2021-06-07,327101
H-0708,2852,5,3.5,6228.0,1988.0,2,2.0,Suburbs,Average,No,2022-12-30,507073
H-0709,550,2,3.0,992.0,1987.0,1,2.0,Suburbs,Fair,No,2020-12-15,99800
H-0710,2817,3,4.0,8141.0,1993.0,2,3.0,Suburbs,Poor,No,2022-08-15,365947
H-0711,1926,2,1.0,4463.0,2000.0,1,2.0,Downtown,Average,No,2021-05-20,379688
H-0712,1741,4,1.5,4537.0,1975.0,2,1.0,Suburbs,Average,Yes,2023-11-12,272146
H-0713,1473,4,2.5,4591.0,1985.0,2,3.0,Waterfront,Fair,No,2021-08-08,365683
H-0714,2039,3,3.0,5577.0,2018.0,2,2.0,Waterfront,Poor,No,2021-01-19,381774
H-0715,1777,3,2.0,5421.0,1950.0,2,1.0,Rural,Average,No,2022-06-06,233640
H-0716,2461,5,2.0,7039.0,2002.0,2,1.0,Suburbs,Good,No,2020-08-15,384881
H-0717,1868,2,3.0,6256.0,1955.0,2,3.0,Rural,Average,No,2023-08-27,249103
H-0718,1890,1,1.0,6170.0,1986.0,2,2.0,Rural,Average,No,2023-02-12,213637
H-0719,1581,5,2.0,4482.0,1951.0,1,2.0,Industrial,Average,Yes,2023-07-13,173027
H-0720,1765,4,2.5,5643.0,2018.0,2,2.0,Downtown,Poor,No,2021-10-29,302715
H-0721,1984,5,2.5,7308.0,1990.0,2,2.0,Suburbs,Fair,No,2023-10-29,314727
H-0722,773,4,3.0,1994.0,2000.0,2,1.0,Industrial,Good,Yes,2022-04-06,142213
H-0723,991,4,2.0,2509.0,1996.0,2,2.0,Industrial,Good,No,2020-06-07,159275
H-0724,2245,3,2.5,7656.0,1962.0,3,2.0,Suburbs,Good,No,2021-01-10,353756
H-0725,1902,4,2.5,5623.0,2018.0,1,2.0,Downtown,Good,No,2023-04-05,509543
H-0726,1689,5,2.5,2833.0,2015.0,2,0.0,Waterfront,Good,No,2024-02-09,486019
H-0727,1811,4,2.5,6755.0,2008.0,3,0.0,Suburbs,Fair,Yes,2020-06-08,277130
H-0728,2008,2,2.0,3166.0,2017.0,2,2.0,Rural,Average,Yes,2023-12-17,254561
H-0729,1476,3,1.0,4975.0,2008.0,1,2.0,Suburbs,Average,No,2023-08-30,285939
H-0730,1333,2,1.5,4528.0,1959.0,3,2.0,Suburbs,Good,No,2021-08-19,196548
H-0731,1917,3,2.0,7443.0,1962.0,1,2.0,Downtown,Average,No,2023-02-27,408402
H-0732,1212,3,2.5,1982.0,1951.0,2,2.0,Suburbs,Fair,No,2020-11-08,190116
H-0733,2044,4,3.0,6115.0,1964.0,2,3.0,Downtown,Fair,Yes,2023-09-23,393738
H-0734,778,4,3.0,1999.0,1995.0,2,1.0,Downtown,Excellent,No,2023-01-05,257311
H-0735,2417,3,3.0,5623.0,2006.0,2,2.0,Suburbs,Fair,Yes,2022-01-04,316362
H-0736,2083,4,2.0,3594.0,1959.0,1,2.0,Suburbs,Good,No,2023-12-18,304289
H-0737,1953,2,2.0,5676.0,1971.0,1,1.0,Suburbs,Average,Yes,2020-08-21,279422
H-0738,2389,2,2.0,6444.0,1957.0,2,2.0,Downtown,Good,No,2023-11-16,467200
H-0739,2799,2,1.5,4930.0,1970.0,1,3.0,Industrial,Average,No,2020-02-09,224258
H-0740,2408,3,1.0,7299.0,1971.0,3,2.0,Downtown,Excellent,Yes,2023-06-14,548860
H-0741,695,3,2.5,2324.0,1994.0,2,3.0,Suburbs,Average,No,2022-08-17,153197
H-0742,1032,3,4.0,3527.0,1989.0,1,,Suburbs,Average,No,2023-03-12,211685
H-0743,1425,3,1.5,5362.0,1971.0,2,2.0,Waterfront,Good,No,2021-11-21,376283
H-0744,1815,4,1.0,4580.0,1979.0,2,2.0,Suburbs,Poor,No,2023-12-18,229563
H-0745,2110,1,3.0,8192.0,2011.0,1,1.0,Downtown,Excellent,No,2021-06-08,548266
H-0746,1364,4,2.0,4997.0,2022.0,2,2.0,Downtown,Fair,No,2021-04-05,337780
H-0747,1912,4,3.0,4285.0,1994.0,3,2.0,Rural,Good,No,2021-05-20,262705
H-0748,1346,4,3.0,2554.0,1984.0,2,3.0,Rural,Average,No,2023-07-20,209832
H-0749,1433,5,3.5,3709.0,1991.0,2,2.0,Suburbs,Average,No,2022-04-09,278570
H-0750,956,1,2.0,2394.0,1954.0,2,1.0,Downtown,Good,No,2022-06-18,232966
H-0751,1246,2,3.0,3662.0,1976.0,1,0.0,Suburbs,Good,Yes,2023-10-24,242912
H-0752,988,5,2.5,2922.0,2019.0,1,3.0,Suburbs,Average,Yes,2023-10-27,258010
H-0753,1214,3,2.5,4097.0,2011.0,2,2.0,Rural,Fair,No,2020-09-27,170752
H-0754,2432,4,2.0,6748.0,1981.0,3,3.0,Downtown,Poor,No,2022-07-09,389932
H-0755,1230,4,1.5,2167.0,1957.0,1,2.0,Suburbs,Excellent,No,2020-07-29,265427
H-0756,3379,4,2.5,12318.0,1967.0,2,2.0,Suburbs,Good,No,2023-12-24,547592
H-0757,2095,5,2.5,4764.0,1964.0,3,2.0,Rural,Average,No,2023-11-02,236152
H-0758,1910,6,3.0,7502.0,1975.0,1,1.0,Rural,Average,No,2023-11-22,280669
H-0759,1284,4,3.0,2304.0,2002.0,1,2.0,Industrial,Poor,No,2023-03-25,104025
H-0760,2220,3,3.0,8648.0,1993.0,3,2.0,Suburbs,Excellent,Yes,2022-02-20,468493
H-0761,1454,5,1.5,2511.0,1981.0,2,2.0,Suburbs,Average,No,2021-11-08,273371
H-0762,1873,1,3.0,3891.0,,1,2.0,Suburbs,Average,No,2021-10-23,273934
H-0763,3336,3,2.5,5392.0,1988.0,2,1.0,Suburbs,Good,No,2020-04-20,465071
H-0764,1742,5,3.5,5683.0,1981.0,1,2.0,Downtown,Average,No,2024-05-07,462650
H-0765,2489,3,3.5,9024.0,1967.0,2,0.0,Suburbs,,No,2022-01-23,457317
H-0766,1378,3,1.0,3562.0,2019.0,2,1.0,Downtown,Average,No,2024-04-06,358603
H-0767,1779,2,3.0,6798.0,1960.0,2,2.0,Industrial,Average,No,2024-01-11,198805
H-0768,2862,5,1.0,8516.0,1981.0,2,0.0,Rural,Good,No,2023-10-19,341818
H-0769,1423,3,2.0,4375.0,1969.0,2,2.0,Downtown,Excellent,Yes,2022-09-11,405690
H-0770,2887,4,2.5,10432.0,1989.0,1,1.0,Downtown,Poor,No,2020-06-19,437049
H-0771,2224,3,1.5,4986.0,1957.0,1,1.0,Suburbs,Fair,No,2021-06-26,271665
H-0772,1462,4,3.0,3487.0,,2,1.0,Suburbs,Fair,Yes,2022-10-07,250210
H-0773,2179,4,1.0,8203.0,2018.0,2,1.0,Suburbs,Poor,Yes,2020-01-23,256958
H-0774,2383,3,1.5,8941.0,1970.0,1,2.0,Suburbs,Good,Yes,2020-03-12,338599
H-0775,2173,3,2.5,8564.0,1973.0,2,2.0,Industrial,Good,No,2023-02-08,239647
H-0776,857,3,3.0,3217.0,1966.0,2,3.0,Suburbs,Excellent,No,2024-01-26,258507
H-0777,1363,6,3.5,2478.0,1967.0,2,0.0,Suburbs,Fair,No,2023-12-02,205485
H-0778,1651,4,3.0,5876.0,1961.0,2,2.0,Waterfront,Fair,Yes,2020-10-08,393053
H-0779,1755,5,3.0,4430.0,1965.0,1,2.0,Downtown,Average,No,2024-03-05,427040
H-0780,2172,3,2.0,8638.0,1953.0,1,1.0,Downtown,Fair,No,2023-03-11,384538
H-0781,1906,4,1.0,5109.0,1983.0,2,2.0,Suburbs,Average,No,2023-04-14,315757
H-0782,998,4,1.5,2878.0,1995.0,2,2.0,Rural,Good,No,2021-05-23,130293
H-0783,2028,4,2.5,5727.0,1980.0,2,2.0,Suburbs,Good,No,2023-04-13,356118
H-0784,2166,5,3.0,4991.0,,3,2.0,Downtown,Good,No,2023-04-03,501150
H-0785,2135,3,2.0,3602.0,2023.0,3,2.0,Industrial,Good,No,2022-09-22,226019
H-0786,2448,2,3.0,9153.0,1973.0,1,1.0,Suburbs,Good,No,2021-08-21,394240
H-0787,2300,4,2.5,8065.0,2014.0,1,2.0,Rural,Fair,Yes,2023-09-19,243843
H-0788,2075,4,1.0,3836.0,1974.0,2,3.0,Waterfront,Good,No,2024-04-18,532651
H-0789,1757,4,1.5,6047.0,1977.0,1,2.0,Suburbs,Average,No,2023-12-27,285238
H-0790,803,3,3.0,2460.0,1985.0,2,2.0,Waterfront,Average,No,2021-02-10,297156
H-0791,2057,3,3.0,5189.0,1955.0,3,2.0,Rural,Poor,No,2022-01-16,142700
H-0792,1924,3,3.5,4107.0,2015.0,2,2.0,Industrial,Fair,No,2021-07-27,175472
H-0793,1962,3,1.5,7159.0,2016.0,1,2.0,Suburbs,Poor,No,2023-03-30,207419
H-0794,1033,4,4.0,3357.0,2021.0,1,0.0,Industrial,Good,No,2023-10-23,174643
H-0795,1151,4,2.0,3302.0,1997.0,2,2.0,Downtown,Good,No,2020-12-27,327843
H-0796,2431,3,1.0,7351.0,2019.0,2,2.0,Rural,Average,Yes,2024-05-04,287770
H-0797,1776,3,4.0,3068.0,2016.0,2,2.0,Suburbs,Good,No,2023-02-07,336373
H-0798,2208,3,2.0,5928.0,1997.0,1,2.0,Downtown,Average,No,2020-12-31,460555
H-0799,1816,2,3.0,3603.0,2014.0,1,2.0,Downtown,Good,No,2021-09-13,411331
H-0800,1817,4,1.5,3672.0,1993.0,3,2.0,Suburbs,Average,No,2020-06-24,316843
H-0801,2362,5,2.5,7447.0,2012.0,2,2.0,Suburbs,Poor,No,2022-09-26,315990
H-0802,1490,3,3.5,5629.0,1995.0,3,2.0,Suburbs,Good,No,2020-10-10,290499
H-0803,1857,4,2.0,4659.0,1968.0,2,2.0,Suburbs,Poor,Yes,2023-03-06,220442
H-0804,1522,5,3.0,3073.0,2013.0,2,1.0,Suburbs,Good,Yes,2023-05-19,322688
H-0805,1539,4,1.5,4804.0,2022.0,1,3.0,Suburbs,Good,No,2022-03-13,335087
H-0806,1614,2,2.5,5936.0,2020.0,2,2.0,Suburbs,Average,No,2020-06-06,282964
H-0807,1933,5,2.0,6515.0,1999.0,2,2.0,Waterfront,Fair,No,2022-10-19,473857
H-0808,1512,3,2.0,5551.0,,3,2.0,Rural,,No,2021-09-15,198149
H-0809,2553,3,2.0,7254.0,1990.0,1,0.0,Downtown,Average,No,2024-05-08,495962
H-0810,1263,2,1.5,4268.0,1956.0,1,3.0,Suburbs,Good,No,2022-05-09,274427
H-0811,1687,3,3.5,3121.0,1958.0,2,2.0,Rural,Excellent,No,2020-04-30,201757
H-0812,1536,2,2.0,3641.0,1953.0,1,2.0,Downtown,Good,No,2022-11-30,334662
H-0813,2668,3,2.0,6600.0,1998.0,2,0.0,Suburbs,Good,Yes,2023-07-28,428922
H-0814,1917,3,2.0,5325.0,1955.0,1,2.0,Suburbs,Poor,No,2020-09-25,221185
H-0815,2419,4,2.0,9247.0,1970.0,1,0.0,Industrial,Fair,No,2022-01-21,203014
H-0816,908,5,3.0,3346.0,1964.0,2,2.0,Suburbs,Good,No,2023-05-29,241046
H-0817,1960,3,4.0,3599.0,2016.0,2,2.0,Rural,Average,No,2020-02-04,260402
H-0818,2333,5,2.0,,2015.0,2,1.0,Suburbs,Average,No,2020-02-18,457803
H-0819,1849,5,3.5,4426.0,,1,2.0,Rural,Excellent,No,2023-02-07,304440
H-0820,2439,4,2.5,5431.0,2017.0,3,2.0,Suburbs,Good,No,2023-04-28,441354
H-0821,1489,2,1.5,4521.0,1981.0,1,2.0,Suburbs,Average,No,2023-11-16,224786
H-0822,2645,4,3.0,9937.0,2015.0,1,2.0,Suburbs,Average,No,2021-10-30,457890
H-0823,3179,5,2.5,12416.0,1978.0,2,1.0,Industrial,Good,Yes,2021-10-14,323990
H-0824,1582,4,3.0,4957.0,2015.0,1,,Downtown,Poor,Yes,2022-07-13,293896
H-0825,1532,3,3.5,5508.0,1983.0,2,3.0,Downtown,Average,No,2023-06-21,389634
H-0826,2672,3,2.0,7516.0,1976.0,3,2.0,Rural,Good,No,2022-12-09,310199
H-0827,2747,4,3.5,,2009.0,2,2.0,Suburbs,Good,No,2021-07-01,480246
H-0828,1486,3,3.0,4178.0,1988.0,2,0.0,Suburbs,Fair,No,2021-08-03,270734
H-0829,1547,2,2.5,4467.0,1993.0,2,2.0,Suburbs,Average,No,2023-07-01,273174
H-0830,1630,3,2.5,5470.0,1985.0,1,2.0,Suburbs,Average,No,2022-06-13,306627
H-0831,993,4,2.0,2035.0,1968.0,2,2.0,Suburbs,Good,No,2020-06-13,220792
H-0832,1248,5,4.0,3021.0,1994.0,2,1.0,Waterfront,Good,No,2020-09-13,428943
H-0833,1197,2,3.0,2884.0,1970.0,3,2.0,Downtown,Good,Yes,2023-11-25,287019
H-0834,1339,5,1.0,5220.0,1972.0,1,1.0,Waterfront,Good,Yes,2024-07-29,377535
H-0835,1779,3,2.0,4642.0,1976.0,2,3.0,Suburbs,Average,Yes,2021-07-15,269016
H-0836,1940,4,2.5,6572.0,2021.0,3,2.0,Suburbs,Good,Yes,2021-10-09,411072
H-0837,2730,4,1.0,9219.0,1968.0,2,2.0,Suburbs,Good,No,2020-09-15,422029
H-0838,1200,4,1.0,2596.0,1990.0,3,2.0,Rural,Good,Yes,2021-01-29,169271
H-0839,2390,5,2.5,7001.0,1975.0,2,3.0,Downtown,Average,No,2021-12-11,566304
H-0840,1671,3,2.0,6242.0,1977.0,2,3.0,Rural,Fair,No,2021-04-21,201665
H-0841,1770,5,2.0,4757.0,2013.0,2,0.0,Rural,Fair,Yes,2023-03-20,198046
H-0842,2204,2,2.0,8513.0,2017.0,1,3.0,Downtown,Fair,No,2022-06-19,421841
H-0843,1126,4,1.5,2292.0,2000.0,1,3.0,Downtown,Average,No,2023-10-08,312000
H-0844,2029,4,3.0,3419.0,2023.0,2,2.0,Suburbs,Good,No,2023-04-27,438662
H-0845,1899,4,2.5,7080.0,1997.0,2,2.0,Rural,Average,No,2020-08-02,250633
H-0846,2095,3,2.0,7582.0,1959.0,3,2.0,Suburbs,Excellent,Yes,2020-07-25,454793
H-0847,1973,5,2.0,7855.0,2022.0,3,2.0,Rural,Fair,No,2024-02-08,208093
H-0848,3273,2,2.5,10468.0,1988.0,3,1.0,Suburbs,Fair,No,2023-10-03,407249
H-0849,1417,2,1.0,5443.0,1968.0,1,2.0,Rural,Average,Yes,2022-02-22,184468
H-0850,1481,4,1.5,5283.0,2013.0,2,0.0,Suburbs,Excellent,No,2020-08-06,352715
H-0851,1426,3,1.0,5149.0,1968.0,2,2.0,Suburbs,Poor,No,2024-02-13,182866
H-0852,1466,4,3.0,4284.0,2011.0,3,3.0,Industrial,Fair,No,2021-01-21,148409
H-0853,1417,3,3.0,3480.0,1962.0,2,2.0,Rural,Average,No,2020-02-29,150610
H-0854,2513,2,3.0,9640.0,1974.0,1,2.0,Suburbs,Excellent,Yes,2024-03-27,467044
H-0855,2652,4,3.0,6842.0,1991.0,3,2.0,Rural,Good,No,2023-09-16,342451
H-0856,1457,3,3.0,4148.0,1988.0,2,1.0,Rural,Excellent,No,2023-03-06,257395
H-0857,1300,2,2.5,3399.0,1979.0,2,2.0,Suburbs,Good,No,2020-02-26,243953
H-0858,2082,4,2.5,6062.0,1954.0,2,2.0,Suburbs,Average,No,2022-06-03,333566
H-0859,1468,3,1.0,3928.0,1967.0,2,1.0,Suburbs,Fair,No,2022-12-30,202090
H-0860,2179,4,2.5,3529.0,1970.0,2,1.0,Industrial,Good,Yes,2023-06-25,217455
H-0861,1921,3,3.0,7117.0,1999.0,2,2.0,Suburbs,Average,No,2022-02-27,372482
H-0862,890,4,2.5,2323.0,1955.0,2,2.0,Downtown,Good,No,2024-05-14,261392
H-0863,2728,4,2.0,8108.0,1999.0,1,3.0,Suburbs,Good,No,2021-02-13,478329
H-0864,2877,4,2.0,5316.0,2015.0,2,1.0,Downtown,Poor,No,2020-04-26,425506
H-0865,1432,2,2.5,2160.0,1950.0,2,0.0,Suburbs,Average,No,2021-07-11,194084
H-0866,1567,4,3.0,3311.0,2006.0,2,2.0,Suburbs,Average,Yes,2023-01-12,290666
H-0867,1971,4,3.5,6428.0,1979.0,2,2.0,Suburbs,Good,No,2023-05-19,401347
H-0868,2000,4,2.0,3495.0,2007.0,2,2.0,Industrial,Good,No,2023-05-21,219506
H-0869,2195,3,3.0,8280.0,2001.0,2,2.0,Industrial,Good,No,2020-07-04,261707
H-0870,3006,5,2.5,6124.0,1986.0,2,2.0,Downtown,Good,No,2024-01-21,665044
H-0871,1693,4,3.5,3405.0,1997.0,2,2.0,Suburbs,Good,No,2021-04-15,312385
H-0872,1321,2,2.5,2580.0,1950.0,2,0.0,Waterfront,Fair,No,2020-12-17,238341
H-0873,972,3,2.5,1491.0,,2,2.0,Suburbs,Excellent,No,2022-10-25,234743
H-0874,1361,5,2.5,4667.0,1995.0,2,1.0,Rural,Good,No,2020-12-20,204045
H-0875,1780,1,3.0,6563.0,2016.0,1,0.0,Waterfront,Average,No,2022-04-30,443880
H-0876,2876,5,4.0,8729.0,1951.0,3,1.0,Rural,Fair,Yes,2021-11-12,268836
H-0877,1489,4,1.0,2934.0,2005.0,2,1.0,Suburbs,Poor,No,2021-01-23,201132
H-0878,1934,4,1.0,4280.0,1966.0,2,3.0,Industrial,Fair,No,2021-05-03,159391
H-0879,1790,3,3.5,4814.0,1971.0,2,1.0,Waterfront,Good,No,2021-12-16,474310
H-0880,2513,3,2.5,9765.0,1976.0,3,1.0,Rural,Good,Yes,2021-08-02,260539
H-0881,3316,5,2.5,7024.0,2004.0,1,2.0,Suburbs,Fair,No,2021-09-30,443338
H-0882,1481,3,2.5,4930.0,1981.0,2,2.0,Rural,Fair,No,2023-05-16,150686
H-0883,1506,4,1.0,3913.0,2009.0,1,2.0,Suburbs,Average,No,2020-10-08,274635
H-0884,2426,3,3.0,5445.0,1977.0,2,2.0,Suburbs,Good,No,2022-11-16,391501
H-0885,2209,2,3.0,5831.0,1977.0,3,2.0,Suburbs,Good,No,2023-02-09,373716
H-0886,2908,1,2.0,4879.0,2023.0,2,,Industrial,Fair,No,2023-09-04,250411
H-0887,2150,3,2.0,7517.0,1974.0,2,1.0,Waterfront,Good,Yes,2023-11-19,503977
H-0888,1584,6,3.0,3339.0,1975.0,3,3.0,Rural,Average,Yes,2020-09-22,225051
H-0889,2154,3,1.0,7137.0,2020.0,2,1.0,Suburbs,Poor,No,2020-08-19,233471
H-0890,2465,3,3.5,4118.0,1966.0,2,1.0,Suburbs,Average,No,2022-10-26,338668
H-0891,2292,3,2.0,8910.0,1956.0,2,2.0,Waterfront,Good,No,2023-06-21,545452
H-0892,2104,3,2.5,4171.0,2005.0,2,1.0,Suburbs,Good,No,2021-03-31,340902
H-0893,2440,3,3.5,9044.0,2013.0,2,2.0,Waterfront,Excellent,Yes,2022-05-30,788065
H-0894,2501,5,3.0,8812.0,1969.0,3,2.0,Suburbs,Average,No,2023-07-16,419657
H-0895,2629,3,2.0,10304.0,1987.0,2,,Rural,Average,No,2023-07-08,296091
H-0896,2189,3,3.0,5898.0,2007.0,2,2.0,Waterfront,Good,No,2022-12-30,604345
H-0897,1699,2,2.0,5638.0,1965.0,1,1.0,Suburbs,Good,No,2020-05-11,245554
H-0898,1888,6,2.0,4581.0,2000.0,2,3.0,Downtown,Excellent,No,2020-03-25,564086
H-0899,2523,3,4.0,4947.0,1976.0,2,2.0,Suburbs,Poor,No,2021-10-12,285846
H-0900,1309,2,3.0,3413.0,2000.0,2,1.0,Industrial,Fair,No,2020-02-14,100980
H-0901,2021,4,2.5,3868.0,1965.0,1,2.0,Rural,Good,No,2024-02-22,200230
H-0902,1563,4,2.0,6181.0,2009.0,3,2.0,Rural,Poor,No,2020-02-03,185315
H-0903,1817,3,1.0,3162.0,1989.0,1,0.0,Suburbs,Average,No,2020-02-19,277333
H-0904,2567,3,1.0,7631.0,2016.0,1,2.0,Rural,Fair,No,2020-10-03,268094
H-0905,1914,4,2.5,5868.0,1951.0,2,3.0,Rural,Average,No,2022-11-15,212071
H-0906,1827,2,3.0,5198.0,1997.0,2,1.0,Downtown,,No,2022-06-25,308140
H-0907,984,4,2.5,3104.0,2001.0,2,2.0,Industrial,Good,No,2023-01-08,152163
H-0908,2247,4,3.0,4023.0,1973.0,2,2.0,Suburbs,Average,No,2024-02-04,342334
H-0909,2187,3,1.0,6315.0,1951.0,2,2.0,Suburbs,Fair,No,2022-01-31,289705
H-0910,3097,3,2.0,6869.0,2014.0,1,1.0,Suburbs,Excellent,No,2020-03-14,575112
H-0911,1615,3,2.0,6218.0,1969.0,1,2.0,Downtown,Good,No,2023-07-02,385231
H-0912,1931,4,2.0,6575.0,1983.0,3,2.0,Rural,Good,Yes,2023-09-21,252822
H-0913,1949,3,1.0,7662.0,1990.0,1,2.0,Suburbs,Good,No,2020-03-24,382392
H-0914,2746,3,4.0,4376.0,1990.0,1,3.0,Waterfront,Good,No,2021-02-10,709469
H-0915,1742,4,2.0,3854.0,1972.0,2,3.0,Suburbs,Average,No,2023-07-13,302658
H-0916,1967,6,3.5,3911.0,1987.0,2,1.0,Suburbs,Good,No,2021-09-21,389315
H-0917,2164,3,2.0,3306.0,1993.0,2,0.0,Rural,Good,No,2022-03-02,220600
H-0918,1911,5,4.0,4024.0,2016.0,3,2.0,Rural,Fair,No,2023-10-09,219281
H-0919,1532,3,2.5,4897.0,2011.0,2,2.0,Suburbs,Average,No,2020-06-07,320467
H-0920,1916,2,3.5,3980.0,1961.0,2,3.0,Industrial,Good,No,2023-02-07,194569
H-0921,2444,3,1.0,6776.0,1979.0,2,2.0,Rural,Good,Yes,2020-12-25,285577
H-0922,1184,3,3.0,4403.0,2014.0,2,2.0,Downtown,Average,Yes,2020-04-14,319940
H-0923,1879,3,3.5,6077.0,1990.0,2,0.0,Suburbs,Fair,No,2023-01-14,288547
H-0924,1379,1,1.5,3428.0,1969.0,1,2.0,Suburbs,Good,No,2020-07-22,216231
H-0925,2517,5,1.0,6119.0,1955.0,2,1.0,Waterfront,Poor,No,2023-06-04,393409
H-0926,886,4,2.0,2338.0,1953.0,1,0.0,Suburbs,Fair,No,2020-12-05,148535
H-0927,1464,4,3.5,2843.0,1959.0,3,3.0,Suburbs,Fair,No,2020-03-22,241683
H-0928,2026,2,2.5,6250.0,2000.0,2,2.0,Downtown,Good,No,2020-06-15,458311
H-0929,2739,2,2.5,6602.0,1987.0,1,1.0,Suburbs,Good,No,2023-11-09,445417
H-0930,1760,2,1.5,6390.0,1950.0,1,2.0,Rural,Good,No,2021-09-13,164746
H-0931,1466,4,1.0,4971.0,1957.0,3,0.0,Rural,Excellent,No,2021-05-20,209096
H-0932,2928,5,3.0,8860.0,2012.0,2,2.0,Downtown,Excellent,No,2022-04-02,788503
H-0933,931,3,1.0,2244.0,1982.0,2,1.0,Downtown,Good,No,2022-11-25,218364
H-0934,480,2,2.5,971.0,1964.0,2,3.0,Suburbs,Average,Yes,2020-03-03,176925
H-0935,2064,3,3.5,7100.0,1980.0,3,2.0,Rural,Excellent,No,2024-02-12,279889
H-0936,1498,3,2.0,4068.0,1970.0,2,2.0,Waterfront,Excellent,No,2024-05-23,427833
H-0937,1187,3,3.0,2447.0,1952.0,1,0.0,Downtown,Poor,No,2021-11-29,202698
H-0938,2225,4,1.0,4423.0,,1,1.0,Suburbs,Excellent,No,2021-11-21,427455
H-0939,1946,4,2.5,3723.0,1984.0,2,2.0,Suburbs,Average,No,2024-01-10,358656
H-0940,1461,2,1.5,5030.0,1990.0,3,2.0,Industrial,Average,No,2021-12-19,105101
H-0941,1031,1,3.0,2136.0,2008.0,1,1.0,Suburbs,Poor,No,2023-12-04,169477
H-0942,2323,6,2.0,6542.0,1965.0,2,2.0,Suburbs,Fair,No,2020-02-17,352837
H-0943,2190,3,2.5,5757.0,2005.0,2,2.0,Suburbs,Average,No,2022-03-30,367734
H-0944,1740,2,2.5,5131.0,1994.0,3,2.0,Suburbs,Poor,No,2024-05-13,172258
H-0945,2907,2,1.5,,2008.0,2,1.0,Rural,Average,No,2021-02-27,285414
H-0946,1157,1,3.0,4245.0,1999.0,2,2.0,Downtown,Average,No,2021-03-21,271538
H-0947,884,3,2.0,2322.0,1961.0,1,2.0,Suburbs,Good,Yes,2022-11-20,203951
H-0948,1384,4,3.0,2129.0,1961.0,1,0.0,Rural,Average,No,2024-03-30,149613
H-0949,1772,3,1.5,4547.0,1982.0,2,1.0,Suburbs,Average,No,2020-11-28,241468
H-0950,1946,3,3.0,5868.0,1998.0,2,2.0,Suburbs,Average,Yes,2024-03-22,349496
H-0951,1655,4,1.5,4790.0,1970.0,2,3.0,Suburbs,Average,No,2023-01-14,314776
H-0952,2011,3,2.0,6291.0,2009.0,3,2.0,Rural,Good,No,2024-07-20,301868
H-0953,1049,5,2.0,1977.0,2001.0,2,1.0,Downtown,Good,No,2023-05-17,298221
H-0954,2666,5,3.0,8308.0,2003.0,2,2.0,Industrial,Average,No,2023-01-22,264663
H-0955,1750,1,2.0,3424.0,1988.0,1,1.0,Downtown,Good,Yes,2023-09-26,289888
H-0956,2470,4,3.5,8339.0,1998.0,1,1.0,Downtown,,No,2020-10-20,551482
H-0957,2005,3,3.5,,2013.0,2,2.0,Waterfront,Average,No,2024-05-02,523129
H-0958,2074,6,1.5,6791.0,1975.0,2,3.0,Waterfront,Poor,No,2020-10-04,380705
H-0959,2141,3,2.5,3467.0,2020.0,2,2.0,Downtown,Excellent,No,2020-02-12,560754
H-0960,2068,6,1.0,5210.0,1956.0,3,1.0,Industrial,Average,No,2023-03-14,212046
H-0961,2185,4,2.0,7128.0,2021.0,2,2.0,Suburbs,Excellent,No,2020-11-05,489544
H-0962,2597,3,3.0,5368.0,2011.0,2,1.0,Rural,Good,No,2023-06-24,297184
H-0963,1917,3,3.0,6686.0,1973.0,3,1.0,Downtown,Good,No,2023-08-23,434803
H-0964,2225,6,2.5,6846.0,1989.0,2,3.0,Suburbs,,No,2021-01-31,392488
H-0965,1746,5,2.0,5183.0,1996.0,1,3.0,Suburbs,Fair,No,2020-05-25,281112
H-0966,2664,2,2.0,6350.0,1957.0,1,1.0,Suburbs,Good,No,2022-04-18,351910
H-0967,1394,4,1.5,3772.0,2003.0,2,0.0,Suburbs,Average,No,2024-01-30,238249
H-0968,2880,3,3.0,8620.0,1958.0,2,1.0,Suburbs,Average,Yes,2023-11-19,453493
H-0969,1775,1,2.5,4759.0,1952.0,1,2.0,Industrial,Good,No,2020-07-14,165658
H-0970,941,3,3.0,3054.0,2003.0,2,3.0,Downtown,Average,No,2024-06-03,286002
H-0971,1876,3,2.0,4848.0,1970.0,2,1.0,Downtown,Good,Yes,2021-03-17,409361
H-0972,1391,4,2.0,2789.0,1997.0,3,2.0,Rural,Good,No,2021-08-07,190172
H-0973,2304,3,2.0,4688.0,1996.0,2,1.0,Downtown,Fair,No,2020-09-06,428936
H-0974,1408,4,1.0,2132.0,2017.0,3,0.0,Suburbs,Fair,No,2021-09-24,217935
H-0975,1532,1,2.0,3450.0,2012.0,2,2.0,Suburbs,Fair,No,2022-11-30,192557
H-0976,666,3,3.0,2245.0,1965.0,1,2.0,Suburbs,Good,No,2022-04-27,204325
H-0977,1528,3,3.5,5325.0,2023.0,1,1.0,Industrial,Good,No,2023-10-17,205399
H-0978,400,3,2.5,802.0,1954.0,2,1.0,Suburbs,Fair,No,2022-12-09,109499
H-0979,849,2,2.5,3309.0,1960.0,2,1.0,Suburbs,Good,Yes,2021-03-17,189051
H-0980,2256,2,1.0,6217.0,1978.0,3,2.0,Suburbs,Average,No,2022-07-22,344913
H-0981,2271,4,3.5,8612.0,2019.0,1,1.0,Downtown,Fair,No,2020-04-17,477989
H-0982,2055,3,1.0,6713.0,1997.0,2,2.0,Suburbs,Fair,Yes,2022-08-30,283966
H-0983,1219,3,3.5,4030.0,1964.0,1,2.0,Rural,Good,Yes,2021-10-14,194983
H-0984,1771,3,2.5,3033.0,1983.0,2,1.0,Rural,Poor,No,2020-06-13,137208
H-0985,1797,5,2.0,3683.0,2009.0,3,2.0,Waterfront,Average,Yes,2021-05-29,540258
H-0986,1104,5,3.5,1680.0,2011.0,1,1.0,Downtown,Average,No,2024-02-12,349149
H-0987,2702,3,1.0,8890.0,1951.0,2,2.0,Downtown,Average,No,2022-09-08,498552
H-0988,2326,3,2.5,5491.0,1968.0,1,2.0,Industrial,Excellent,No,2024-02-21,269401
H-0989,1667,2,2.5,5778.0,1998.0,2,2.0,Downtown,Good,Yes,2021-11-18,402922
H-0990,1816,5,2.0,4262.0,1977.0,1,0.0,Industrial,Fair,No,2024-06-26,181780
H-0991,1925,2,2.0,6830.0,1997.0,2,2.0,Waterfront,Good,No,2021-08-25,524294
H-0992,574,3,3.0,1048.0,1986.0,2,0.0,Industrial,Average,No,2023-06-20,87456
H-0993,1651,3,3.0,3192.0,2023.0,2,3.0,Suburbs,Average,No,2021-05-26,259256
H-0994,1390,3,1.0,3269.0,1998.0,1,2.0,Downtown,Good,Yes,2020-06-26,353895
H-0995,1199,2,3.5,3022.0,1997.0,2,1.0,Rural,Average,Yes,2023-10-26,167915
H-0996,1631,4,1.5,3868.0,2022.0,2,1.0,Rural,Poor,No,2023-06-30,196449
H-0997,2878,2,2.0,9811.0,1978.0,2,3.0,Downtown,Good,Yes,2023-10-05,566970
H-0998,2184,4,2.0,3805.0,2009.0,1,3.0,Rural,Average,No,2021-05-16,263907
H-0999,1457,2,1.0,3464.0,1978.0,2,3.0,Suburbs,Fair,No,2023-03-23,172952
H-1000,2143,2,1.5,7700.0,2007.0,2,2.0,Suburbs,Average,No,2021-01-03,336737
H-1001,2639,5,4.0,4399.0,1997.0,1,2.0,Waterfront,Excellent,No,2020-01-19,851355
H-1002,2354,2,2.0,9076.0,1972.0,1,2.0,Downtown,Average,No,2023-12-21,434794
H-1003,1835,4,1.5,7277.0,1976.0,3,0.0,Suburbs,Poor,No,2022-05-26,183876
H-1004,1411,3,1.5,2428.0,1956.0,1,0.0,Downtown,Good,No,2024-07-04,299905
H-1005,2218,2,3.0,4942.0,1998.0,3,2.0,Downtown,Average,No,2021-10-06,468328
H-1006,2036,5,3.5,4949.0,2003.0,2,2.0,Downtown,Poor,Yes,2024-05-20,347414
H-1007,2337,3,2.0,8041.0,2017.0,2,2.0,Suburbs,,Yes,2022-10-26,292003
H-1008,2181,5,1.0,6520.0,1991.0,2,1.0,Suburbs,Average,Yes,2022-05-07,390817
H-1009,2429,2,2.0,7556.0,2023.0,1,2.0,Waterfront,Poor,Yes,2021-05-21,417874
H-1010,1478,5,1.0,5015.0,2008.0,2,1.0,Industrial,Good,No,2023-10-13,162198
H-1011,2590,1,1.5,4648.0,1993.0,2,2.0,Suburbs,Fair,No,2023-10-19,315016
H-1012,1918,3,2.0,6872.0,1975.0,3,2.0,Downtown,Average,No,2021-11-28,439659
H-1013,3045,4,2.0,9939.0,1972.0,2,1.0,Suburbs,Good,No,2023-05-02,473631
H-1014,1386,5,2.5,,2022.0,2,3.0,Rural,Average,No,2022-01-18,211313
H-1015,2841,5,2.0,10580.0,1957.0,1,2.0,Rural,Excellent,No,2023-05-23,373755
H-1016,1918,4,3.5,6234.0,2002.0,2,3.0,Industrial,Good,No,2024-07-22,244550
H-1017,1409,5,3.5,2823.0,1963.0,1,1.0,Downtown,Good,No,2021-03-15,381281
H-1018,1509,2,2.5,3884.0,2020.0,1,1.0,Rural,Good,No,2022-11-27,192307
H-1019,1607,3,2.0,4395.0,1956.0,1,0.0,Suburbs,Good,No,2021-09-27,282089
H-1020,2054,3,2.0,3364.0,1958.0,2,0.0,Industrial,Fair,No,2022-07-06,129545
H-1021,2113,3,2.0,8212.0,1952.0,2,1.0,Suburbs,Good,No,2024-01-03,332354
H-1022,1455,3,3.0,2650.0,1966.0,2,,Suburbs,Average,No,2021-08-04,234114
H-1023,1785,3,2.5,5789.0,1993.0,2,,Rural,Average,Yes,2020-05-01,197782
H-1024,3085,2,3.5,8531.0,1995.0,3,3.0,Waterfront,Good,No,2023-08-30,771125
H-1025,2836,4,3.5,4435.0,2007.0,2,3.0,Suburbs,Fair,No,2022-07-18,407898
H-1026,2061,2,2.0,7856.0,1977.0,2,3.0,Downtown,Fair,No,2022-01-22,367203
H-1027,1822,3,2.5,6613.0,1963.0,2,2.0,Suburbs,Good,No,2020-11-02,329747
H-1028,1872,3,1.0,5261.0,1958.0,3,2.0,Suburbs,Poor,No,2020-06-04,195360
H-1029,2168,4,2.0,4492.0,1975.0,2,1.0,Suburbs,Average,No,2021-04-11,367911
H-1030,1186,4,2.0,2139.0,1951.0,2,1.0,Industrial,Good,No,2023-04-18,142310
H-1031,1645,4,2.0,3961.0,1983.0,1,2.0,Suburbs,Average,No,2021-11-20,302363
H-1032,798,2,3.5,1706.0,1968.0,3,3.0,Rural,Average,Yes,2022-08-12,114751
H-1033,2039,3,1.5,5641.0,1988.0,1,2.0,Rural,Average,Yes,2020-05-17,193420
H-1034,2188,2,2.5,8568.0,1962.0,1,2.0,Waterfront,Average,Yes,2020-07-25,522471
H-1035,1510,3,2.5,4435.0,1954.0,2,1.0,Industrial,Good,Yes,2020-01-19,118472
H-1036,2744,3,3.0,10220.0,1999.0,2,2.0,Rural,Poor,No,2023-02-01,218724
H-1037,1064,1,2.0,3327.0,1972.0,2,2.0,Suburbs,Fair,No,2021-03-18,172458
H-1038,921,3,3.5,2475.0,1978.0,2,3.0,Suburbs,Average,No,2024-06-06,200477
H-1039,1934,5,2.5,7033.0,2021.0,2,3.0,Suburbs,Excellent,No,2021-05-31,470574
H-1040,2428,5,2.0,6503.0,1975.0,2,2.0,Suburbs,Average,No,2021-08-31,371590
H-1041,2810,3,1.0,10317.0,2006.0,2,1.0,Suburbs,Average,No,2022-02-24,420937
H-1042,1524,1,2.5,3396.0,1950.0,2,1.0,Rural,Fair,No,2021-06-18,113294
H-1043,2447,2,3.0,4458.0,1977.0,3,2.0,Suburbs,Poor,No,2023-09-30,245657
H-1044,1776,3,2.5,6461.0,,2,3.0,Suburbs,Fair,No,2024-01-06,292702
H-1045,1696,5,3.0,5034.0,1996.0,3,1.0,Industrial,Average,No,2020-01-19,202691
H-1046,2330,2,2.5,8673.0,2008.0,1,1.0,Suburbs,Fair,Yes,2022-12-31,352245
H-1047,2191,4,1.5,8423.0,1980.0,2,1.0,Suburbs,Excellent,No,2023-02-22,420409
H-1048,854,2,1.0,1395.0,2019.0,1,,Rural,Good,No,2024-05-28,143168
H-1049,2685,6,2.0,7390.0,1998.0,2,2.0,Rural,Good,No,2021-09-12,330905
H-1050,2628,3,3.0,6405.0,1954.0,3,2.0,Suburbs,Fair,No,2020-11-22,361287
H-1051,1424,4,3.0,4364.0,1980.0,2,2.0,Rural,Fair,No,2022-05-21,169983
H-1052,2037,3,2.0,7096.0,1986.0,1,1.0,Downtown,Good,No,2022-01-19,448550
H-1053,2096,4,2.5,4614.0,1964.0,1,1.0,Suburbs,Good,No,2023-08-18,330287
H-1054,1956,2,2.0,5656.0,2001.0,2,2.0,Suburbs,Poor,No,2024-02-22,243169
H-1055,1469,2,2.0,4806.0,2018.0,1,3.0,Rural,Average,No,2020-05-25,199223
H-1056,1397,5,2.0,2565.0,1960.0,2,2.0,Suburbs,Average,No,2023-11-18,265223
H-1057,1784,5,1.5,6306.0,1992.0,2,2.0,Rural,Average,No,2024-03-01,213839
H-1058,2503,5,1.5,7547.0,2019.0,2,2.0,Suburbs,Average,No,2024-03-27,430938
H-1059,2126,4,1.0,8235.0,1972.0,2,2.0,Waterfront,Poor,No,2023-07-03,330074
H-1060,1577,4,1.5,3704.0,1989.0,2,0.0,Waterfront,Good,No,2023-05-27,408379
H-1061,2263,2,1.0,4006.0,2012.0,2,2.0,Suburbs,Good,No,2020-01-25,352770
H-1062,400,3,2.5,1106.0,1951.0,1,2.0,Suburbs,Good,No,2024-03-20,106296
H-1063,2489,3,2.0,4267.0,2022.0,3,2.0,Rural,Excellent,No,2021-08-11,340750
H-1064,756,4,4.0,2966.0,1996.0,2,3.0,Downtown,Average,No,2020-03-09,291919
H-1065,1582,3,1.5,2525.0,1979.0,1,3.0,Downtown,Fair,No,2021-11-22,282586
H-1066,1128,2,2.0,3816.0,1965.0,1,0.0,Downtown,Average,No,2023-05-11,221849
H-1067,1023,4,2.0,2877.0,2008.0,1,2.0,Suburbs,Poor,Yes,2022-01-09,166715
H-1068,2496,4,1.0,6044.0,1996.0,2,1.0,Downtown,Fair,No,2023-06-22,413930
H-1069,1519,3,3.0,2528.0,1979.0,2,2.0,Suburbs,Average,No,2022-05-02,302175
H-1070,2007,2,1.0,6132.0,1958.0,2,2.0,Rural,Average,No,2021-05-16,198961
H-1071,1771,2,3.5,5247.0,2014.0,2,2.0,Downtown,Average,No,2020-12-05,439750
H-1072,2086,3,3.5,4593.0,2008.0,3,3.0,Downtown,Good,No,2021-12-05,492780
H-1073,1846,3,2.5,6969.0,2013.0,3,2.0,Industrial,Average,Yes,2020-02-29,202938
H-1074,1030,4,2.5,2328.0,1957.0,2,3.0,Rural,Average,No,2021-12-08,135663
H-1075,2397,4,3.0,6290.0,2001.0,2,1.0,Suburbs,Average,No,2020-04-24,414057
H-1076,1503,4,2.0,4297.0,1967.0,2,1.0,Downtown,Average,No,2024-01-08,339505
H-1077,866,3,2.5,1516.0,2007.0,2,2.0,Suburbs,Good,Yes,2022-08-21,249024
H-1078,1543,4,1.0,5910.0,1998.0,2,3.0,Suburbs,Average,Yes,2022-12-17,292674
H-1079,2700,3,1.0,6578.0,1981.0,1,2.0,Industrial,Good,Yes,2021-04-28,214635
H-1080,2310,3,2.5,3931.0,1997.0,2,0.0,Rural,Good,No,2021-01-13,257361
H-1081,1590,4,2.5,3924.0,1994.0,1,2.0,Industrial,Average,No,2023-03-31,184673
H-1082,1590,2,3.5,4770.0,2003.0,1,2.0,Waterfront,Good,No,2023-01-29,450162
H-1083,1607,2,1.5,4474.0,1995.0,2,2.0,Suburbs,Fair,No,2020-07-24,211684
H-1084,3046,5,3.0,9857.0,1980.0,2,2.0,Rural,Good,No,2021-02-03,341913
H-1085,2029,3,2.0,3324.0,1986.0,3,3.0,Waterfront,Average,No,2024-05-03,507342
H-1086,2058,4,2.0,4550.0,1965.0,2,2.0,Suburbs,Average,Yes,2021-05-24,341443
H-1087,2418,1,2.0,8579.0,1995.0,3,1.0,Downtown,Good,No,2020-02-13,539888
H-1088,1943,4,2.0,3302.0,1995.0,2,2.0,Suburbs,Average,Yes,2020-04-16,329820
H-1089,1644,3,1.5,5982.0,2010.0,2,2.0,Downtown,Average,Yes,2023-07-22,395010
H-1090,1682,2,2.5,2909.0,1995.0,2,3.0,Rural,Good,No,2023-06-21,207296
H-1091,1757,4,3.0,6300.0,2000.0,1,1.0,Rural,Good,No,2021-10-01,297878
H-1092,1777,3,2.0,4268.0,2011.0,2,1.0,Industrial,Average,Yes,2020-09-13,195611
H-1093,2236,3,2.5,6776.0,1984.0,2,1.0,Rural,Good,No,2022-04-13,261869
H-1094,1831,2,3.0,3446.0,1991.0,1,2.0,Waterfront,Average,No,2021-07-09,494509
H-1095,2239,2,3.0,3728.0,1994.0,2,1.0,Suburbs,Fair,No,2021-09-18,289102
H-1096,1751,3,2.5,3571.0,2017.0,1,2.0,Suburbs,Good,No,2021-03-12,405217
H-1097,1847,2,2.0,3360.0,1996.0,1,2.0,Industrial,Average,No,2020-04-15,210243
H-1098,601,5,3.5,1370.0,1979.0,2,2.0,Rural,Average,No,2023-08-17,137149
H-1099,2349,1,2.5,6544.0,1973.0,3,2.0,Rural,Average,No,2022-10-31,248868
H-1100,2007,3,2.0,5964.0,2015.0,2,3.0,Suburbs,Good,Yes,2023-10-29,383694
H-1101,2398,2,2.0,8332.0,1992.0,2,2.0,Rural,Average,No,2022-04-22,279401
H-1102,400,3,3.0,1256.0,1983.0,3,1.0,Waterfront,Excellent,No,2024-07-06,228468
H-1103,3053,5,1.0,9225.0,1972.0,2,1.0,Suburbs,Good,No,2024-05-30,521259
H-1104,1716,2,4.0,4340.0,2010.0,2,2.0,Rural,Average,No,2021-03-30,208497
H-1105,2464,5,1.5,6614.0,1986.0,1,1.0,Suburbs,Good,No,2021-10-09,423977
H-1106,1176,3,3.0,2982.0,1962.0,2,2.0,Downtown,Good,No,2023-06-14,314687
H-1107,2167,4,2.0,7812.0,2020.0,2,3.0,Rural,Good,No,2023-07-24,294891
H-1108,1167,3,2.5,2421.0,1956.0,2,2.0,Downtown,Good,No,2024-03-04,265690
H-1109,1425,5,3.5,2157.0,1991.0,2,2.0,Suburbs,Excellent,No,2022-12-28,362114
H-1110,2948,4,2.0,9222.0,1987.0,2,1.0,Rural,Good,Yes,2022-03-06,341087
H-1111,1685,3,2.5,3380.0,2001.0,1,3.0,Rural,Good,No,2021-09-24,220678
H-1112,1930,2,1.0,7189.0,1993.0,3,3.0,Suburbs,,Yes,2021-12-02,264930
H-1113,2322,2,1.0,8469.0,2013.0,2,,Industrial,Excellent,No,2023-11-24,272766
H-1114,2097,5,2.0,3547.0,1962.0,3,2.0,Suburbs,Average,No,2024-06-28,365126
H-1115,1890,3,3.0,3337.0,1977.0,2,2.0,Industrial,Good,No,2020-03-27,220117
H-1116,2018,3,1.5,5525.0,1950.0,1,1.0,Rural,Average,No,2022-08-29,214068
H-1117,3242,4,1.5,9800.0,1992.0,2,1.0,Suburbs,Excellent,No,2022-05-20,582272
H-1118,1765,3,2.0,3860.0,1991.0,2,1.0,Downtown,Fair,No,2021-09-21,313244
H-1119,1920,5,2.5,6320.0,1999.0,1,2.0,Suburbs,Fair,No,2023-11-26,307627
H-1120,2430,4,3.0,7259.0,2009.0,2,1.0,Downtown,Good,No,2022-08-21,565493
H-1121,2463,4,1.5,5694.0,1950.0,2,1.0,Rural,Good,No,2021-06-08,235986
H-1122,2512,5,1.0,3927.0,2000.0,2,0.0,Suburbs,Average,No,2022-01-13,372897
H-1123,2183,1,3.5,7368.0,1965.0,1,2.0,Suburbs,Fair,No,2021-08-20,293784
H-1124,1114,3,2.0,2269.0,1988.0,2,2.0,Rural,Average,No,2021-12-20,139182
H-1125,2780,3,3.5,9969.0,1964.0,1,1.0,Suburbs,Average,No,2020-04-29,423512
H-1126,1112,3,3.5,2836.0,1982.0,2,3.0,Suburbs,Good,No,2020-07-06,254533
H-1127,1981,4,3.0,5829.0,2002.0,1,2.0,Downtown,Good,Yes,2022-11-10,508795
H-1128,1347,5,1.5,4960.0,1966.0,1,0.0,Rural,Good,No,2023-02-19,168358
H-1129,1761,3,3.0,6443.0,1955.0,2,1.0,Rural,Good,No,2022-12-01,145786
H-1130,1997,3,3.0,4850.0,1980.0,1,2.0,Rural,Excellent,No,2023-07-01,267204
H-1131,1992,5,2.5,4028.0,2018.0,2,1.0,Downtown,Excellent,No,2024-04-28,558234
H-1132,2053,3,2.0,7057.0,1989.0,3,0.0,Suburbs,Average,No,2023-12-11,284086
H-1133,2768,3,2.0,7148.0,1979.0,2,,Downtown,Average,No,2021-12-01,529446
H-1134,2072,3,1.5,4102.0,2018.0,2,2.0,Downtown,Good,No,2020-12-30,461224
H-1135,1653,5,2.5,6217.0,1956.0,3,2.0,Downtown,Fair,Yes,2021-06-06,337846
H-1136,2378,4,2.5,4744.0,1962.0,3,2.0,Suburbs,Good,Yes,2022-09-10,395956
H-1137,2513,4,2.0,3931.0,1953.0,3,3.0,Suburbs,Good,Yes,2023-12-04,429576
H-1138,1063,4,2.5,1648.0,1999.0,1,0.0,Waterfront,Average,No,2023-03-20,323628
H-1139,2158,3,2.0,6594.0,1952.0,2,0.0,Suburbs,Average,No,2022-06-28,309558
H-1140,2220,3,2.5,7002.0,1961.0,2,3.0,Suburbs,Fair,No,2022-10-04,341879
H-1141,1621,4,3.5,3691.0,2014.0,2,2.0,Industrial,Excellent,No,2022-06-03,210977
H-1142,2625,3,1.5,6037.0,1976.0,2,2.0,Suburbs,Good,Yes,2024-06-14,382372
H-1143,1709,4,2.0,4013.0,1999.0,1,0.0,Suburbs,Average,Yes,2023-09-28,305733
H-1144,1875,5,1.5,6000.0,1966.0,3,0.0,Industrial,Good,No,2023-07-31,220116
H-1145,1696,4,2.5,2790.0,2021.0,2,1.0,Industrial,Excellent,Yes,2022-05-16,255847
H-1146,1809,4,3.0,6915.0,1981.0,2,2.0,Suburbs,Average,Yes,2021-07-09,299945
H-1147,1142,4,3.5,,2000.0,2,1.0,Rural,Good,No,2020-02-02,146961
H-1148,935,4,2.0,3739.0,1966.0,2,2.0,Suburbs,Good,No,2020-03-13,215687
H-1149,2756,3,4.0,5315.0,1983.0,1,2.0,Rural,Good,Yes,2020-02-20,331501
H-1150,1291,2,1.0,4426.0,1984.0,2,0.0,Industrial,Excellent,No,2024-06-29,137471
H-1151,1205,3,2.5,2480.0,1973.0,3,1.0,Suburbs,Good,No,2020-07-10,204639
H-1152,507,4,1.0,862.0,2003.0,2,2.0,Waterfront,Average,Yes,2020-08-25,200358
H-1153,1416,3,3.5,5221.0,1967.0,2,0.0,Rural,Good,No,2022-03-21,205031
H-1154,1006,4,2.5,3668.0,1999.0,2,1.0,Suburbs,Fair,No,2022-03-16,214371
H-1155,2785,3,3.0,6987.0,1995.0,2,1.0,Rural,Good,Yes,2024-03-20,331195
H-1156,2405,4,3.0,7830.0,1997.0,2,2.0,Suburbs,Fair,No,2020-05-03,355816
H-1157,1387,2,1.5,4012.0,1982.0,2,2.0,Downtown,Average,No,2024-05-21,285704
H-1158,3151,4,1.0,11445.0,1976.0,1,1.0,Industrial,Good,No,2020-12-28,256475
H-1159,2389,3,3.5,5465.0,1950.0,1,2.0,Suburbs,Good,No,2024-06-12,346584
H-1160,1605,3,2.0,4508.0,2008.0,2,3.0,Suburbs,Good,No,2022-06-25,278529
H-1161,400,3,1.5,1085.0,1959.0,3,2.0,Waterfront,Average,No,2022-12-27,172030
H-1162,3174,4,2.5,7569.0,1974.0,2,0.0,Industrial,Good,No,2021-06-12,297761
H-1163,966,3,2.5,3601.0,2006.0,1,2.0,Waterfront,Average,No,2022-10-21,332341
H-1164,812,3,1.0,1554.0,2015.0,2,2.0,Suburbs,Average,Yes,2023-04-04,207253
H-1165,2413,5,2.0,4521.0,1964.0,1,3.0,Suburbs,Average,No,2020-01-18,391801
H-1166,3263,4,1.0,9600.0,1977.0,2,3.0,Suburbs,Average,Yes,2020-02-27,457775
H-1167,2630,5,2.0,8268.0,1962.0,1,2.0,Suburbs,Good,No,2024-07-09,435035
H-1168,2138,3,3.5,4247.0,1963.0,3,,Industrial,Fair,No,2022-02-04,170177
H-1169,2156,3,4.0,5339.0,2015.0,1,3.0,Rural,Fair,No,2024-04-15,248623
H-1170,2312,5,2.5,8939.0,1983.0,1,2.0,Downtown,Poor,No,2023-05-06,390477
H-1171,2255,3,1.5,4772.0,1974.0,2,2.0,Downtown,Good,No,2021-09-16,473151
H-1172,1968,4,3.5,6240.0,2003.0,1,1.0,Industrial,Fair,No,2020-09-09,175613
H-1173,1862,3,2.5,6238.0,1961.0,2,1.0,Waterfront,Fair,No,2024-06-25,406072
H-1174,1762,3,1.5,4617.0,1958.0,3,2.0,Suburbs,Average,Yes,2022-09-05,292345
H-1175,1347,2,3.5,5177.0,1980.0,1,2.0,Rural,Average,No,2020-11-18,126639
H-1176,1631,3,3.0,5450.0,2002.0,2,3.0,Suburbs,Poor,No,2023-02-15,238757
H-1177,784,1,3.0,2073.0,1992.0,3,3.0,Rural,Poor,No,2020-06-03,67344
H-1178,1740,1,3.0,5086.0,1987.0,2,1.0,Rural,Average,No,2023-12-24,156273
H-1179,1206,6,2.0,3897.0,1991.0,3,2.0,Rural,Good,No,2020-05-30,209751
H-1180,1137,3,2.0,3388.0,2021.0,1,1.0,Suburbs,Fair,No,2021-01-30,242806
H-1181,1907,4,3.0,7049.0,1997.0,1,2.0,Suburbs,Excellent,No,2020-06-02,430410
H-1182,2635,4,2.0,6303.0,2016.0,1,2.0,Suburbs,Good,No,2020-06-22,460931
H-1183,2350,4,2.0,5286.0,2015.0,2,1.0,Industrial,Poor,No,2022-05-26,167909
H-1184,857,2,3.0,1743.0,1965.0,2,1.0,Industrial,Fair,Yes,2023-02-24,132175
H-1185,1206,4,3.0,1922.0,1965.0,1,1.0,Waterfront,Poor,No,2023-08-12,235731
H-1186,2364,4,2.5,3800.0,1980.0,2,0.0,Industrial,Average,No,2023-03-09,234542
H-1187,1210,4,3.0,4446.0,2007.0,1,3.0,Rural,Average,No,2021-08-31,190455
H-1188,1665,4,3.0,5321.0,1977.0,2,0.0,Suburbs,Poor,No,2022-07-21,192855
H-1189,2130,6,3.0,6712.0,1953.0,1,0.0,Rural,Good,No,2024-04-01,290056
H-1190,1218,4,2.0,3698.0,1959.0,1,1.0,Suburbs,Fair,No,2021-10-10,169221
H-1191,1863,3,2.0,6749.0,2000.0,2,3.0,Suburbs,Average,No,2021-02-26,354134
H-1192,999,4,2.0,2697.0,1967.0,1,1.0,Suburbs,Good,No,2022-05-19,204682
H-1193,1439,2,1.5,5289.0,1996.0,2,1.0,Suburbs,Excellent,No,2021-05-12,276127
H-1194,1991,5,2.0,4775.0,1981.0,2,2.0,Rural,Good,Yes,2021-03-14,248126
H-1195,844,2,2.0,3221.0,1979.0,3,1.0,Downtown,Average,No,2023-07-27,169552
H-1196,2064,3,2.5,6701.0,1985.0,2,1.0,Downtown,Good,No,2024-01-31,439852
H-1197,1788,4,3.5,3831.0,1958.0,2,2.0,Rural,Average,No,2022-04-20,218812
H-1198,2131,4,1.5,6201.0,1985.0,3,1.0,Rural,Average,No,2023-07-29,236895
H-1199,1934,3,3.0,5478.0,1978.0,3,3.0,Suburbs,Average,No,2020-11-09,317469
H-1200,2618,3,3.0,4829.0,1965.0,2,2.0,Downtown,Excellent,Yes,2022-07-05,634081
H-1201,1875,5,1.0,5583.0,1970.0,2,2.0,Suburbs,Average,No,2022-11-30,301176
H-1202,1542,3,3.5,3526.0,2013.0,2,1.0,Rural,Excellent,No,2022-04-01,274928
H-1203,1873,5,2.5,3054.0,2015.0,2,2.0,Rural,Excellent,No,2020-07-14,304044
H-1204,2125,2,2.0,8227.0,2008.0,3,2.0,Downtown,Good,Yes,2023-05-13,483799
H-1205,1829,4,3.0,5676.0,1977.0,2,1.0,Industrial,Average,No,2023-11-05,194230
H-1206,1824,4,2.0,6734.0,2004.0,1,1.0,Suburbs,Excellent,No,2022-11-29,405098
H-1207,1378,2,3.0,4396.0,1980.0,1,2.0,Suburbs,Excellent,No,2020-10-10,280030
H-1208,1402,3,1.0,3354.0,1982.0,1,2.0,Suburbs,Good,No,2020-05-04,233431
H-1209,958,2,3.0,2664.0,2009.0,1,3.0,Suburbs,Poor,No,2021-05-19,148278
H-1210,2849,4,2.0,9086.0,1990.0,1,2.0,Industrial,,No,2020-03-02,242269
H-1211,1053,3,2.5,4107.0,1995.0,2,2.0,Downtown,Excellent,Yes,2023-11-05,368743
H-1212,1384,4,2.0,2953.0,1998.0,1,1.0,Suburbs,Good,No,2023-03-22,298490
H-1213,1368,2,3.0,5044.0,2014.0,2,2.0,Suburbs,Poor,Yes,2022-08-01,164338
H-1214,2336,3,3.0,8900.0,1991.0,1,3.0,Suburbs,Excellent,No,2024-01-29,495601
H-1215,1623,1,2.5,5154.0,1972.0,1,2.0,Downtown,Excellent,No,2020-07-03,398843
H-1216,2548,3,2.5,9754.0,1976.0,2,1.0,Downtown,Excellent,No,2023-04-11,609186
H-1217,1395,4,2.5,3480.0,1981.0,3,1.0,Suburbs,Poor,No,2020-09-02,222288
H-1218,1967,5,3.5,7636.0,1952.0,2,1.0,Suburbs,Average,No,2020-04-11,352086
H-1219,1298,4,2.5,4227.0,2009.0,2,2.0,Rural,Good,No,2020-08-10,233120
H-1220,3087,3,3.0,4954.0,1966.0,2,3.0,Rural,Excellent,No,2024-05-10,308616
H-1221,1087,5,3.0,4094.0,1981.0,1,1.0,Suburbs,Poor,No,2022-01-07,194909
H-1222,1985,4,2.0,5381.0,1956.0,2,1.0,Suburbs,Average,Yes,2020-03-23,320988
H-1223,2180,5,2.0,5778.0,2020.0,1,2.0,Waterfront,Average,Yes,2022-09-04,623357
H-1224,2048,3,2.0,5972.0,2018.0,2,3.0,Suburbs,Good,No,2020-11-30,382770
H-1225,1688,3,3.0,3162.0,2007.0,2,2.0,Suburbs,Fair,No,2020-01-12,304448
H-1226,1722,2,2.0,4602.0,1989.0,2,1.0,Rural,Good,No,2023-06-23,196786
H-1227,1826,4,2.5,6533.0,1997.0,1,1.0,Rural,Fair,No,2020-09-16,197635
H-1228,1711,2,3.0,2632.0,2000.0,2,2.0,Suburbs,Good,No,2024-04-26,284791
H-1229,2378,3,2.0,5189.0,2006.0,1,2.0,Downtown,Excellent,No,2022-09-19,601208
H-1230,3126,3,2.5,4708.0,2020.0,1,1.0,Downtown,Average,No,2020-05-25,620236
H-1231,1465,4,2.0,3720.0,1986.0,2,2.0,Waterfront,Fair,Yes,2020-12-30,372985
H-1232,978,4,1.5,3247.0,2023.0,2,2.0,Downtown,Good,No,2022-10-19,328188
H-1233,1747,2,3.0,6109.0,2004.0,1,2.0,Suburbs,Excellent,Yes,2021-07-20,399231
H-1234,3347,3,1.0,,1990.0,2,1.0,Downtown,Average,No,2022-06-09,643972
H-1235,1317,4,2.0,3979.0,1969.0,3,3.0,Suburbs,Average,No,2023-08-31,253035
H-1236,2783,5,3.5,5946.0,1982.0,1,2.0,Suburbs,Average,No,2023-08-19,476314
H-1237,2806,4,2.0,10691.0,1989.0,2,2.0,Downtown,Average,No,2023-03-14,600616
H-1238,1467,5,4.0,5043.0,1983.0,1,2.0,Downtown,Excellent,No,2024-01-23,445794
H-1239,2141,4,4.0,6286.0,2011.0,2,3.0,Rural,Average,No,2020-11-29,281632
H-1240,2777,4,2.0,8994.0,1968.0,1,2.0,Suburbs,Good,No,2020-10-23,405887
H-1241,1572,2,1.0,5990.0,1992.0,3,2.0,Rural,Poor,No,2023-08-31,112379
H-1242,1677,4,3.0,5502.0,2018.0,2,2.0,Downtown,Average,No,2021-06-21,463318
H-1243,1450,4,2.5,3510.0,2012.0,2,2.0,Waterfront,Average,No,2022-05-07,434739
H-1244,1191,4,1.5,3909.0,1959.0,1,1.0,Industrial,Good,No,2023-05-30,131890
H-1245,1410,3,3.0,2256.0,1962.0,2,3.0,Downtown,Good,No,2021-10-24,344651
H-1246,1065,3,1.0,2626.0,1954.0,3,3.0,Industrial,Average,No,2020-08-05,117831
H-1247,1820,3,3.5,4578.0,2007.0,2,1.0,Suburbs,Good,No,2023-02-11,336432
H-1248,1338,3,1.5,2565.0,2008.0,3,1.0,Rural,Fair,No,2023-09-29,178241
H-1249,1940,2,1.5,3021.0,2008.0,1,1.0,Suburbs,Average,No,2020-01-22,262048
H-1250,866,4,1.5,1587.0,1964.0,2,3.0,Suburbs,Good,Yes,2022-07-30,207724
H-1251,1998,2,4.0,6266.0,1950.0,2,2.0,Suburbs,Good,Yes,2022-02-24,341311
H-1252,2300,2,3.0,8063.0,1987.0,2,2.0,Suburbs,Average,No,2021-03-10,354647
H-1253,603,3,3.0,2394.0,2002.0,3,3.0,Rural,Excellent,No,2020-09-26,169770
H-1254,2024,4,2.0,4788.0,2001.0,1,2.0,Suburbs,Average,No,2020-11-10,340404
H-1255,2536,3,2.0,7604.0,1950.0,1,2.0,Suburbs,Average,Yes,2023-04-28,377098
H-1256,1074,3,2.0,4127.0,1960.0,1,2.0,Industrial,Good,No,2022-06-16,105793
H-1257,2803,4,2.5,5375.0,2007.0,3,2.0,Industrial,Average,No,2024-06-30,276036
H-1258,2051,3,2.5,6756.0,1989.0,3,2.0,Industrial,Average,No,2021-02-11,253790
H-1259,1376,5,2.5,4661.0,2009.0,2,2.0,Waterfront,Poor,Yes,2024-05-20,301122
H-1260,1766,5,2.0,3041.0,1993.0,2,3.0,Suburbs,Average,No,2022-05-12,325736
H-1261,2134,3,3.5,7795.0,1955.0,2,,Suburbs,Average,Yes,2020-09-01,379565
H-1262,1845,3,1.5,6517.0,1977.0,2,2.0,Suburbs,Good,Yes,2020-09-05,345303
H-1263,2123,4,4.0,3361.0,1980.0,1,1.0,Industrial,Good,No,2022-10-15,258799
H-1264,1247,1,1.0,2154.0,1957.0,2,0.0,Downtown,Excellent,Yes,2023-10-23,245797
H-1265,1901,3,2.5,3084.0,1954.0,2,2.0,Suburbs,Average,No,2023-06-05,298082
H-1266,951,3,2.0,2222.0,2003.0,2,2.0,Downtown,Good,No,2023-01-02,289365
H-1267,1733,5,2.0,4805.0,1966.0,1,2.0,Suburbs,Average,No,2020-10-15,294730
H-1268,1257,1,2.5,3558.0,1987.0,2,2.0,Suburbs,Good,No,2020-06-30,204806
H-1269,1358,4,2.0,2945.0,1958.0,2,,Rural,Average,No,2020-01-01,146334
H-1270,2541,4,2.0,9602.0,2023.0,2,2.0,Downtown,Average,No,2020-06-19,582791
H-1271,2454,3,3.0,5940.0,1963.0,2,2.0,Suburbs,Average,No,2023-07-06,347751
H-1272,2165,2,3.0,3494.0,1975.0,2,3.0,Waterfront,Poor,Yes,2024-02-07,339985
H-1273,1144,6,3.0,,2011.0,2,2.0,Rural,Average,No,2021-02-06,181798
H-1274,1610,3,2.0,4552.0,1974.0,2,1.0,Downtown,Good,No,2023-08-23,372602
H-1275,2527,4,2.5,6369.0,1985.0,2,2.0,Industrial,Average,Yes,2020-11-28,254121
H-1276,1885,3,2.5,4117.0,1982.0,2,0.0,Rural,Average,No,2021-02-21,194900
H-1277,3191,3,2.0,5834.0,1952.0,2,1.0,Downtown,Fair,No,2021-01-10,457678
H-1278,2035,3,2.5,7219.0,1960.0,2,1.0,Rural,Fair,Yes,2020-03-27,201440
H-1279,1915,2,2.0,7641.0,2007.0,2,2.0,Rural,Good,Yes,2020-11-20,235728
H-1280,1614,2,1.5,3750.0,2013.0,2,1.0,Suburbs,Fair,No,2021-09-17,212900
H-1281,1880,4,2.0,4613.0,1967.0,2,1.0,Downtown,Good,No,2021-11-09,387831
H-1282,1708,3,1.5,5201.0,1996.0,2,1.0,Suburbs,Fair,No,2021-06-02,270009
H-1283,2224,2,3.0,7330.0,1993.0,2,0.0,Rural,Good,No,2022-05-11,222344
H-1284,2374,3,3.0,5887.0,2008.0,3,0.0,Suburbs,Good,No,2021-09-24,395487
H-1285,1328,4,4.0,4996.0,1999.0,2,1.0,Rural,Fair,No,2024-06-12,153191
H-1286,1001,2,3.0,2902.0,2018.0,1,1.0,Suburbs,Average,Yes,2023-09-13,211011
H-1287,698,4,1.0,1832.0,1978.0,2,1.0,Suburbs,Poor,No,2024-04-07,102231
H-1288,2104,2,3.5,6557.0,2016.0,2,1.0,Suburbs,Good,Yes,2022-07-22,381133
H-1289,1137,1,3.5,4413.0,1951.0,3,2.0,Suburbs,Average,Yes,2023-02-09,184308
H-1290,508,2,2.0,1771.0,1974.0,2,2.0,Waterfront,Average,No,2020-10-06,185078
H-1291,2033,4,2.5,3252.0,1968.0,1,2.0,Rural,Excellent,No,2023-06-14,249210
H-1292,3295,2,4.0,7679.0,1989.0,2,3.0,Suburbs,Good,No,2021-01-30,508897
H-1293,1796,1,2.5,4806.0,1951.0,2,0.0,Suburbs,Excellent,No,2020-09-01,282344
H-1294,2303,3,3.5,5265.0,2014.0,2,1.0,Rural,Poor,No,2020-03-11,195214
H-1295,1849,4,1.0,6010.0,2011.0,2,2.0,Waterfront,Fair,No,2022-03-01,424170
H-1296,1740,3,1.5,6204.0,2003.0,2,2.0,Rural,Good,No,2021-04-25,254579
H-1297,2351,3,2.0,7824.0,1994.0,2,3.0,Suburbs,Good,No,2024-07-09,384510
H-1298,1625,1,2.5,6456.0,1998.0,2,3.0,Industrial,Excellent,No,2021-02-22,201092
H-1299,1960,3,3.0,4275.0,2018.0,1,1.0,Rural,Average,No,2023-12-21,194923
H-1300,1993,4,4.0,7349.0,1987.0,1,3.0,Downtown,Poor,No,2021-06-13,345456
H-1301,1399,4,2.0,4779.0,,2,3.0,Suburbs,Average,Yes,2023-06-08,248937
H-1302,2395,3,1.0,5761.0,1966.0,1,2.0,Suburbs,Good,No,2023-01-09,354652
H-1303,1695,3,3.0,5653.0,2002.0,1,3.0,Rural,Average,No,2022-07-29,215675
H-1304,1346,2,2.5,2369.0,2002.0,1,0.0,Downtown,Poor,Yes,2021-11-28,211716
H-1305,2121,3,1.5,7366.0,1980.0,3,2.0,Suburbs,Average,No,2023-01-28,347005
H-1306,1260,2,2.5,3566.0,1971.0,1,1.0,Suburbs,Poor,No,2021-11-12,125465
H-1307,1816,4,3.0,4050.0,1960.0,1,1.0,Downtown,Excellent,No,2022-07-06,463670
H-1308,1794,5,3.0,5632.0,1983.0,1,2.0,Suburbs,Average,Yes,2022-09-14,313320
H-1309,2451,6,2.5,7608.0,1964.0,2,1.0,Rural,Average,No,2021-03-23,250536
H-1310,2084,5,2.0,4217.0,,2,2.0,Suburbs,Average,No,2021-07-22,347455
H-1311,1784,4,4.0,2811.0,2002.0,1,2.0,Suburbs,Average,No,2020-01-31,317720
H-1312,2290,4,3.0,5917.0,1997.0,2,2.0,Suburbs,Excellent,No,2023-11-27,464942
H-1313,2634,3,2.0,7701.0,1980.0,2,1.0,Suburbs,Good,No,2023-06-19,419586
H-1314,2134,4,2.0,7877.0,1986.0,2,2.0,Suburbs,Fair,Yes,2020-11-03,313387
H-1315,1806,3,3.0,6899.0,1977.0,2,2.0,Downtown,Good,No,2021-08-29,463657
H-1316,1012,3,2.0,2855.0,1980.0,2,2.0,Suburbs,Poor,No,2021-12-05,118319
H-1317,1160,4,1.5,3926.0,2019.0,1,2.0,Waterfront,Average,No,2021-07-13,405782
H-1318,1616,3,2.5,4198.0,1963.0,2,2.0,Suburbs,Average,No,2023-08-29,283670
H-1319,1434,3,2.0,4825.0,1965.0,2,2.0,Rural,Fair,No,2023-04-29,164871
H-1320,1687,5,2.5,3394.0,1974.0,2,2.0,Suburbs,Fair,No,2023-07-08,255641
H-1321,1833,2,1.5,4449.0,1988.0,2,3.0,Downtown,Average,Yes,2024-02-22,367257
H-1322,2117,3,3.0,6532.0,2015.0,3,2.0,Rural,Excellent,No,2022-09-23,321708
H-1323,1757,5,2.0,2715.0,1987.0,2,2.0,Downtown,Fair,Yes,2022-10-25,332258
H-1324,2091,4,1.0,6913.0,1990.0,1,2.0,Industrial,Fair,No,2023-04-23,159652
H-1325,1838,3,1.5,6596.0,1989.0,2,2.0,Suburbs,Fair,No,2023-02-14,269046
H-1326,614,3,3.5,1533.0,2013.0,2,2.0,Suburbs,Average,No,2023-12-27,205244
H-1327,1236,3,3.5,3238.0,1965.0,2,2.0,Downtown,Good,No,2023-07-13,294801
H-1328,1713,5,2.0,6215.0,2008.0,2,2.0,Waterfront,Fair,Yes,2020-07-20,465063
H-1329,1074,4,3.0,3693.0,1960.0,1,1.0,Industrial,Excellent,Yes,2024-04-03,134227
H-1330,2159,3,2.5,4793.0,1950.0,2,2.0,Downtown,Good,No,2023-02-17,433528
H-1331,2718,2,4.0,6278.0,1962.0,3,3.0,Suburbs,Excellent,No,2020-07-31,483568
H-1332,2531,1,2.0,8092.0,1979.0,1,1.0,Downtown,Good,No,2023-07-16,478704
H-1333,1671,5,3.0,4859.0,2018.0,2,3.0,Rural,Average,No,2021-08-22,248259
H-1334,2694,3,1.0,5133.0,1967.0,2,1.0,Suburbs,Excellent,No,2023-09-11,444918
H-1335,1889,4,2.0,4297.0,1962.0,2,1.0,Suburbs,Good,No,2024-05-18,340172
H-1336,1597,2,4.0,5988.0,1981.0,2,2.0,Downtown,Good,No,2021-03-03,394670
H-1337,1431,4,2.5,4608.0,2020.0,2,2.0,Rural,Average,Yes,2023-12-06,193374
H-1338,1618,5,2.0,6415.0,2021.0,2,2.0,Suburbs,Average,No,2023-07-18,321785
H-1339,1567,4,1.5,5355.0,1999.0,3,1.0,Rural,Average,No,2023-01-28,207754
H-1340,1902,2,3.0,7332.0,2020.0,2,1.0,Rural,Fair,No,2021-10-06,217560
H-1341,1896,4,2.5,3868.0,1980.0,2,2.0,Downtown,Average,No,2020-07-02,410113
H-1342,1801,4,2.0,6175.0,2000.0,1,1.0,Suburbs,Good,Yes,2022-03-21,359189
H-1343,2062,3,4.0,3197.0,1976.0,1,2.0,Rural,Poor,No,2020-06-25,210114
H-1344,2514,5,1.0,7986.0,2009.0,2,2.0,Suburbs,Excellent,Yes,2022-04-17,548570
H-1345,2369,4,2.0,6332.0,1982.0,1,2.0,Downtown,Good,No,2023-10-05,510578
H-1346,909,5,3.5,2151.0,2002.0,2,1.0,Rural,Average,No,2024-07-28,185807
H-1347,400,4,2.0,1462.0,2021.0,2,1.0,Industrial,Fair,No,2020-11-27,94190
H-1348,2360,2,2.0,8580.0,1982.0,3,,Industrial,Fair,No,2020-12-13,188173
H-1349,979,3,2.5,1523.0,1990.0,1,0.0,Rural,Excellent,No,2023-09-19,174595
H-1350,1665,3,3.0,5034.0,1968.0,1,2.0,Suburbs,Average,Yes,2022-02-24,304675
H-1351,1097,5,1.5,2654.0,1990.0,1,2.0,Suburbs,Average,No,2024-03-13,265319
H-1352,718,4,3.5,1823.0,1991.0,2,1.0,Downtown,Good,No,2023-07-11,275833
H-1353,2124,4,3.0,7604.0,1972.0,2,1.0,Suburbs,Good,No,2023-05-17,390381
H-1354,2255,3,1.5,5129.0,1982.0,1,0.0,Downtown,Average,No,2020-06-19,407382
H-1355,1454,2,3.0,5608.0,1969.0,3,2.0,Suburbs,Good,Yes,2020-03-01,269579
H-1356,400,4,2.0,779.0,1974.0,3,0.0,Waterfront,Excellent,No,2021-06-14,205152
H-1357,1472,3,2.0,4646.0,2001.0,2,3.0,Industrial,Good,No,2020-12-29,203536
H-1358,2035,3,3.0,6471.0,1961.0,1,2.0,Industrial,Excellent,No,2023-04-07,210426
H-1359,912,4,4.0,1943.0,1981.0,2,1.0,Downtown,Good,No,2022-01-24,252108
H-1360,1910,1,1.5,4415.0,1982.0,2,0.0,Industrial,Good,No,2022-05-25,135731
H-1361,1790,3,2.0,6420.0,2023.0,2,2.0,Downtown,Good,No,2023-09-24,453031
H-1362,2147,3,2.5,7309.0,2017.0,1,2.0,Suburbs,Fair,No,2022-03-12,285704
H-1363,1871,2,2.0,4345.0,1964.0,1,2.0,Rural,Good,Yes,2022-07-01,169275
H-1364,1216,6,2.0,3447.0,2000.0,3,1.0,Suburbs,Average,No,2023-11-11,286670
H-1365,2517,3,1.0,4163.0,1955.0,1,2.0,Industrial,Poor,Yes,2021-12-23,116902
H-1366,1704,2,3.0,3445.0,2018.0,2,1.0,Suburbs,Fair,No,2020-05-19,270111
H-1367,1783,3,2.0,4840.0,2018.0,2,2.0,Suburbs,Good,No,2022-05-23,312957
H-1368,1240,4,1.5,2126.0,1984.0,2,1.0,Downtown,Good,No,2022-08-27,267987
H-1369,1534,3,3.0,5535.0,1983.0,2,2.0,Waterfront,Average,No,2022-05-06,410088
H-1370,1269,4,3.0,4181.0,2012.0,2,1.0,Suburbs,Fair,No,2021-03-07,205849
H-1371,1696,1,2.5,6545.0,2017.0,2,2.0,Rural,Excellent,No,2021-01-09,223638
H-1372,2827,1,2.0,9141.0,1967.0,2,2.0,Rural,Good,No,2021-09-10,286910
H-1373,976,3,2.5,3758.0,1975.0,2,0.0,Rural,Fair,Yes,2020-10-05,116597
H-1374,831,4,2.0,2398.0,2010.0,2,2.0,Suburbs,Average,No,2023-01-19,237313
H-1375,2682,5,2.0,8047.0,2023.0,2,1.0,Suburbs,Average,No,2022-10-25,462880
H-1376,1674,2,3.0,6599.0,1997.0,2,0.0,Rural,Average,No,2022-11-24,204308
H-1377,1398,3,1.0,4341.0,2021.0,2,3.0,Industrial,Good,No,2021-01-11,146543
H-1378,2423,5,1.0,3820.0,1980.0,1,1.0,Waterfront,Average,No,2021-02-16,538429
H-1379,1436,3,1.0,4752.0,1983.0,2,2.0,Downtown,Average,Yes,2023-08-11,351897
H-1380,2895,4,1.5,10895.0,1956.0,1,2.0,Downtown,Average,No,2023-03-01,589552
H-1381,2206,2,1.0,7696.0,1956.0,3,1.0,Suburbs,Fair,No,2024-01-05,292607
H-1382,1507,5,4.0,4460.0,1996.0,3,3.0,Rural,Fair,No,2021-11-06,197521
H-1383,3094,4,2.0,9833.0,1957.0,1,1.0,Suburbs,Excellent,No,2022-07-05,508124
H-1384,1436,5,1.5,5708.0,1950.0,1,2.0,Rural,Average,No,2023-05-21,171560
H-1385,2245,4,2.0,3876.0,1952.0,2,2.0,Industrial,Average,No,2024-06-18,195175
H-1386,1979,3,3.5,6269.0,2002.0,3,3.0,Suburbs,Average,No,2024-07-14,357545
H-1387,2581,5,2.5,5700.0,1987.0,2,2.0,Suburbs,Good,No,2024-07-30,452655
H-1388,2736,3,2.0,8482.0,2000.0,2,2.0,Industrial,Average,No,2024-01-30,277623
H-1389,1819,3,3.5,5491.0,1964.0,2,2.0,Suburbs,Average,No,2022-12-06,289826
H-1390,1347,4,2.0,2537.0,2016.0,1,1.0,Suburbs,Average,No,2020-01-12,302381
H-1391,2075,4,2.0,4184.0,2013.0,2,2.0,Suburbs,Fair,No,2023-03-17,312329
H-1392,1393,5,2.0,4254.0,2017.0,1,1.0,Suburbs,Good,No,2021-02-03,335086
H-1393,3008,3,2.0,5476.0,1954.0,2,2.0,Rural,Good,No,2020-04-05,310195
H-1394,1881,4,2.0,4068.0,1959.0,1,2.0,Suburbs,Average,No,2023-03-13,347676
H-1395,1580,4,3.0,5669.0,1957.0,2,3.0,Suburbs,Poor,No,2023-06-19,185236
H-1396,1910,2,2.0,4426.0,1961.0,3,2.0,Rural,Excellent,Yes,2023-01-08,228569
H-1397,991,3,2.5,2695.0,2013.0,2,2.0,Suburbs,Good,No,2021-09-03,223303
H-1398,1217,3,1.0,4688.0,2008.0,2,1.0,Suburbs,Fair,No,2022-05-05,198232
H-1399,2520,3,1.5,5211.0,2016.0,1,1.0,Rural,Fair,No,2024-04-14,237558
H-1400,1405,6,2.0,3476.0,1999.0,2,2.0,Waterfront,Fair,No,2023-05-06,395352
H-1401,1171,4,3.5,3531.0,1972.0,1,2.0,Suburbs,Good,No,2022-04-24,266387
H-1402,2121,4,2.0,7186.0,1989.0,2,2.0,Downtown,Fair,No,2022-09-20,416503
H-1403,2511,6,3.0,9426.0,1967.0,1,,Rural,Average,No,2024-04-01,296980
H-1404,2231,3,2.0,8452.0,1970.0,1,1.0,Rural,Average,Yes,2021-10-21,252230
H-1405,2397,4,1.5,8249.0,1950.0,1,2.0,Suburbs,Good,Yes,2020-06-19,438191
H-1406,1345,3,1.0,2785.0,1987.0,2,1.0,Downtown,Average,No,2021-06-29,291800
H-1407,946,5,2.0,1477.0,1990.0,2,1.0,Downtown,Good,No,2021-11-26,263594
H-1408,2700,2,1.5,6640.0,1991.0,2,0.0,Rural,Good,No,2021-04-01,265623
H-1409,1606,5,1.5,2977.0,1958.0,1,2.0,Suburbs,Average,No,2022-06-04,269094
H-1410,1649,3,3.0,5402.0,1972.0,2,2.0,Waterfront,Good,Yes,2021-05-25,442178
H-1411,2596,3,1.0,8184.0,1960.0,2,1.0,Suburbs,Good,No,2020-06-21,386483
H-1412,2133,4,2.5,3433.0,2020.0,2,2.0,Rural,Good,No,2020-11-10,295324
H-1413,2073,3,2.0,7445.0,1980.0,2,2.0,Industrial,Fair,No,2024-03-16,148409
H-1414,3099,4,2.5,6575.0,1975.0,2,2.0,Downtown,Good,No,2022-11-19,599895
H-1415,1413,3,2.5,3646.0,1979.0,1,2.0,Suburbs,Fair,No,2021-06-10,268217
H-1416,2356,4,2.0,7468.0,1983.0,2,0.0,Downtown,Average,No,2021-09-06,463451
H-1417,1834,3,2.0,4719.0,1995.0,3,3.0,Suburbs,Average,Yes,2022-04-05,351068
H-1418,1961,2,3.0,5104.0,2018.0,2,0.0,Downtown,Average,No,2023-01-31,435016
H-1419,2717,3,3.5,4521.0,1954.0,2,2.0,Downtown,Average,No,2022-09-01,497339
H-1420,2104,3,1.5,5267.0,2010.0,2,2.0,Industrial,Excellent,No,2024-04-10,237456
H-1421,2122,2,1.0,7240.0,1987.0,2,1.0,Rural,Good,No,2022-11-13,221249
H-1422,2443,3,3.5,9253.0,1977.0,2,2.0,Waterfront,Average,No,2024-03-04,597851
H-1423,1581,3,2.0,4005.0,1975.0,2,1.0,Suburbs,Poor,No,2020-01-10,194698
H-1424,1296,2,2.5,3316.0,2010.0,2,3.0,Suburbs,Excellent,No,2024-01-30,277859
H-1425,1173,4,2.0,3819.0,1972.0,2,1.0,Downtown,Average,No,2023-04-22,321327
H-1426,620,5,1.5,2391.0,1995.0,2,2.0,Suburbs,Fair,No,2020-10-15,146840
H-1427,3033,2,2.5,6574.0,1979.0,2,2.0,Suburbs,Fair,No,2021-03-16,339562
H-1428,1138,4,2.5,2959.0,2016.0,1,0.0,Downtown,Excellent,No,2022-06-27,374190
H-1429,1667,4,2.0,5817.0,1982.0,2,2.0,Rural,Average,No,2020-07-28,261670
H-1430,1633,3,2.5,4938.0,1952.0,2,3.0,Suburbs,Excellent,No,2023-08-07,317714
H-1431,1984,4,3.0,3524.0,2018.0,3,2.0,Suburbs,Fair,No,2023-08-17,314731
H-1432,2289,3,2.5,7025.0,,2,,Suburbs,Good,No,2021-05-18,399820
H-1433,2316,3,1.0,4555.0,2011.0,1,2.0,Industrial,Fair,Yes,2020-04-26,225323
H-1434,1450,1,2.5,4024.0,2007.0,1,3.0,Downtown,Poor,Yes,2024-07-13,217800
H-1435,1699,4,3.0,4795.0,2006.0,2,1.0,Suburbs,Poor,Yes,2021-02-23,244010
H-1436,1969,4,3.0,7266.0,1950.0,1,2.0,Suburbs,Fair,Yes,2020-04-23,252965
H-1437,1650,1,2.5,4382.0,2022.0,3,1.0,Downtown,Good,No,2021-07-06,378197
H-1438,2764,3,1.5,6076.0,2009.0,1,,Rural,Good,No,2024-06-10,339172
H-1439,2094,6,3.0,4350.0,2018.0,3,2.0,Suburbs,Average,No,2023-08-20,434080
H-1440,2240,3,3.0,8255.0,2008.0,2,2.0,Downtown,Average,Yes,2022-03-15,489932
H-1441,2197,3,1.0,4234.0,1995.0,3,3.0,Downtown,Excellent,No,2021-05-26,506123
H-1442,2504,5,2.0,6421.0,1983.0,1,1.0,Waterfront,Good,No,2021-12-09,634516
H-1443,1908,4,2.0,3754.0,1974.0,2,0.0,Downtown,Fair,No,2020-01-30,318508
H-1444,1021,4,3.0,3505.0,1991.0,1,1.0,Suburbs,Fair,No,2023-04-17,166946
H-1445,2039,4,2.0,5476.0,1978.0,1,2.0,Downtown,Good,Yes,2020-06-15,439983
H-1446,1409,5,2.5,3350.0,1974.0,2,2.0,Downtown,Good,No,2022-05-18,372292
H-1447,1482,3,3.5,3560.0,2003.0,2,2.0,Suburbs,Average,No,2022-08-05,324112
H-1448,2151,3,3.0,7809.0,2022.0,1,1.0,Suburbs,Fair,No,2020-01-03,303985
H-1449,2542,3,3.5,7332.0,2016.0,3,2.0,Suburbs,Average,No,2024-06-28,459350
H-1450,1812,5,4.0,5969.0,,1,2.0,Downtown,Poor,Yes,2021-05-20,283114
H-1451,1985,4,1.0,7429.0,1953.0,2,1.0,Waterfront,Fair,No,2020-05-09,375844
H-1452,2821,2,2.5,10591.0,1987.0,1,1.0,Suburbs,Poor,Yes,2023-12-01,268483
H-1453,1944,5,2.0,4512.0,1969.0,2,2.0,Downtown,Average,No,2020-09-11,477144
H-1454,3361,3,3.5,13044.0,1972.0,1,2.0,Suburbs,Fair,No,2020-02-11,457459
H-1455,2139,2,2.0,3341.0,1986.0,3,3.0,Downtown,Fair,No,2022-04-08,378924
H-1456,743,3,4.0,1814.0,2011.0,2,2.0,Suburbs,Good,Yes,2020-08-05,229031
H-1457,2252,3,2.5,8421.0,1957.0,3,2.0,Suburbs,Good,No,2024-07-02,354252
H-1458,2028,5,3.0,4434.0,,1,2.0,Downtown,Fair,No,2020-01-18,405576
H-1459,2573,3,1.0,5616.0,1994.0,2,0.0,Downtown,Excellent,No,2020-03-26,556620
H-1460,2203,4,1.5,4971.0,1982.0,2,0.0,Suburbs,Average,No,2023-10-26,390252
H-1461,1716,4,3.0,5200.0,1956.0,2,1.0,Waterfront,Fair,No,2021-02-05,349758
H-1462,1065,2,1.0,2764.0,1971.0,2,1.0,Downtown,Fair,Yes,2024-03-06,174059
H-1463,1674,6,3.0,5552.0,1954.0,3,1.0,Downtown,Good,No,2021-06-04,460123
H-1464,1289,3,1.0,4817.0,1964.0,1,2.0,Suburbs,Average,No,2020-04-26,222977
H-1465,1451,3,3.0,4622.0,1970.0,2,2.0,Suburbs,Average,Yes,2020-01-18,278100
H-1466,2153,3,2.0,4330.0,1966.0,2,2.0,Downtown,Good,No,2021-04-18,443638
H-1467,2801,5,2.5,10732.0,2005.0,1,1.0,Suburbs,Fair,No,2022-03-04,398971
H-1468,2036,3,3.0,4400.0,1999.0,2,2.0,Suburbs,Average,Yes,2020-01-02,335184
H-1469,1082,2,2.0,2028.0,1956.0,3,,Downtown,Poor,No,2022-08-30,185491
H-1470,2066,2,1.5,3563.0,,3,3.0,Suburbs,Excellent,No,2021-07-12,396405
H-1471,2517,3,1.0,7320.0,2009.0,2,3.0,Downtown,Good,No,2021-10-15,587628
H-1472,1434,4,2.5,2558.0,1956.0,3,2.0,Rural,Fair,No,2021-03-13,175394
H-1473,1719,3,2.5,3174.0,1989.0,2,,Industrial,Average,No,2022-06-04,188509
H-1474,1808,3,3.0,4068.0,1994.0,2,1.0,Rural,Good,No,2021-01-20,247776
H-1475,1329,2,2.5,2929.0,2008.0,1,0.0,Suburbs,Poor,No,2020-08-13,169385
H-1476,2188,3,2.0,6587.0,2004.0,2,2.0,Rural,Fair,No,2024-01-30,227232
H-1477,1727,5,2.0,6116.0,2013.0,1,2.0,Suburbs,Average,No,2021-10-15,342491
H-1478,2051,3,1.0,6980.0,2014.0,1,2.0,Waterfront,Average,No,2020-05-08,492446
H-1479,1267,6,2.0,2731.0,2003.0,2,2.0,Rural,Excellent,No,2021-01-20,228479
H-1480,1537,3,4.0,3248.0,1989.0,2,2.0,Rural,Poor,No,2021-06-02,171888
H-1481,2233,2,3.5,8741.0,2002.0,2,1.0,Suburbs,Fair,No,2023-07-12,325658
H-1482,1576,5,2.0,2396.0,1993.0,3,1.0,Suburbs,Excellent,No,2020-02-07,341009
H-1483,2836,3,2.5,10491.0,2012.0,2,0.0,Suburbs,Good,No,2022-03-11,503409
H-1484,1560,4,3.0,3118.0,1951.0,1,2.0,Downtown,Fair,Yes,2021-11-13,291876
H-1485,1934,6,2.0,7481.0,1970.0,2,2.0,Suburbs,Excellent,No,2024-06-09,446045
H-1486,2359,2,1.0,5557.0,1999.0,2,3.0,Suburbs,Poor,No,2020-10-28,281199
H-1487,948,2,1.0,2465.0,2001.0,3,2.0,Suburbs,Poor,No,2022-11-17,137749
H-1488,743,4,2.5,2427.0,1958.0,3,1.0,Industrial,Fair,No,2020-12-04,110344
H-1489,884,3,4.0,2624.0,1969.0,2,1.0,Suburbs,Average,No,2022-07-07,207210
H-1490,2557,2,3.0,,1967.0,2,2.0,Downtown,Average,No,2022-07-18,448165
H-1491,1468,1,1.0,4234.0,1979.0,2,3.0,Waterfront,Excellent,No,2020-05-06,442808
H-1492,3334,1,1.5,11091.0,2014.0,1,1.0,Industrial,Average,Yes,2022-02-03,309186
H-1493,1461,4,3.0,2346.0,1973.0,1,2.0,Suburbs,Good,No,2022-02-10,279659
H-1494,1910,2,3.0,2918.0,1996.0,2,1.0,Downtown,Average,Yes,2021-06-18,380695
H-1495,2725,3,2.5,7208.0,1993.0,3,1.0,Suburbs,Good,No,2021-04-08,443746
H-1496,3003,4,2.5,5494.0,1978.0,3,3.0,Downtown,Good,Yes,2021-01-10,605429
H-1497,3036,3,1.0,9596.0,2017.0,2,0.0,Waterfront,Good,No,2020-01-10,747657
H-1498,2525,1,3.0,5138.0,1966.0,2,2.0,Rural,Fair,No,2020-01-04,207208
H-1499,2414,4,3.0,6233.0,1954.0,3,0.0,Suburbs,Average,No,2022-09-14,340503
H-1500,2155,1,2.0,4297.0,1999.0,2,2.0,Waterfront,Good,No,2021-05-02,520645
H-1501,2267,4,3.0,6509.0,1989.0,2,2.0,Rural,Average,No,2020-10-08,283295
H-1502,1469,5,2.0,2629.0,1995.0,2,3.0,Industrial,Excellent,No,2023-02-20,232305
H-1503,1309,3,1.0,2039.0,2000.0,2,1.0,Industrial,Fair,Yes,2022-06-04,88055
H-1504,1797,3,2.0,2925.0,1960.0,2,1.0,Downtown,Average,No,2024-03-11,365318
H-1505,1697,3,1.5,6593.0,1961.0,2,2.0,Downtown,Good,No,2023-10-23,417022
H-1506,1528,3,2.0,2835.0,1962.0,2,1.0,Suburbs,Good,No,2023-05-01,253499
H-1507,2217,5,2.0,7252.0,2013.0,1,2.0,Industrial,Poor,No,2020-07-30,170926
H-1508,2373,5,2.5,3962.0,1957.0,2,2.0,Industrial,Average,No,2023-01-20,195398
H-1509,1853,3,2.5,3280.0,2014.0,2,1.0,Suburbs,Good,No,2023-03-07,334790
H-1510,2686,4,2.0,7446.0,1958.0,1,2.0,Downtown,Average,No,2023-07-01,502604
H-1511,1114,5,1.0,2965.0,1951.0,3,,Downtown,Good,No,2021-03-16,321196
H-1512,1683,5,2.5,6528.0,1962.0,1,3.0,Rural,Excellent,No,2022-12-07,320494
H-1513,1369,3,2.0,5287.0,1951.0,2,2.0,Suburbs,Fair,Yes,2022-10-31,252080
H-1514,680,3,2.0,2345.0,2017.0,3,1.0,Suburbs,Good,Yes,2021-10-07,161287
H-1515,1750,3,3.5,5259.0,1997.0,1,1.0,Suburbs,Fair,Yes,2023-01-15,253248
H-1516,1726,5,3.0,4552.0,2023.0,2,1.0,Rural,Average,No,2020-05-25,257227
H-1517,2708,2,3.5,6473.0,1952.0,2,1.0,Waterfront,Good,No,2022-12-13,587698
H-1518,2178,4,2.5,8423.0,2017.0,1,3.0,Suburbs,Fair,No,2022-10-11,355194
H-1519,1185,3,1.5,3563.0,1955.0,3,0.0,Suburbs,Good,No,2020-12-18,250937
H-1520,2912,3,3.0,8583.0,1954.0,1,1.0,Rural,Average,No,2023-10-01,269304
H-1521,2532,3,2.0,5265.0,1952.0,2,0.0,Industrial,Fair,Yes,2024-01-03,179592
H-1522,2149,6,2.0,3474.0,1959.0,1,1.0,Suburbs,Poor,No,2020-12-18,250757
H-1523,1664,2,1.0,6427.0,1992.0,1,0.0,Suburbs,Excellent,No,2020-05-07,328550
H-1524,1224,4,3.0,2796.0,1968.0,3,2.0,Suburbs,Excellent,No,2022-10-07,277769
H-1525,1576,2,1.5,4107.0,1963.0,2,2.0,Suburbs,Average,Yes,2022-03-14,273449
H-1526,2453,2,3.5,,1970.0,1,1.0,Downtown,Good,Yes,2021-12-16,490174
H-1527,2930,3,3.5,10525.0,1992.0,2,1.0,Suburbs,Average,No,2023-06-27,452571
H-1528,2725,3,2.5,4275.0,1977.0,2,2.0,Suburbs,Excellent,No,2024-06-11,478424
H-1529,1506,3,3.0,5398.0,1970.0,3,2.0,Rural,Average,No,2022-03-10,212809
H-1530,1128,3,2.5,2087.0,1985.0,2,0.0,Downtown,Good,Yes,2020-01-11,319529
H-1531,1884,2,3.0,7001.0,,3,3.0,Downtown,Fair,No,2022-09-25,347304
H-1532,738,3,2.0,2453.0,2003.0,2,2.0,Suburbs,Fair,No,2022-12-30,196895
H-1533,1993,5,3.0,3809.0,1987.0,2,2.0,Suburbs,Excellent,No,2023-10-18,457331
H-1534,1711,5,2.5,4986.0,1966.0,3,3.0,Suburbs,Fair,No,2020-11-29,264235
H-1535,1520,3,3.5,3468.0,1971.0,1,2.0,Waterfront,Good,No,2022-05-27,443953
H-1536,843,4,2.5,1640.0,1994.0,1,2.0,Downtown,Good,No,2022-01-18,298902
H-1537,2108,5,2.5,7689.0,2023.0,2,3.0,Suburbs,Good,No,2023-01-17,442035
H-1538,1480,1,3.0,3713.0,2010.0,1,1.0,Suburbs,,Yes,2020-04-17,199582
H-1539,1098,4,3.0,2741.0,1960.0,1,3.0,Waterfront,Average,No,2024-01-19,352404
H-1540,400,5,2.5,769.0,2010.0,2,1.0,Suburbs,Excellent,No,2022-05-05,186861
H-1541,1783,2,1.5,4382.0,1987.0,2,1.0,Suburbs,Poor,No,2024-01-08,196007
H-1542,2863,2,2.5,10533.0,2015.0,2,2.0,Suburbs,Good,No,2021-07-23,534688
H-1543,2796,5,4.0,6732.0,1982.0,2,3.0,Suburbs,Poor,Yes,2022-12-29,343995
H-1544,1525,3,3.0,5915.0,1992.0,1,2.0,Rural,Good,Yes,2024-05-20,251903
H-1545,1438,1,3.0,5558.0,1980.0,2,1.0,Suburbs,Fair,No,2024-04-28,213967
H-1546,2081,3,1.0,3875.0,1984.0,2,2.0,Waterfront,Average,Yes,2024-04-29,535478
H-1547,1200,3,2.5,2331.0,1986.0,1,2.0,Suburbs,Fair,No,2020-03-12,180593
H-1548,1981,4,2.5,7243.0,1996.0,3,1.0,Industrial,Poor,No,2021-11-05,106943
H-1549,2259,4,3.0,5606.0,1972.0,2,3.0,Suburbs,Fair,No,2020-04-11,329227
H-1550,2536,6,1.0,3831.0,1985.0,3,1.0,Waterfront,Average,Yes,2021-06-02,610248
H-1551,1739,3,3.5,3799.0,1989.0,1,1.0,Suburbs,Fair,Yes,2020-10-19,288179
H-1552,1677,3,2.5,5021.0,1964.0,2,1.0,Suburbs,Average,No,2022-11-04,312072
H-1553,1273,3,1.5,4453.0,1986.0,2,2.0,Suburbs,Excellent,No,2023-07-30,254915
H-1554,1303,3,2.0,2389.0,1953.0,2,2.0,Waterfront,Fair,No,2022-05-09,278034
H-1555,1664,2,2.0,2955.0,1971.0,2,1.0,Suburbs,Average,No,2023-08-24,251719
H-1556,2020,6,2.5,7686.0,1971.0,3,2.0,Suburbs,Good,No,2020-01-22,371960
H-1557,2348,5,1.0,7931.0,1966.0,2,1.0,Downtown,Average,Yes,2023-10-05,478044
H-1558,1318,3,1.5,3920.0,2021.0,2,2.0,Industrial,Average,No,2020-10-25,177334
H-1559,2695,4,3.0,9224.0,1987.0,3,2.0,Suburbs,Average,No,2022-02-10,472839
H-1560,1637,3,1.5,4210.0,1973.0,2,1.0,Suburbs,Average,No,2022-01-10,268350
H-1561,1787,3,2.0,6068.0,1955.0,2,2.0,Industrial,Good,No,2024-01-01,215183
H-1562,1351,4,2.5,3282.0,2017.0,1,2.0,Industrial,Average,No,2024-06-05,177664
H-1563,400,3,2.5,844.0,1955.0,3,2.0,Suburbs,Fair,No,2021-03-03,133451
H-1564,2330,6,3.0,7741.0,1975.0,2,2.0,Waterfront,Good,No,2020-04-22,642847
H-1565,2242,4,2.0,5715.0,1990.0,2,2.0,Suburbs,Average,No,2022-12-24,358859
H-1566,1631,3,3.0,6448.0,1987.0,1,3.0,Downtown,Good,No,2022-04-21,469984
H-1567,1840,4,2.5,4367.0,1992.0,2,1.0,Waterfront,Excellent,Yes,2022-08-04,567514
H-1568,2109,2,1.5,8023.0,2002.0,2,2.0,Rural,Average,Yes,2020-03-18,261984
H-1569,862,3,1.5,3303.0,1964.0,2,0.0,Suburbs,Excellent,No,2023-07-21,182660
H-1570,1482,3,2.0,3119.0,2005.0,2,0.0,Downtown,Average,No,2021-01-23,336004
H-1571,2276,3,2.0,7955.0,2005.0,1,1.0,Suburbs,Average,No,2021-07-14,374287
H-1572,1047,4,3.0,2704.0,1980.0,2,3.0,Rural,Good,No,2021-01-17,192064
H-1573,1976,3,2.5,7496.0,2006.0,2,2.0,Industrial,Average,No,2024-05-02,227993
H-1574,986,4,2.0,2588.0,2000.0,1,1.0,Suburbs,Fair,No,2020-10-09,169049
H-1575,2079,4,1.5,6987.0,1973.0,2,1.0,Waterfront,Excellent,No,2023-05-10,616969
H-1576,1778,3,2.0,4742.0,2007.0,2,3.0,Suburbs,Average,No,2021-02-15,301793
H-1577,830,4,2.5,1717.0,2022.0,3,2.0,Rural,Fair,No,2021-12-12,163816
H-1578,2498,3,2.0,4991.0,1953.0,1,1.0,Downtown,Fair,No,2024-07-25,389942
H-1579,1359,3,2.5,3483.0,1959.0,1,3.0,Suburbs,Average,No,2020-06-17,187824
H-1580,1313,3,1.5,,2012.0,2,2.0,Suburbs,Good,No,2024-01-15,243152
H-1581,1920,3,3.0,5784.0,2022.0,2,1.0,Industrial,Excellent,Yes,2024-05-02,264909
H-1582,2489,1,3.5,8018.0,1964.0,1,2.0,Suburbs,Good,No,2023-03-14,403384
H-1583,1190,4,2.0,2624.0,2012.0,2,3.0,Suburbs,Average,Yes,2020-01-17,255627
H-1584,1837,3,2.5,4966.0,,2,3.0,Waterfront,Excellent,Yes,2023-10-06,563012
H-1585,2057,3,4.0,3313.0,2012.0,2,0.0,Suburbs,Fair,No,2024-01-16,310186
H-1586,2215,5,2.0,7849.0,2005.0,2,1.0,Suburbs,Average,Yes,2024-06-30,424533
H-1587,1905,4,2.5,7571.0,1970.0,3,1.0,Suburbs,Excellent,No,2023-11-06,410410
H-1588,1579,5,1.0,3974.0,1983.0,1,2.0,Waterfront,Good,No,2022-01-15,446186
H-1589,1303,2,2.5,1990.0,1966.0,1,2.0,Suburbs,Average,No,2023-02-26,245023
H-1590,1851,4,1.0,3562.0,1967.0,1,1.0,Downtown,Excellent,No,2022-03-23,401492
H-1591,1156,5,4.0,3619.0,2015.0,2,2.0,Suburbs,Fair,No,2021-08-13,244659
H-1592,400,4,3.0,1212.0,2000.0,2,2.0,Industrial,Fair,No,2022-11-14,94968
H-1593,2061,4,3.0,7150.0,2014.0,2,2.0,Downtown,Poor,No,2023-07-12,331769
H-1594,2342,3,3.0,4999.0,1992.0,1,3.0,Suburbs,Average,No,2022-11-30,391444
H-1595,400,2,2.5,1363.0,2006.0,1,2.0,Rural,Fair,No,2023-10-15,88393
H-1596,1194,3,2.0,3844.0,1959.0,2,1.0,Downtown,Average,Yes,2020-10-22,257620
H-1597,2171,3,3.5,5008.0,1986.0,1,2.0,Suburbs,Average,No,2021-09-17,366534
H-1598,3034,5,4.0,8688.0,1997.0,3,2.0,Industrial,Average,Yes,2021-06-07,288017
H-1599,1812,3,2.5,3385.0,2018.0,1,1.0,Downtown,Good,No,2020-11-20,450814
H-1600,1363,5,3.5,3586.0,2005.0,1,2.0,Rural,Good,No,2022-01-11,235861
H-1601,1690,5,2.5,6258.0,1985.0,1,0.0,Waterfront,Fair,No,2024-05-05,413392
H-1602,2624,3,2.5,6699.0,1980.0,2,0.0,Suburbs,Poor,No,2022-06-19,268895
H-1603,1412,3,2.5,5081.0,2004.0,2,1.0,Suburbs,Average,Yes,2021-04-24,235332
H-1604,1320,5,2.0,3927.0,1987.0,3,3.0,Industrial,Average,No,2021-08-15,167934
H-1605,1510,5,1.0,2989.0,2022.0,2,2.0,Rural,Average,No,2022-10-23,245875
H-1606,1228,3,2.0,3625.0,1964.0,1,0.0,Downtown,Average,No,2021-08-13,288578
H-1607,1873,3,2.5,5178.0,1965.0,2,3.0,Suburbs,,Yes,2022-06-20,348589
H-1608,2774,3,2.0,6925.0,2002.0,2,2.0,Rural,Poor,No,2021-04-03,214951
H-1609,1993,4,2.0,3585.0,2005.0,2,2.0,Suburbs,Average,No,2021-08-02,333525
H-1610,1648,3,4.0,4188.0,1956.0,2,1.0,Suburbs,Excellent,Yes,2023-03-27,345270
H-1611,1624,4,2.0,2731.0,2006.0,1,1.0,Industrial,Fair,No,2022-09-05,144896
H-1612,862,2,2.5,1505.0,2004.0,1,2.0,Suburbs,Good,Yes,2020-06-05,181333
H-1613,2329,1,1.5,5915.0,2001.0,2,2.0,Waterfront,Average,No,2024-06-17,483405
H-1614,1753,3,1.0,3967.0,1953.0,2,2.0,Rural,Average,No,2020-03-23,191186
H-1615,1691,3,3.0,6449.0,1992.0,2,2.0,Downtown,Average,Yes,2020-05-18,427786
H-1616,3715,3,2.5,9061.0,1989.0,2,2.0,Rural,Excellent,No,2023-03-20,434568
H-1617,1979,3,3.0,6718.0,1979.0,2,1.0,Suburbs,Excellent,No,2023-03-31,425164
H-1618,1348,3,1.5,3808.0,1959.0,2,2.0,Suburbs,Good,No,2020-02-01,245974
H-1619,1544,2,2.5,5033.0,1956.0,1,2.0,Suburbs,Average,No,2022-12-11,253151
H-1620,2489,3,2.0,5352.0,1985.0,3,0.0,Suburbs,Good,No,2020-02-25,357469
H-1621,1867,6,2.0,7196.0,1984.0,2,1.0,Rural,Average,No,2024-05-27,257858
H-1622,937,3,1.0,2647.0,1988.0,2,2.0,Industrial,Poor,No,2023-03-11,55940
H-1623,2351,3,1.5,8412.0,1985.0,2,3.0,Waterfront,Good,No,2020-11-08,586709
H-1624,1399,4,2.0,3375.0,1969.0,2,1.0,Suburbs,Fair,No,2020-09-21,177429
H-1625,2923,6,1.5,5116.0,1998.0,2,1.0,Rural,Fair,Yes,2022-08-11,332845
H-1626,2448,3,4.0,7795.0,2008.0,3,0.0,Downtown,Fair,No,2022-11-26,454419
H-1627,1531,4,2.0,2326.0,1998.0,2,3.0,Downtown,Fair,No,2023-10-23,311862
H-1628,2568,4,1.5,6903.0,1975.0,2,2.0,Downtown,Average,Yes,2024-02-21,515898
H-1629,1840,4,1.5,3646.0,1985.0,2,3.0,Suburbs,Average,No,2021-10-19,309921
H-1630,2311,2,2.5,7091.0,1992.0,1,3.0,Downtown,Average,No,2023-11-13,486513
H-1631,2090,4,1.0,8252.0,1992.0,2,1.0,Suburbs,Good,Yes,2022-06-26,375063
H-1632,1292,2,3.5,3438.0,1982.0,1,1.0,Suburbs,Good,No,2022-02-26,236392
H-1633,1413,4,4.0,5007.0,1994.0,2,2.0,Suburbs,Good,No,2023-03-16,320881
H-1634,2417,4,2.0,6693.0,1994.0,2,0.0,Industrial,Good,No,2020-06-21,287983
H-1635,1599,3,2.5,4380.0,1964.0,2,1.0,Industrial,Fair,No,2021-03-20,97424
H-1636,1557,4,1.0,5957.0,1966.0,1,1.0,Rural,Poor,No,2023-09-29,106584
H-1637,1226,1,2.5,4566.0,1961.0,2,2.0,Suburbs,Fair,No,2022-04-23,184415
H-1638,2054,4,2.0,7116.0,1971.0,2,2.0,Rural,Good,No,2024-02-29,281044
H-1639,3037,3,2.0,6804.0,1972.0,2,1.0,Rural,Excellent,No,2020-05-28,419200
H-1640,1159,3,2.0,,1961.0,2,2.0,Rural,Fair,No,2021-06-08,135523
H-1641,1814,2,3.0,3736.0,2017.0,2,1.0,Downtown,Good,No,2021-08-18,396021
H-1642,2647,5,2.0,6908.0,2000.0,1,2.0,Suburbs,Fair,No,2021-12-08,411385
H-1643,1752,2,1.5,4748.0,1962.0,1,2.0,Suburbs,Fair,No,2024-07-09,227346
H-1644,2071,2,3.0,7412.0,2006.0,2,1.0,Suburbs,Average,No,2021-06-04,350282
H-1645,1162,3,2.5,4345.0,2004.0,2,2.0,Suburbs,Good,No,2022-05-18,219355
H-1646,2056,4,3.5,5215.0,1977.0,3,2.0,Rural,Good,No,2022-06-16,286268
H-1647,1687,3,1.5,2605.0,1993.0,2,0.0,Rural,Good,No,2023-07-14,173557
H-1648,2391,2,3.0,8737.0,1968.0,2,1.0,Downtown,Average,No,2022-05-16,480722
H-1649,2512,3,3.0,4862.0,1995.0,1,3.0,Suburbs,Poor,Yes,2022-10-11,289338
H-1650,3353,3,1.5,10242.0,1952.0,2,0.0,Rural,Excellent,No,2023-06-15,375424
H-1651,2147,3,3.0,3354.0,1969.0,1,2.0,Downtown,Good,No,2020-06-18,457104
H-1652,1995,3,2.0,4985.0,1974.0,2,2.0,Downtown,Average,Yes,2024-05-31,398309
H-1653,1916,4,3.5,7596.0,2005.0,1,1.0,Waterfront,Good,No,2023-11-17,558785
H-1654,1588,3,1.5,2781.0,2010.0,1,1.0,Suburbs,Fair,Yes,2021-10-12,248196
H-1655,2003,3,2.5,5126.0,2004.0,1,3.0,Waterfront,Good,No,2023-05-04,560620
H-1656,1622,3,2.0,3678.0,1984.0,1,1.0,Waterfront,Poor,No,2023-06-30,269003
H-1657,1901,6,4.0,7152.0,2008.0,2,2.0,Waterfront,Fair,Yes,2023-11-24,510436
H-1658,2590,5,2.0,9513.0,1988.0,1,2.0,Downtown,Fair,Yes,2020-11-11,503269
H-1659,1196,4,4.0,2504.0,2006.0,3,2.0,Downtown,Good,No,2023-03-23,360194
H-1660,2483,3,3.5,4228.0,2016.0,2,3.0,Suburbs,Good,No,2020-02-25,482496
H-1661,2590,2,2.0,7945.0,1983.0,2,2.0,Downtown,Fair,No,2020-07-12,427521
H-1662,1729,3,3.0,4047.0,1990.0,2,2.0,Suburbs,Fair,No,2023-07-23,253417
H-1663,526,3,4.0,1672.0,1971.0,2,3.0,Rural,Average,Yes,2023-09-22,134062
H-1664,1435,3,2.0,2267.0,1976.0,1,3.0,Industrial,Average,No,2022-09-18,147564
H-1665,2578,4,2.0,4726.0,1970.0,3,3.0,Waterfront,Good,No,2022-08-31,635610
H-1666,1786,5,2.5,5743.0,1990.0,2,2.0,Suburbs,Poor,No,2023-06-08,238993
H-1667,1200,4,2.0,2437.0,1980.0,1,1.0,Rural,Good,No,2024-02-25,132985
H-1668,1497,3,1.0,5455.0,1976.0,2,2.0,Suburbs,Excellent,No,2021-12-05,286645
H-1669,2304,4,2.0,3793.0,1986.0,2,0.0,Suburbs,Excellent,No,2020-07-11,426585
H-1670,2128,3,2.0,4338.0,2015.0,1,1.0,Waterfront,Fair,No,2023-11-05,436771
H-1671,1656,2,2.0,6618.0,2003.0,3,1.0,Downtown,Excellent,No,2021-07-25,483257
H-1672,1579,4,1.5,4078.0,1958.0,1,3.0,Suburbs,Average,Yes,2020-08-11,260174
H-1673,1564,1,3.5,5094.0,1991.0,2,1.0,Waterfront,Good,No,2022-10-25,385930
H-1674,1246,3,3.0,2437.0,1985.0,3,,Downtown,Good,No,2022-08-25,331415
H-1675,2769,3,1.0,8375.0,1959.0,1,2.0,Industrial,Average,No,2022-03-04,240521
H-1676,1606,4,3.0,5324.0,2008.0,1,1.0,Downtown,Excellent,No,2023-12-10,508960
H-1677,2530,4,3.0,5784.0,1989.0,1,2.0,Waterfront,Good,No,2021-03-31,606869
H-1678,2712,3,4.0,9687.0,2003.0,1,2.0,Suburbs,Average,No,2020-01-23,496575
H-1679,2398,4,1.0,7214.0,1988.0,1,3.0,Downtown,Average,No,2021-06-25,487544
H-1680,1541,3,2.0,3810.0,1956.0,2,0.0,Downtown,Good,No,2020-01-17,343714
H-1681,2042,3,3.5,5909.0,1953.0,2,1.0,Rural,Fair,No,2022-06-28,228847
H-1682,1785,4,3.5,5251.0,1964.0,2,2.0,Waterfront,Poor,No,2021-09-25,349842
H-1683,1257,4,3.0,2405.0,1997.0,2,0.0,Rural,Average,No,2023-09-24,148485
H-1684,1994,6,3.0,4998.0,1955.0,2,1.0,Industrial,Good,No,2023-08-28,213510
H-1685,1092,3,1.0,2575.0,2022.0,2,1.0,Waterfront,Good,No,2021-12-28,345974
H-1686,2512,4,2.5,6285.0,1984.0,2,2.0,Downtown,Fair,No,2020-12-28,450881
H-1687,1521,4,2.0,5175.0,2021.0,2,1.0,Rural,Average,No,2021-12-08,189422
H-1688,1920,5,1.5,5196.0,2020.0,1,2.0,Suburbs,Excellent,No,2022-12-09,441706
H-1689,1969,2,3.0,7582.0,2017.0,3,3.0,Suburbs,Fair,Yes,2020-11-14,299922
H-1690,1644,4,1.5,3673.0,2007.0,2,2.0,Downtown,Average,Yes,2023-07-18,405914
H-1691,2152,4,2.5,5464.0,1968.0,2,1.0,Suburbs,Average,No,2021-07-07,321142
H-1692,1515,3,3.5,5253.0,2011.0,2,2.0,Rural,Good,No,2024-04-09,186868
H-1693,2322,3,1.5,6652.0,2020.0,2,1.0,Suburbs,Excellent,No,2022-05-06,437853
H-1694,992,3,4.0,2844.0,1959.0,1,0.0,Rural,Poor,No,2023-11-19,62344
H-1695,1875,4,4.0,3062.0,1974.0,2,1.0,Industrial,Average,No,2022-10-28,180921
H-1696,2963,5,2.5,7397.0,1993.0,2,2.0,Downtown,Good,No,2022-07-17,676071
H-1697,1199,4,1.5,2610.0,2007.0,1,2.0,Rural,Average,No,2023-02-15,164504
H-1698,1393,4,2.0,,1974.0,3,3.0,Rural,Average,No,2023-09-20,194187
H-1699,2108,3,2.0,4787.0,1989.0,2,3.0,Downtown,Good,No,2022-12-14,457079
H-1700,1907,2,2.0,7077.0,2019.0,1,,Rural,Average,No,2023-08-27,220926
H-1701,2010,3,2.0,6413.0,1959.0,2,2.0,Suburbs,Average,No,2020-11-14,296050
H-1702,2093,3,4.0,4923.0,2015.0,2,0.0,Suburbs,Good,No,2021-04-09,356468
H-1703,2180,3,1.5,6232.0,1974.0,2,2.0,Downtown,Good,No,2021-01-19,457104
H-1704,2465,2,3.0,8877.0,2020.0,2,1.0,Suburbs,Good,No,2023-08-29,419969
H-1705,2045,3,1.0,7583.0,1960.0,2,3.0,Suburbs,Average,No,2020-05-24,266630
H-1706,1655,3,2.5,3146.0,1985.0,2,3.0,Suburbs,Average,No,2023-08-25,292835
H-1707,2203,3,3.5,5174.0,1998.0,1,0.0,Downtown,Good,No,2021-10-13,468657
H-1708,2939,3,2.0,6871.0,1997.0,1,2.0,Waterfront,Average,No,2020-05-13,654637
H-1709,1720,2,1.5,2760.0,1956.0,1,2.0,Waterfront,Good,No,2021-12-11,420100
H-1710,1215,5,3.0,3639.0,2000.0,1,2.0,Suburbs,Average,No,2021-05-18,297911
H-1711,2464,5,3.0,8961.0,1966.0,1,2.0,Suburbs,Good,No,2022-09-17,445130
H-1712,1727,4,3.0,4237.0,1981.0,2,2.0,Downtown,Average,No,2022-03-02,410450
H-1713,496,2,2.0,1661.0,1975.0,2,3.0,Waterfront,Average,No,2021-05-11,217536
H-1714,2308,4,2.0,7083.0,1971.0,1,2.0,Downtown,Average,No,2023-12-14,476061
H-1715,1478,4,4.0,3605.0,1962.0,1,2.0,Downtown,Fair,Yes,2021-11-12,314612
H-1716,1745,4,3.5,3232.0,1961.0,1,2.0,Suburbs,Good,No,2022-02-26,310882
H-1717,1999,2,2.5,6543.0,2020.0,2,3.0,Rural,Poor,Yes,2023-11-18,178495
H-1718,1914,4,3.0,6960.0,1950.0,1,1.0,Suburbs,Fair,No,2020-05-29,274011
H-1719,2225,4,2.5,7152.0,1982.0,2,1.0,Downtown,Average,Yes,2021-10-14,484069
H-1720,1538,4,2.0,2375.0,1963.0,2,2.0,Rural,Fair,No,2021-11-05,149601
H-1721,2107,4,1.5,4299.0,2013.0,2,3.0,Rural,Good,No,2022-04-10,288648
H-1722,1644,3,2.0,2751.0,1992.0,2,1.0,Rural,Excellent,No,2020-06-26,223989
H-1723,2243,3,2.5,6562.0,2007.0,1,2.0,Suburbs,Average,No,2020-06-20,378909
H-1724,2169,1,1.0,7355.0,1990.0,1,0.0,Rural,Poor,No,2021-11-28,111562
H-1725,1238,4,2.0,2199.0,2017.0,1,2.0,Suburbs,Good,No,2020-02-25,255831
H-1726,2451,2,3.0,8813.0,1988.0,1,3.0,Suburbs,Average,No,2021-03-02,420241
H-1727,1478,3,3.0,4269.0,1950.0,1,2.0,Suburbs,Fair,No,2020-12-02,232719
H-1728,2284,3,2.5,7365.0,1990.0,2,2.0,Suburbs,Fair,No,2022-03-30,321117
H-1729,2020,3,3.5,7935.0,1994.0,1,3.0,Suburbs,Good,No,2020-01-19,382722
H-1730,2902,2,1.0,4960.0,1962.0,3,1.0,Downtown,Good,No,2023-02-05,511266
H-1731,1665,4,2.5,6248.0,2020.0,1,3.0,Suburbs,Good,Yes,2023-12-03,317753
H-1732,1590,4,3.0,2886.0,1958.0,2,2.0,Suburbs,Average,No,2023-03-29,281621
H-1733,1788,2,2.5,4438.0,2012.0,2,2.0,Rural,Fair,No,2023-10-01,159003
H-1734,1618,2,2.0,5871.0,1972.0,2,2.0,Downtown,Average,No,2022-12-12,344728
H-1735,2279,2,1.5,8581.0,2003.0,2,2.0,Industrial,Fair,No,2022-04-29,192051
H-1736,830,5,3.5,2295.0,1996.0,2,3.0,Suburbs,Fair,No,2021-01-01,200086
H-1737,1167,3,2.5,3483.0,1988.0,3,3.0,Suburbs,Average,Yes,2021-04-13,258489
H-1738,1159,3,3.5,3790.0,1975.0,2,2.0,Downtown,Excellent,Yes,2021-06-15,360288
H-1739,2370,2,2.5,8489.0,1950.0,1,1.0,Rural,Good,No,2020-03-04,233940
H-1740,2826,4,3.0,5097.0,1963.0,2,1.0,Rural,Excellent,No,2024-03-08,359566
H-1741,1737,5,3.0,6123.0,2023.0,1,2.0,Industrial,Good,Yes,2024-02-16,225465
H-1742,1698,4,3.0,4590.0,2014.0,3,,Suburbs,Excellent,No,2020-06-29,441721
H-1743,1842,4,2.0,4838.0,2018.0,2,2.0,Suburbs,Good,No,2022-07-20,362561
H-1744,2497,2,2.5,6391.0,2016.0,1,3.0,Rural,Average,No,2022-02-21,301420
H-1745,1243,2,3.0,3446.0,1998.0,1,3.0,Rural,Average,No,2023-02-18,192747
H-1746,1943,1,2.0,7505.0,1999.0,1,2.0,Industrial,Good,No,2022-10-06,195884
H-1747,2385,3,2.0,6846.0,2007.0,2,3.0,Suburbs,Average,No,2020-07-27,374627
H-1748,2100,2,1.0,8154.0,2002.0,3,3.0,Rural,Average,No,2023-01-09,256654
H-1749,1913,3,3.5,3731.0,2006.0,1,2.0,Downtown,Average,No,2022-10-16,469012
H-1750,2400,3,1.0,7944.0,1967.0,2,2.0,Suburbs,Average,No,2022-06-08,353270
H-1751,400,5,2.5,1412.0,1965.0,3,2.0,Downtown,Average,No,2021-11-04,226310
H-1752,2206,4,2.0,7054.0,1951.0,1,0.0,Rural,Poor,No,2024-05-17,137323
H-1753,1407,4,2.0,4245.0,1962.0,1,2.0,Rural,Good,No,2023-11-22,192329
H-1754,701,4,3.0,2041.0,1994.0,2,1.0,Downtown,Good,No,2022-09-06,251319
H-1755,2106,2,1.0,7691.0,2021.0,1,1.0,Suburbs,Excellent,No,2020-01-11,377801
H-1756,2624,4,2.5,,1992.0,1,3.0,Suburbs,Average,No,2021-12-24,458658
H-1757,1717,3,3.0,3100.0,2021.0,3,2.0,Suburbs,Good,No,2023-03-18,318873
H-1758,2371,4,3.0,8586.0,2003.0,2,1.0,Downtown,Average,No,2020-07-15,547347
H-1759,2767,3,1.5,7014.0,2023.0,2,2.0,Suburbs,Good,No,2021-11-11,451711
H-1760,2588,6,3.5,5523.0,1980.0,2,3.0,Rural,Average,Yes,2020-11-16,285835
H-1761,2783,3,3.0,10225.0,1958.0,2,3.0,Suburbs,Average,No,2021-07-20,416317
H-1762,2245,3,3.5,5792.0,2022.0,2,0.0,Suburbs,Good,No,2020-02-14,423712
H-1763,1845,5,2.5,6496.0,1997.0,1,,Industrial,Average,No,2020-07-31,217529
H-1764,838,1,2.5,1808.0,1967.0,1,2.0,Downtown,Fair,No,2022-01-31,171651
H-1765,1652,4,3.5,2494.0,1960.0,2,2.0,Rural,Fair,Yes,2024-02-12,175415
H-1766,1294,4,3.5,3543.0,2011.0,1,2.0,Suburbs,Good,No,2022-04-01,303725
H-1767,3102,4,2.0,5430.0,1968.0,1,3.0,Industrial,Fair,No,2022-01-28,269988
H-1768,1694,6,2.0,5735.0,2023.0,2,,Suburbs,Excellent,Yes,2023-08-11,449412
H-1769,1873,6,2.0,4102.0,1973.0,1,1.0,Rural,Average,Yes,2021-03-24,194011
H-1770,2130,2,2.0,5557.0,1962.0,3,,Downtown,Excellent,No,2020-06-08,480949
H-1771,1826,4,2.0,3136.0,1995.0,2,2.0,Industrial,Fair,No,2020-12-16,164132
H-1772,2817,4,2.0,6244.0,2002.0,1,2.0,Suburbs,Excellent,No,2023-08-17,517706
H-1773,1426,4,3.5,4925.0,1978.0,1,2.0,Suburbs,Good,No,2023-02-07,298178
H-1774,1916,2,1.0,3600.0,1985.0,2,2.0,Downtown,Fair,No,2020-06-02,311243
H-1775,1354,4,3.0,4221.0,2020.0,2,2.0,Industrial,Average,No,2023-01-21,213830
H-1776,1007,6,1.5,3820.0,1966.0,2,1.0,Rural,Fair,No,2024-04-08,122118
H-1777,1432,5,2.0,4581.0,1997.0,2,2.0,Downtown,Excellent,No,2020-03-16,482004
H-1778,1777,3,1.0,6268.0,1973.0,2,2.0,Downtown,Average,No,2022-10-28,372493
H-1779,1542,1,2.0,2733.0,2003.0,3,2.0,Suburbs,Poor,No,2021-09-26,190018
H-1780,1384,3,3.0,2943.0,1950.0,2,3.0,Suburbs,Average,No,2022-04-18,276523
H-1781,956,4,3.5,3571.0,2016.0,2,0.0,Suburbs,Fair,No,2022-06-03,203822
H-1782,1750,4,2.0,5753.0,1955.0,2,2.0,Industrial,Poor,No,2023-07-14,122944
H-1783,897,3,2.5,2779.0,2004.0,2,,Rural,Average,No,2022-07-21,168482
H-1784,2256,2,2.5,7127.0,1987.0,2,0.0,Industrial,Good,Yes,2022-09-19,184458
H-1785,1849,3,3.5,4688.0,1982.0,2,1.0,Suburbs,Good,No,2021-07-11,332708
H-1786,925,3,3.0,1490.0,1957.0,2,3.0,Rural,Excellent,No,2020-07-29,141982
H-1787,1614,5,2.5,5586.0,1969.0,2,2.0,Suburbs,Average,No,2023-02-16,324480
H-1788,1348,4,3.0,4309.0,2004.0,1,2.0,Suburbs,Fair,No,2020-01-01,246200
H-1789,1991,3,3.0,5339.0,1997.0,2,2.0,Suburbs,Average,Yes,2021-07-04,345370
H-1790,2604,3,1.0,9763.0,2005.0,1,3.0,Suburbs,Fair,No,2020-12-31,359170
H-1791,674,2,2.0,1577.0,1959.0,1,2.0,Industrial,Fair,Yes,2021-10-12,85753
H-1792,1869,6,3.5,4178.0,2001.0,3,3.0,Suburbs,Poor,No,2021-06-05,236163
H-1793,1703,3,3.0,6270.0,1999.0,2,1.0,Waterfront,Poor,Yes,2023-03-24,363945
H-1794,2202,3,2.5,7690.0,1983.0,1,2.0,Rural,Average,No,2021-03-11,252709
H-1795,1927,3,2.5,5371.0,1985.0,1,1.0,Suburbs,Fair,No,2022-07-27,242885
H-1796,1348,4,2.0,2462.0,2010.0,2,2.0,Suburbs,Average,No,2022-02-01,217704
H-1797,1608,4,2.5,3276.0,1965.0,2,2.0,Suburbs,Average,No,2023-09-02,278292
H-1798,1322,4,3.0,4151.0,1967.0,1,2.0,Downtown,Average,No,2021-12-17,344840
H-1799,2445,3,2.0,6021.0,2020.0,1,0.0,Rural,Average,No,2023-12-17,278662
H-1800,1812,3,3.0,6507.0,1996.0,1,2.0,Industrial,Good,No,2020-01-01,179724
H-1801,2940,2,3.5,11392.0,1981.0,1,1.0,Suburbs,Average,No,2022-10-09,424870
H-1802,1763,4,1.5,6195.0,1992.0,1,2.0,Industrial,Good,No,2020-01-17,227928
H-1803,1374,1,2.5,3357.0,1989.0,2,3.0,Suburbs,Good,Yes,2023-04-10,219582
H-1804,891,4,2.0,3093.0,2014.0,1,2.0,Suburbs,Average,Yes,2021-01-28,224083
H-1805,718,5,3.0,1707.0,1984.0,1,1.0,Suburbs,Fair,No,2021-09-28,160968
H-1806,849,5,2.0,1628.0,2018.0,3,3.0,Downtown,Average,Yes,2021-09-28,296278
H-1807,1960,3,2.5,3103.0,1999.0,3,3.0,Downtown,Excellent,No,2023-11-17,521689
H-1808,2105,3,3.5,5187.0,1961.0,1,2.0,Suburbs,Fair,No,2020-06-19,275622
H-1809,851,2,2.0,3198.0,2007.0,1,2.0,Downtown,Poor,No,2023-01-21,157417
H-1810,2337,4,3.5,4901.0,2012.0,2,3.0,Downtown,Fair,No,2024-06-30,491209
H-1811,1510,4,4.0,3044.0,2022.0,2,2.0,Downtown,Average,No,2020-02-07,411983
H-1812,1888,3,1.5,7409.0,1998.0,3,2.0,Downtown,Good,No,2024-06-04,424141
H-1813,2767,3,2.0,4323.0,1985.0,2,2.0,Downtown,Good,Yes,2020-01-31,555416
H-1814,2338,4,4.0,8099.0,2003.0,2,1.0,Suburbs,Average,No,2023-11-09,399438
H-1815,1638,5,4.0,3773.0,1996.0,3,3.0,Waterfront,Excellent,No,2024-05-28,604284
H-1816,1265,3,1.0,2016.0,1981.0,2,2.0,Downtown,Good,No,2024-07-20,327134
H-1817,508,4,1.0,1927.0,2002.0,1,2.0,Downtown,Poor,No,2022-02-07,137787
H-1818,1368,2,1.5,2529.0,1981.0,2,0.0,Rural,Average,No,2023-12-22,118281
H-1819,1673,2,4.0,4817.0,2011.0,1,,Downtown,Good,No,2020-07-23,413871
H-1820,1207,5,1.5,2637.0,1986.0,1,2.0,Rural,Good,Yes,2021-12-13,185340
H-1821,1721,4,2.5,2861.0,1987.0,2,2.0,Downtown,Good,No,2021-05-30,414018
H-1822,1846,4,3.0,2999.0,1979.0,1,2.0,Suburbs,Excellent,No,2021-10-23,375176
H-1823,1665,1,1.0,2978.0,2007.0,1,1.0,Downtown,Average,No,2023-03-21,288326
H-1824,1409,4,2.5,2364.0,1981.0,3,1.0,Suburbs,Good,No,2020-05-26,261267
H-1825,1901,3,2.0,6466.0,2015.0,2,2.0,Rural,Fair,No,2024-07-28,188300
H-1826,2065,3,3.5,5604.0,2000.0,1,2.0,Downtown,Fair,No,2022-11-29,400271
H-1827,1145,3,2.0,2699.0,1960.0,1,1.0,Industrial,Average,No,2024-01-02,128734
H-1828,2646,2,3.0,6736.0,2008.0,1,0.0,Suburbs,Fair,No,2023-10-20,378300
H-1829,1740,4,3.0,6650.0,1969.0,1,3.0,Industrial,Good,No,2023-07-06,221862
H-1830,1811,4,2.0,6839.0,1986.0,2,0.0,Downtown,Average,No,2020-03-06,348726
H-1831,2224,2,1.0,7315.0,2022.0,1,3.0,Downtown,Average,No,2022-05-14,490586
H-1832,1939,2,2.0,7196.0,1998.0,2,2.0,Suburbs,Average,No,2021-07-03,355157
H-1833,2371,2,2.0,5451.0,1968.0,1,2.0,Downtown,Good,No,2020-07-08,464756
H-1834,1972,2,3.0,4836.0,2004.0,3,1.0,Waterfront,Good,No,2021-07-28,540383
H-1835,1432,4,3.0,4345.0,1989.0,2,2.0,Suburbs,Good,No,2022-12-15,280197
H-1836,2016,4,2.5,6167.0,1956.0,3,1.0,Rural,Average,Yes,2021-01-21,207892
H-1837,1113,1,2.5,3009.0,1954.0,2,2.0,Downtown,Fair,No,2022-01-14,199608
H-1838,1865,1,2.5,4665.0,1991.0,2,1.0,Rural,Average,No,2021-11-08,194605
H-1839,1780,4,3.0,7058.0,1997.0,3,2.0,Suburbs,Fair,No,2020-03-28,310142
H-1840,1675,4,2.0,5950.0,1956.0,2,3.0,Rural,Excellent,No,2022-11-17,250244
H-1841,1722,3,2.0,4455.0,1960.0,1,2.0,Suburbs,Fair,No,2022-11-01,233459
H-1842,670,3,2.0,2223.0,2022.0,1,1.0,Industrial,Average,No,2024-06-05,151425
H-1843,1470,4,2.5,3195.0,1998.0,1,,Industrial,Excellent,Yes,2021-05-13,190837
H-1844,1855,3,2.0,3247.0,1979.0,1,3.0,Waterfront,Average,No,2021-12-02,486918
H-1845,1895,1,2.0,4512.0,1990.0,2,2.0,Suburbs,Average,Yes,2021-11-06,296262
H-1846,1183,4,1.0,2966.0,1952.0,2,3.0,Suburbs,Good,Yes,2024-03-19,225269
H-1847,2559,4,3.0,3944.0,1989.0,2,2.0,Downtown,Fair,No,2021-11-15,460219
H-1848,1280,4,2.0,4527.0,2000.0,1,1.0,Industrial,Poor,No,2022-01-11,91700
H-1849,2381,4,1.5,5709.0,1981.0,1,1.0,Industrial,Good,No,2021-02-26,233357
H-1850,2056,4,2.0,6067.0,1997.0,1,2.0,Downtown,Average,No,2020-01-02,468542
H-1851,1412,3,2.0,2379.0,2020.0,2,2.0,Suburbs,,No,2020-07-03,291107
H-1852,2865,3,2.5,5550.0,2020.0,2,1.0,Waterfront,Fair,No,2023-03-24,575109
H-1853,1083,2,2.0,4033.0,1969.0,1,1.0,Downtown,Good,No,2023-02-16,293453
H-1854,2351,2,2.0,7104.0,1984.0,2,2.0,Downtown,Good,Yes,2021-06-23,474175
H-1855,2400,4,2.5,9301.0,1973.0,2,1.0,Industrial,Average,No,2022-03-02,220338
H-1856,1397,5,2.0,5583.0,1989.0,3,0.0,Waterfront,Excellent,Yes,2021-05-12,497869
H-1857,2635,5,1.5,6402.0,2001.0,1,3.0,Industrial,Good,No,2023-05-08,267094
H-1858,1649,4,3.5,3705.0,1988.0,2,1.0,Downtown,,No,2023-11-11,488884
H-1859,1973,2,2.0,7193.0,2017.0,1,1.0,Suburbs,Good,No,2024-02-14,374898
H-1860,1956,2,2.0,7817.0,2010.0,2,2.0,Rural,Good,No,2020-10-18,238086
H-1861,1719,4,1.0,5284.0,,2,3.0,Suburbs,Fair,Yes,2023-03-09,280567
H-1862,2286,4,2.5,7973.0,2011.0,2,2.0,Suburbs,Poor,No,2024-05-31,302303
H-1863,2276,4,2.5,7862.0,1951.0,1,1.0,Waterfront,Average,No,2022-12-25,545989
H-1864,750,4,2.5,1791.0,1955.0,1,3.0,Industrial,Average,No,2021-08-10,182799
H-1865,2582,4,3.0,7579.0,1992.0,2,2.0,Suburbs,Average,No,2022-11-30,406904
H-1866,802,4,1.5,2873.0,1989.0,2,2.0,Downtown,Good,No,2023-02-26,294697
H-1867,2419,2,2.0,7789.0,1988.0,2,2.0,Downtown,Good,No,2021-10-26,497923
H-1868,2476,4,3.0,3845.0,1977.0,2,2.0,Suburbs,Average,No,2020-06-23,379701
H-1869,1145,5,3.5,2681.0,2012.0,2,2.0,Downtown,Good,Yes,2022-10-12,386285
H-1870,1553,3,1.5,2890.0,,2,3.0,Suburbs,Average,No,2023-09-04,288588
H-1871,1136,4,2.5,2365.0,1961.0,2,2.0,Suburbs,Average,No,2024-07-27,250635
H-1872,1671,3,2.0,6289.0,1990.0,2,3.0,Waterfront,Average,No,2021-01-08,433278
H-1873,1615,5,1.0,2571.0,1978.0,2,2.0,Suburbs,Fair,No,2023-03-18,182558
H-1874,2267,1,2.0,4646.0,1972.0,1,1.0,Suburbs,Average,No,2020-02-16,347142
H-1875,2586,4,1.5,5880.0,2000.0,2,2.0,Rural,Poor,No,2024-06-11,175387
H-1876,2637,2,3.0,8022.0,1994.0,3,0.0,Suburbs,Fair,No,2020-01-22,357718
H-1877,1462,4,2.5,4145.0,1971.0,1,1.0,Industrial,Good,Yes,2021-08-23,194701
H-1878,1674,2,1.5,3424.0,1959.0,2,2.0,Rural,Average,No,2020-05-07,196866
H-1879,789,3,1.0,1507.0,1956.0,2,2.0,Industrial,Average,No,2022-11-05,103133
H-1880,1316,3,3.0,2753.0,2022.0,2,1.0,Suburbs,Average,No,2021-07-22,276550
H-1881,2378,5,1.5,6554.0,1964.0,2,2.0,Suburbs,Average,No,2023-05-11,368942
H-1882,2769,3,2.5,6030.0,1995.0,1,1.0,Suburbs,Excellent,No,2022-03-25,467487
H-1883,1059,2,2.0,4097.0,2010.0,2,3.0,Industrial,Poor,No,2021-12-03,87582
H-1884,1444,4,2.5,3840.0,2010.0,1,1.0,Suburbs,Fair,No,2021-08-06,230774
H-1885,1784,3,2.0,2938.0,2000.0,3,2.0,Downtown,Average,No,2020-05-24,374380
H-1886,1968,5,1.0,6539.0,1987.0,2,2.0,Rural,Good,No,2020-12-08,256801
H-1887,1314,2,2.0,3051.0,1961.0,2,2.0,Suburbs,Fair,No,2022-12-05,144460
H-1888,2054,4,1.5,6436.0,2015.0,2,1.0,Rural,Average,No,2022-04-11,277130
H-1889,1515,3,2.0,,2003.0,1,2.0,Industrial,Good,Yes,2020-04-27,172098
H-1890,1791,2,3.0,5242.0,1988.0,1,2.0,Industrial,Average,No,2022-06-29,172264
H-1891,2127,4,2.0,7296.0,1988.0,1,2.0,Suburbs,Fair,Yes,2020-03-31,305953
H-1892,1803,4,1.0,6887.0,1979.0,2,2.0,Downtown,Excellent,No,2022-05-06,483502
H-1893,1538,4,2.5,3311.0,1997.0,2,2.0,Suburbs,Fair,No,2024-06-03,229441
H-1894,1734,3,2.5,4052.0,1980.0,2,1.0,Suburbs,Average,No,2021-05-29,264966
H-1895,1746,3,4.0,4645.0,1974.0,2,0.0,Rural,Average,Yes,2023-04-26,179066
H-1896,1577,3,2.5,6020.0,2017.0,3,3.0,Rural,Good,No,2023-06-02,206666
H-1897,1644,6,2.5,6170.0,2000.0,1,2.0,Rural,Good,No,2021-11-08,240466
H-1898,2759,3,2.5,4758.0,1962.0,2,2.0,Downtown,Good,Yes,2022-09-20,534980
H-1899,2136,3,3.5,,2012.0,1,2.0,Rural,Excellent,No,2022-03-01,335905
H-1900,1622,3,3.0,4442.0,1991.0,2,2.0,Downtown,Good,No,2021-04-19,373703
H-1901,2218,4,2.0,3918.0,2003.0,1,1.0,Downtown,Average,No,2023-06-17,491248
H-1902,1599,3,2.0,3779.0,2016.0,2,2.0,Rural,Good,No,2023-03-22,184640
H-1903,2503,5,2.0,4683.0,2005.0,1,3.0,Suburbs,Good,No,2024-02-16,459276
H-1904,2021,3,2.5,6245.0,1968.0,1,2.0,Rural,Good,Yes,2022-10-31,210331
H-1905,1735,5,3.0,6720.0,1995.0,2,1.0,Suburbs,Good,Yes,2021-10-12,333553
H-1906,2068,2,2.5,8255.0,1964.0,1,1.0,Downtown,Average,Yes,2023-04-10,417519
H-1907,857,4,1.0,2089.0,1981.0,2,0.0,Suburbs,Average,No,2022-11-02,175447
H-1908,1123,5,3.0,3366.0,1998.0,2,2.0,Rural,Excellent,No,2022-10-29,240011
H-1909,1083,2,3.0,3942.0,1970.0,2,3.0,Suburbs,Good,No,2023-11-23,211462
H-1910,1885,5,2.0,3381.0,2014.0,2,2.0,Rural,Average,No,2024-03-04,268337
H-1911,2839,3,3.0,9152.0,2019.0,2,3.0,Rural,Good,No,2020-10-28,393228
H-1912,3138,5,2.0,7914.0,1976.0,1,2.0,Suburbs,Fair,No,2021-06-09,415856
H-1913,2182,4,3.5,4397.0,1972.0,1,2.0,Waterfront,Average,No,2022-12-24,509693
H-1914,2100,3,3.0,5264.0,1996.0,2,3.0,Waterfront,Good,No,2022-07-21,540259
H-1915,719,2,2.5,1215.0,1961.0,2,2.0,Waterfront,Average,No,2022-12-27,229017
H-1916,1474,3,3.0,4773.0,2015.0,3,3.0,Rural,Average,No,2021-12-25,202849
H-1917,1327,2,3.5,2828.0,1954.0,2,2.0,Suburbs,Good,No,2021-11-21,219725
H-1918,1427,2,2.5,3251.0,1958.0,2,1.0,Suburbs,Good,Yes,2020-07-15,231338
H-1919,1699,2,2.0,3062.0,1969.0,3,2.0,Rural,Average,Yes,2022-11-09,175496
H-1920,1516,3,3.0,5551.0,2012.0,2,2.0,Suburbs,Fair,No,2020-10-21,254529
H-1921,612,4,2.0,1672.0,2021.0,2,1.0,Rural,Good,No,2023-01-28,110829
H-1922,2248,2,2.0,6587.0,2022.0,2,2.0,Suburbs,Average,No,2024-06-06,414778
H-1923,1156,2,3.5,3379.0,2020.0,2,3.0,Downtown,Good,No,2021-03-05,327084
H-1924,1943,4,3.0,4908.0,1979.0,2,2.0,Suburbs,Average,Yes,2020-08-25,334682
H-1925,3044,2,2.0,6031.0,1965.0,1,1.0,Downtown,Average,No,2020-02-10,485953
H-1926,1248,2,2.0,4196.0,1954.0,2,2.0,Downtown,Average,No,2021-09-26,250490
H-1927,400,2,2.0,727.0,1978.0,1,2.0,Waterfront,Fair,No,2020-12-25,119419
H-1928,1628,5,2.0,2864.0,1996.0,1,2.0,Suburbs,Good,No,2022-04-03,315026
H-1929,2460,4,1.5,8057.0,1971.0,2,2.0,Suburbs,Average,No,2022-05-27,382557
H-1930,2975,3,3.0,6015.0,2006.0,1,2.0,Suburbs,Good,No,2021-08-07,485592
H-1931,1062,4,2.0,2407.0,1984.0,2,2.0,Suburbs,Fair,No,2023-06-09,179456
H-1932,2098,3,2.5,5639.0,2009.0,3,1.0,Downtown,Fair,No,2024-02-23,395462
H-1933,1520,4,2.0,3987.0,2019.0,3,2.0,Rural,Fair,No,2020-12-20,186265
H-1934,1736,4,4.0,5679.0,2009.0,2,2.0,Waterfront,Good,No,2023-10-31,509559
H-1935,3386,4,2.0,10356.0,2007.0,2,1.0,Waterfront,Average,Yes,2020-08-07,821145
H-1936,898,3,1.0,2793.0,1952.0,2,1.0,Downtown,Average,Yes,2021-01-17,215237
H-1937,1952,1,1.0,6412.0,1983.0,2,2.0,Suburbs,Poor,No,2022-07-28,162141
H-1938,2080,3,2.5,4641.0,1994.0,1,3.0,Waterfront,Good,No,2021-05-28,577313
H-1939,2451,5,2.5,5651.0,1999.0,2,2.0,Downtown,Fair,No,2020-03-10,490026
H-1940,1858,4,2.0,4821.0,1951.0,2,2.0,Downtown,Good,No,2021-05-08,369469
H-1941,1984,4,2.0,4501.0,,1,2.0,Waterfront,Good,No,2024-02-23,499069
H-1942,1565,6,1.0,6201.0,1986.0,1,0.0,Rural,Good,No,2020-10-18,223146
H-1943,1961,2,2.5,6932.0,1964.0,2,1.0,Suburbs,Good,No,2023-07-02,335537
H-1944,1594,4,2.5,3047.0,2009.0,1,2.0,Downtown,Good,No,2023-04-24,428909
H-1945,2172,4,1.5,3288.0,2013.0,1,2.0,Suburbs,Good,No,2020-06-26,373907
H-1946,1578,6,1.5,2535.0,2001.0,1,2.0,Suburbs,Excellent,No,2021-07-05,356173
H-1947,2026,6,1.5,4275.0,1972.0,2,1.0,Suburbs,Fair,No,2020-11-12,261736
H-1948,1782,4,1.5,3182.0,1986.0,2,3.0,Suburbs,Average,No,2020-02-08,293516
H-1949,2475,3,2.5,7012.0,1990.0,2,3.0,Suburbs,Fair,No,2020-10-16,356994
H-1950,1769,4,1.5,6447.0,2006.0,1,1.0,Rural,Average,No,2020-12-03,242800
H-1951,736,2,2.0,2459.0,1974.0,2,2.0,Rural,Fair,No,2020-10-04,85961
H-1952,2557,4,1.5,5213.0,1986.0,2,0.0,Rural,Average,No,2020-06-01,287701
H-1953,1256,5,4.0,3137.0,1989.0,2,2.0,Downtown,Excellent,No,2022-05-31,457041
H-1954,1407,3,3.5,3897.0,,2,1.0,Suburbs,Average,No,2021-06-24,319338
H-1955,1442,4,2.0,5083.0,2009.0,2,1.0,Downtown,Average,No,2024-02-29,332135
H-1956,2624,3,2.0,9440.0,1968.0,2,0.0,Suburbs,Average,Yes,2020-11-09,378427
H-1957,518,3,2.0,1955.0,1958.0,2,3.0,Industrial,Fair,No,2022-10-06,79913
H-1958,3682,3,2.5,10210.0,2018.0,1,2.0,Rural,Average,No,2024-02-16,443536
H-1959,2433,4,1.0,7872.0,1954.0,2,0.0,Downtown,Average,No,2020-03-19,421816
H-1960,1933,5,3.0,3439.0,1975.0,2,2.0,Suburbs,Fair,No,2022-05-14,272144
H-1961,1767,5,2.5,5147.0,1968.0,2,1.0,Downtown,Average,No,2022-01-24,408344
H-1962,1971,2,3.5,4181.0,1979.0,2,1.0,Downtown,Good,Yes,2024-04-03,397152
H-1963,2112,5,1.5,5447.0,1997.0,3,3.0,Suburbs,Average,No,2023-01-16,376906
H-1964,2187,4,3.0,6747.0,1965.0,2,1.0,Suburbs,Average,Yes,2021-08-07,322009
H-1965,2133,3,3.0,4569.0,2020.0,2,2.0,Suburbs,Average,No,2023-04-06,400670
H-1966,1853,2,1.5,3021.0,1967.0,2,2.0,Downtown,Poor,No,2022-09-02,279867
H-1967,1681,3,2.0,2564.0,2005.0,1,1.0,Rural,Good,No,2021-08-04,241859
H-1968,1709,5,1.5,2658.0,1970.0,2,2.0,Suburbs,Average,No,2023-08-07,298647
H-1969,1683,4,2.0,2559.0,1980.0,2,,Waterfront,Fair,No,2023-01-23,385781
H-1970,2480,4,2.0,4404.0,1950.0,2,2.0,Downtown,Average,No,2020-01-10,468957
H-1971,2156,3,2.5,4524.0,1952.0,1,1.0,Waterfront,Good,No,2023-12-19,511120
H-1972,400,4,2.0,821.0,1974.0,1,2.0,Suburbs,Good,Yes,2021-10-26,172746
H-1973,2193,1,3.5,8699.0,1957.0,1,3.0,Suburbs,Average,No,2022-12-16,355171
H-1974,1916,3,1.5,4339.0,2014.0,1,1.0,Suburbs,Good,No,2021-10-26,338880
H-1975,1788,4,4.0,3251.0,2011.0,1,1.0,Suburbs,Fair,No,2024-01-15,302892
H-1976,1566,2,2.0,4484.0,1956.0,2,1.0,Suburbs,,Yes,2022-12-25,248671
H-1977,2474,4,3.0,9017.0,1956.0,1,1.0,Downtown,Average,Yes,2022-08-27,476326
H-1978,2368,3,2.0,7566.0,1957.0,2,2.0,Waterfront,Good,No,2024-06-28,548739
H-1979,1336,4,1.5,2992.0,1968.0,2,1.0,Downtown,Average,No,2021-04-14,308189
H-1980,2044,3,3.5,5935.0,1966.0,1,0.0,Suburbs,Average,No,2020-04-19,302560
H-1981,1217,4,2.0,4000.0,1960.0,2,1.0,Suburbs,Good,Yes,2022-05-13,219297
H-1982,972,2,3.0,3227.0,1998.0,2,2.0,Suburbs,Average,Yes,2021-12-10,219762
H-1983,1423,1,2.5,4505.0,1960.0,2,2.0,Waterfront,Good,No,2022-01-30,368338
H-1984,2317,5,2.5,8519.0,1990.0,1,2.0,Industrial,Average,No,2022-11-04,255112
H-1985,2371,3,2.5,8714.0,2011.0,1,0.0,Downtown,Average,No,2022-10-26,500437
H-1986,2107,4,3.0,6210.0,2001.0,2,2.0,Suburbs,Good,Yes,2021-10-18,393816
H-1987,2235,6,1.0,5754.0,2015.0,1,1.0,Waterfront,Good,No,2023-12-15,646534
H-1988,2109,3,3.0,6546.0,2017.0,1,3.0,Suburbs,Average,No,2022-12-26,373221
H-1989,1415,3,3.5,5016.0,2016.0,1,2.0,Rural,Good,No,2024-01-29,189233
H-1990,2059,4,1.0,3117.0,1989.0,2,1.0,Industrial,Excellent,Yes,2024-03-08,240931
H-1991,2280,5,1.5,9074.0,1954.0,1,0.0,Rural,Fair,No,2020-10-07,208417
H-1992,2252,5,3.0,4407.0,1971.0,2,1.0,Downtown,Good,No,2023-02-13,530467
H-1993,2513,3,2.0,6723.0,1986.0,1,1.0,Waterfront,Average,No,2021-06-15,552741
H-1994,2224,4,2.0,8184.0,1960.0,2,2.0,Industrial,Average,No,2023-11-01,236947
H-1995,2010,2,1.5,4145.0,1993.0,1,2.0,Rural,Good,No,2023-05-11,215784
H-1996,2442,6,2.5,6573.0,2002.0,2,1.0,Suburbs,Excellent,No,2020-11-28,538656
H-1997,1784,5,1.5,3267.0,2010.0,2,2.0,Industrial,Average,No,2024-04-20,174511
H-1998,1270,2,2.5,3159.0,2016.0,2,2.0,Industrial,Excellent,No,2023-02-18,143738
H-1999,1702,3,3.0,3306.0,1962.0,1,2.0,Industrial,Excellent,No,2024-05-07,209965
H-2000,1353,2,2.0,3259.0,1960.0,2,0.0,Suburbs,Average,No,2020-12-03,197371
H-2001,1394,3,2.5,3392.0,1960.0,1,1.0,Rural,Average,No,2023-12-26,167530
H-2002,1713,4,4.0,6822.0,1956.0,2,3.0,Rural,Good,No,2023-01-23,220324
H-2003,1324,3,3.0,5278.0,1966.0,1,2.0,Downtown,Average,No,2022-07-13,335543
H-2004,1615,2,3.0,2885.0,1997.0,2,0.0,Suburbs,Average,Yes,2023-10-05,284895
H-2005,663,3,2.0,2197.0,1963.0,1,1.0,Rural,Average,No,2022-11-25,126135
H-2006,1927,6,3.0,3139.0,2012.0,1,2.0,Waterfront,Average,No,2023-01-25,561762
H-2007,1800,4,1.0,2835.0,2013.0,2,2.0,Waterfront,Poor,No,2021-02-28,305715
H-2008,1309,3,1.5,2308.0,2014.0,3,2.0,Downtown,Good,No,2023-09-29,336530
H-2009,2195,2,2.0,8590.0,1983.0,2,1.0,Suburbs,Good,No,2022-12-24,373930
H-2010,2362,6,2.0,9098.0,1958.0,2,3.0,Suburbs,Excellent,Yes,2023-11-14,458841
H-2011,835,4,3.0,1657.0,1986.0,2,2.0,Waterfront,Good,No,2021-08-11,338881
H-2012,1342,3,2.0,2555.0,1979.0,2,1.0,Downtown,Good,No,2021-07-09,354239
H-2013,1338,2,3.0,2811.0,1990.0,1,2.0,Rural,Good,No,2020-02-10,191319
H-2014,1236,2,3.0,3447.0,1994.0,1,1.0,Rural,Average,No,2023-07-10,127833
H-2015,2297,2,2.5,6717.0,1996.0,3,2.0,Industrial,Excellent,Yes,2021-07-06,241893
H-2016,1683,4,2.0,3456.0,1956.0,2,2.0,Suburbs,Average,No,2021-07-01,265480
H-2017,1641,5,2.5,5565.0,1963.0,2,1.0,Rural,Good,No,2023-02-26,216347
H-2018,597,3,2.0,1357.0,1997.0,2,2.0,Industrial,Poor,No,2021-02-27,73501
H-2019,2181,4,1.0,8299.0,1955.0,2,1.0,Rural,Average,No,2024-03-01,246847
H-2020,1056,3,4.0,3317.0,1983.0,2,2.0,Downtown,Fair,No,2022-06-19,254023
H-2021,1835,4,1.5,4754.0,1995.0,2,2.0,Downtown,Fair,No,2024-06-10,361080
H-2022,1966,4,1.0,6831.0,2008.0,1,2.0,Waterfront,Fair,No,2020-05-08,425245
H-2023,2616,2,3.5,9273.0,2019.0,2,1.0,Suburbs,Average,No,2021-07-17,423742
H-2024,1014,3,2.0,2257.0,1957.0,2,2.0,Rural,Good,No,2021-09-30,158982
H-2025,400,4,3.0,939.0,1973.0,3,2.0,Rural,Average,No,2023-05-07,115084
H-2026,1910,2,2.0,7334.0,2016.0,2,2.0,Industrial,Average,Yes,2020-12-22,212198
H-2027,2880,3,2.0,5506.0,1953.0,2,2.0,Suburbs,Good,No,2021-09-20,395546
H-2028,2543,3,2.0,4082.0,1950.0,1,2.0,Rural,Good,No,2024-03-04,258853
H-2029,1925,6,2.0,5072.0,1983.0,1,3.0,Downtown,Good,Yes,2020-07-10,503385
H-2030,1505,3,2.0,5272.0,1958.0,3,1.0,Suburbs,Good,No,2023-06-01,267083
H-2031,2284,4,3.0,7832.0,2012.0,2,2.0,Downtown,Excellent,No,2023-03-21,673888
H-2032,1215,3,2.5,4615.0,1959.0,2,2.0,Waterfront,Average,Yes,2020-08-06,345259
H-2033,2085,4,3.5,5906.0,1959.0,2,2.0,Waterfront,Good,No,2023-02-26,582277
H-2034,2103,4,1.0,3680.0,1999.0,1,2.0,Suburbs,Average,Yes,2022-08-11,305317
H-2035,2436,5,2.5,7239.0,1993.0,2,3.0,Suburbs,Fair,No,2021-04-26,363394
H-2036,3455,3,2.5,11905.0,1997.0,1,2.0,Rural,Average,No,2021-06-04,397522
H-2037,2035,4,3.5,3527.0,1955.0,2,,Rural,Poor,No,2023-10-26,151419
H-2038,1494,4,1.0,2885.0,1973.0,2,0.0,Rural,Good,No,2021-01-21,192047
H-2039,1784,3,2.5,2730.0,2007.0,1,2.0,Industrial,Fair,Yes,2022-05-08,160953
H-2040,738,2,3.5,2202.0,2013.0,3,1.0,Waterfront,Good,No,2023-02-14,317645
H-2041,1383,2,2.0,5140.0,2005.0,3,2.0,Suburbs,Poor,Yes,2020-08-05,175872
H-2042,1554,1,3.5,4936.0,1961.0,1,2.0,Suburbs,Good,No,2024-04-09,261661
H-2043,1485,5,1.0,5873.0,1984.0,2,2.0,Suburbs,Average,No,2021-03-12,325423
H-2044,1891,3,3.0,3134.0,2020.0,2,2.0,Waterfront,Excellent,No,2021-06-17,606285
H-2045,1306,3,3.5,4907.0,1955.0,2,1.0,Suburbs,Average,No,2023-01-20,260980
H-2046,2472,4,3.0,8738.0,2014.0,3,2.0,Rural,Good,Yes,2020-05-10,334846
H-2047,1800,3,2.0,4114.0,2009.0,2,2.0,Downtown,Average,No,2022-11-16,432287
H-2048,1794,3,1.0,7057.0,2017.0,2,1.0,Industrial,Average,Yes,2024-03-13,180889
H-2049,1603,2,3.5,3558.0,1978.0,2,1.0,Rural,Fair,No,2021-02-20,155706
H-2050,1893,5,2.5,7048.0,1987.0,2,2.0,Suburbs,Average,Yes,2021-08-28,351381
H-2051,2295,5,1.0,8495.0,1971.0,2,2.0,Suburbs,Average,No,2021-01-23,340361
H-2052,1279,5,3.0,4341.0,1957.0,2,1.0,Downtown,Good,No,2023-10-02,344816
H-2053,1405,3,2.5,4086.0,2012.0,2,1.0,Waterfront,Average,No,2020-10-07,465219
H-2054,1617,4,1.5,2910.0,1962.0,2,1.0,Rural,Good,No,2021-08-03,176315
H-2055,992,2,2.0,2807.0,1976.0,2,3.0,Rural,Fair,No,2022-10-03,119679
H-2056,1308,1,1.0,3128.0,1967.0,2,2.0,Downtown,Good,Yes,2021-11-08,289405
H-2057,1514,1,2.5,5269.0,1967.0,1,,Suburbs,Average,No,2020-04-19,234610
H-2058,2324,4,2.5,,2011.0,1,2.0,Suburbs,Average,Yes,2024-05-05,415642
H-2059,1957,3,2.5,7390.0,1963.0,2,0.0,Suburbs,Good,No,2021-07-19,301820
H-2060,1916,3,3.0,2945.0,1960.0,2,1.0,Suburbs,Average,No,2022-01-16,321529
H-2061,2310,1,3.5,8137.0,1966.0,2,3.0,Suburbs,Good,No,2020-10-07,397986
H-2062,1717,3,2.5,6603.0,2000.0,2,3.0,Suburbs,Excellent,No,2023-12-19,421419
H-2063,2034,4,1.0,7064.0,1963.0,3,2.0,Rural,Poor,Yes,2021-05-02,186154
H-2064,1738,3,3.0,3172.0,2006.0,1,2.0,Waterfront,Good,No,2020-02-03,465534
H-2065,1959,4,2.0,3336.0,1955.0,3,1.0,Suburbs,Average,No,2021-06-13,291009
H-2066,1450,3,2.5,2250.0,2006.0,1,3.0,Rural,Average,No,2024-07-05,202080
H-2067,400,4,2.5,1228.0,1953.0,2,2.0,Downtown,Average,No,2020-09-02,164058
H-2068,1719,4,2.0,5284.0,1960.0,2,,Suburbs,Good,No,2020-02-22,286523
H-2069,2653,3,3.5,10525.0,2023.0,2,2.0,Industrial,Average,No,2022-08-25,299028
H-2070,2355,3,1.5,5875.0,1960.0,1,3.0,Downtown,Good,Yes,2021-09-14,494020
H-2071,2379,4,3.0,5542.0,1957.0,1,3.0,Suburbs,Average,No,2023-08-23,415556
H-2072,2541,4,1.0,7778.0,2008.0,2,2.0,Downtown,Poor,No,2023-05-10,369471
H-2073,1853,3,3.5,,1970.0,2,2.0,Suburbs,Good,No,2020-11-06,320804
H-2074,1918,3,1.5,7368.0,2014.0,3,0.0,Rural,Fair,Yes,2022-08-03,234385
H-2075,1429,5,1.0,5012.0,1973.0,2,2.0,Downtown,Good,No,2020-02-24,367155
H-2076,1610,4,2.0,4132.0,1979.0,3,2.0,Downtown,Good,No,2022-01-05,356826
H-2077,2169,3,2.0,6696.0,2006.0,1,0.0,Waterfront,Good,No,2023-04-10,558771
H-2078,2522,3,2.0,9181.0,2022.0,1,2.0,Suburbs,Good,No,2021-11-25,436084
H-2079,1716,3,2.5,4678.0,1966.0,2,3.0,Suburbs,Good,No,2020-07-16,302581
H-2080,1529,4,2.0,3121.0,2008.0,3,1.0,Industrial,Good,No,2020-04-13,150382
H-2081,1800,3,1.0,3463.0,1980.0,2,2.0,Suburbs,Average,No,2023-11-30,305236
H-2082,2160,6,2.0,3240.0,2013.0,1,2.0,Waterfront,Excellent,No,2024-02-01,728871
H-2083,933,3,3.0,3074.0,1997.0,1,2.0,Industrial,Good,No,2021-07-28,110286
H-2084,422,3,3.0,750.0,1972.0,2,2.0,Suburbs,Good,No,2020-10-01,150157
H-2085,1469,4,3.0,3098.0,2019.0,2,1.0,Suburbs,Fair,No,2024-06-26,263995
H-2086,1067,5,3.0,2395.0,1979.0,2,2.0,Suburbs,Good,No,2022-07-02,254721
H-2087,1495,4,2.0,4336.0,2004.0,2,1.0,Waterfront,Poor,Yes,2022-03-08,330548
H-2088,1711,3,1.0,4268.0,1956.0,2,2.0,Suburbs,Good,Yes,2023-05-26,296310
H-2089,1528,4,2.0,4869.0,1961.0,3,2.0,Rural,Good,No,2020-10-09,190599
H-2090,2671,4,3.0,4378.0,2009.0,2,1.0,Industrial,Good,No,2022-08-28,269489
H-2091,1996,3,4.0,3612.0,2001.0,2,2.0,Waterfront,Good,Yes,2024-01-30,532082
H-2092,1980,2,2.5,5441.0,1976.0,3,,Industrial,Fair,No,2020-02-08,120425
H-2093,2173,3,1.0,5090.0,1961.0,2,1.0,Rural,Average,Yes,2023-01-31,198686
H-2094,1116,3,1.5,,1962.0,2,1.0,Industrial,Good,No,2022-07-12,107035
H-2095,2423,5,2.0,4040.0,2021.0,2,2.0,Downtown,Excellent,No,2024-05-10,693242
H-2096,1754,3,2.5,6558.0,2011.0,1,3.0,Rural,Good,No,2021-03-09,221827
H-2097,2202,5,1.0,7111.0,1978.0,2,3.0,Rural,Poor,Yes,2023-12-08,187387
H-2098,1156,3,3.5,2085.0,1984.0,1,3.0,Suburbs,Fair,No,2021-06-01,212415
H-2099,867,4,2.0,1441.0,2009.0,1,2.0,Downtown,Average,No,2021-12-20,257281
H-2100,2290,3,3.5,9016.0,1978.0,1,0.0,Rural,Average,No,2020-12-23,279002
H-2101,2025,2,3.0,6485.0,1980.0,1,2.0,Downtown,Fair,No,2023-12-16,357978
H-2102,1258,3,3.0,3199.0,2010.0,2,2.0,Suburbs,Average,No,2020-11-23,248599
H-2103,1278,2,2.5,4159.0,1951.0,2,1.0,Suburbs,Fair,Yes,2023-12-08,210078
H-2104,2475,4,2.5,8392.0,1982.0,2,2.0,Industrial,Average,No,2022-02-01,229909
H-2105,1086,3,2.5,3746.0,2021.0,2,2.0,Suburbs,Good,No,2023-10-29,270284
H-2106,2785,4,2.5,7504.0,2011.0,2,3.0,Waterfront,Average,No,2021-03-18,707047
H-2107,1259,3,2.5,3241.0,2008.0,2,2.0,Downtown,Average,No,2020-08-10,305755
H-2108,2183,2,4.0,3334.0,1989.0,3,3.0,Suburbs,Average,No,2022-07-18,352957
H-2109,1602,3,3.0,6113.0,1998.0,2,1.0,Suburbs,Good,No,2022-05-02,359476
H-2110,2161,5,3.0,6500.0,1981.0,2,0.0,Rural,Average,No,2021-08-19,228848
H-2111,1473,4,3.5,2957.0,1987.0,1,3.0,Waterfront,Good,Yes,2023-01-14,457866
H-2112,1702,3,2.0,6465.0,1962.0,2,0.0,Rural,Good,No,2020-06-08,221322
H-2113,1824,3,1.0,6908.0,2003.0,2,2.0,Rural,Average,Yes,2022-11-07,202783
H-2114,1198,2,2.5,4759.0,1962.0,2,2.0,Suburbs,Average,Yes,2020-12-20,204819
H-2115,2244,6,2.5,8269.0,1988.0,2,,Rural,Average,Yes,2020-08-03,301915
H-2116,1492,4,3.0,5959.0,1972.0,1,1.0,Suburbs,Poor,No,2024-03-02,192967
H-2117,1662,3,2.0,3509.0,1963.0,1,0.0,Downtown,Average,No,2022-02-08,336600
H-2118,1203,4,2.5,4337.0,1966.0,3,2.0,Waterfront,Average,No,2023-07-01,360780
H-2119,400,2,2.5,1423.0,1973.0,2,2.0,Waterfront,Average,No,2020-05-29,182115
H-2120,1685,5,1.0,3500.0,2007.0,1,1.0,Suburbs,Good,No,2020-04-06,318614
H-2121,3247,2,2.5,5669.0,2012.0,1,3.0,Industrial,Fair,Yes,2022-04-08,236502
H-2122,2270,4,3.0,8963.0,1983.0,2,2.0,Rural,Good,No,2021-06-12,255299
H-2123,1788,3,1.5,4005.0,2000.0,2,3.0,Suburbs,Average,No,2020-01-09,350298
H-2124,1642,4,2.5,6038.0,1959.0,2,1.0,Suburbs,Good,No,2020-11-02,282354
H-2125,1813,4,2.5,2738.0,2021.0,1,2.0,Industrial,Good,No,2021-01-01,198324
H-2126,2128,4,1.5,3303.0,1970.0,1,3.0,Rural,Good,No,2021-04-27,253021
H-2127,1091,4,1.5,2907.0,1986.0,2,2.0,Suburbs,Average,No,2024-01-08,204264
H-2128,2468,5,4.0,5174.0,1956.0,2,1.0,Rural,Good,Yes,2021-12-05,307277
H-2129,2229,2,2.0,7187.0,1962.0,1,3.0,Suburbs,Good,No,2023-02-11,361436
H-2130,2230,3,2.0,6498.0,1979.0,2,2.0,Suburbs,Average,Yes,2020-01-31,348647
H-2131,2063,3,1.5,3494.0,1980.0,2,2.0,Rural,Excellent,No,2023-09-24,256625
H-2132,1811,6,3.0,3452.0,1954.0,2,1.0,Suburbs,Good,No,2021-02-06,310624
H-2133,2203,3,2.5,5441.0,1981.0,1,2.0,Rural,Good,No,2021-06-01,265957
H-2134,2155,4,2.5,,1965.0,2,3.0,Industrial,Average,No,2020-03-16,214276
H-2135,1587,4,1.0,5523.0,2022.0,3,2.0,Industrial,Average,Yes,2021-11-16,172368
H-2136,1455,3,3.5,3695.0,1971.0,3,1.0,Rural,Fair,No,2023-11-28,164781
H-2137,1861,3,2.0,3226.0,2013.0,2,1.0,Industrial,Good,No,2021-09-26,227820
H-2138,2729,3,2.0,7397.0,,2,1.0,Waterfront,Good,Yes,2024-03-01,655447
H-2139,1056,3,2.5,1823.0,1989.0,1,2.0,Suburbs,Excellent,No,2023-12-23,252667
H-2140,919,3,2.0,1674.0,1986.0,2,2.0,Industrial,Poor,No,2020-04-13,61372
H-2141,1898,1,3.5,3983.0,1965.0,2,1.0,Downtown,Average,No,2021-05-26,357624
H-2142,1830,5,3.5,6677.0,1992.0,2,1.0,Suburbs,Average,No,2024-03-04,347277
H-2143,1904,5,2.0,7257.0,2012.0,2,2.0,Rural,Fair,No,2020-02-19,201929
H-2144,1946,3,3.5,6938.0,1964.0,2,2.0,Suburbs,Good,No,2023-07-05,355718
H-2145,1666,3,3.0,3890.0,1993.0,3,2.0,Suburbs,Good,No,2024-02-26,321000
H-2146,2693,1,3.5,5873.0,1958.0,1,,Rural,Average,No,2023-07-13,262507
H-2147,839,4,2.0,2410.0,2014.0,1,3.0,Downtown,Fair,No,2023-05-30,238281
H-2148,1302,4,2.5,4302.0,1993.0,2,1.0,Industrial,Average,No,2023-11-12,174746
H-2149,1738,2,2.0,6923.0,1969.0,1,2.0,Suburbs,Fair,No,2023-01-19,204936
H-2150,814,2,3.0,1488.0,2019.0,2,2.0,Industrial,Average,No,2021-12-09,79463
H-2151,1694,4,1.0,2749.0,2023.0,1,0.0,Suburbs,Fair,No,2020-04-15,249689
H-2152,2796,4,2.5,9047.0,1982.0,2,2.0,Rural,Average,No,2023-08-12,339959
H-2153,1812,1,2.0,6487.0,1955.0,2,2.0,Suburbs,Good,No,2024-02-24,281973
H-2154,1938,4,2.0,7007.0,1980.0,1,0.0,Rural,Average,No,2022-05-06,227000
H-2155,1043,3,2.5,3333.0,2015.0,1,0.0,Downtown,Average,No,2022-06-10,255854
H-2156,1430,3,3.5,5555.0,1967.0,2,2.0,Suburbs,Average,No,2021-11-06,228558
H-2157,1574,4,2.5,4371.0,1977.0,2,2.0,Downtown,Good,No,2023-12-05,377157
H-2158,1609,4,3.5,6089.0,2017.0,2,2.0,Suburbs,Excellent,No,2020-01-25,421710
H-2159,2568,3,2.0,10065.0,2014.0,2,2.0,Industrial,Good,Yes,2022-11-11,244827
H-2160,2134,5,2.5,7720.0,1994.0,2,3.0,Downtown,Poor,No,2024-02-28,350511
H-2161,1133,3,2.5,2576.0,2007.0,2,1.0,Rural,Good,No,2020-06-21,134705
H-2162,1947,4,1.0,3875.0,1996.0,1,1.0,Rural,Average,No,2024-05-24,203273
H-2163,2098,3,2.5,6021.0,2015.0,2,,Suburbs,Average,No,2024-06-07,383060
H-2164,2484,5,3.0,6539.0,2001.0,1,2.0,Suburbs,Fair,Yes,2024-04-05,362334
H-2165,2748,5,2.5,10152.0,1985.0,2,2.0,Suburbs,Fair,No,2022-02-13,414463
H-2166,1190,2,3.0,2082.0,1950.0,2,3.0,Suburbs,Fair,No,2021-10-03,168857
H-2167,1313,5,2.5,2815.0,1988.0,2,2.0,Downtown,Average,No,2023-03-27,386684
H-2168,1045,4,1.0,3531.0,1950.0,2,2.0,Suburbs,Fair,No,2021-06-17,177207
H-2169,1659,4,1.5,2882.0,2023.0,3,,Suburbs,Good,No,2020-04-24,306716
H-2170,2079,3,2.5,4785.0,1963.0,3,2.0,Waterfront,Average,No,2024-02-17,481952
H-2171,2392,4,2.0,5903.0,2020.0,2,1.0,Waterfront,Fair,No,2022-11-28,490439
H-2172,1754,5,1.0,5361.0,1972.0,1,3.0,Rural,Good,No,2020-12-12,223097
H-2173,1608,3,2.0,3047.0,1992.0,3,2.0,Suburbs,Fair,Yes,2020-01-31,264859
H-2174,1891,5,2.5,6905.0,1971.0,1,1.0,Suburbs,Good,No,2023-04-26,360555
H-2175,1298,1,2.0,3399.0,2009.0,2,2.0,Suburbs,Good,No,2023-11-28,194287
H-2176,3053,2,3.0,11578.0,1976.0,2,1.0,Suburbs,Good,Yes,2021-11-10,471415
H-2177,835,3,2.5,2229.0,2005.0,3,2.0,Suburbs,Average,No,2020-05-15,201865
H-2178,1910,4,2.0,4178.0,1951.0,3,0.0,Industrial,Good,No,2022-12-21,194758
H-2179,3014,4,3.0,5589.0,1988.0,1,2.0,Suburbs,Excellent,No,2021-05-12,555566
H-2180,1804,1,2.5,2722.0,2000.0,2,2.0,Suburbs,Fair,No,2020-08-28,236385
H-2181,1685,5,2.5,4769.0,1968.0,1,2.0,Rural,Fair,No,2022-05-04,206133
H-2182,1585,1,2.5,2802.0,2011.0,1,2.0,Waterfront,Excellent,No,2022-03-17,467113
H-2183,1691,2,1.0,4192.0,2020.0,2,0.0,Suburbs,Average,No,2022-05-15,249178
H-2184,2623,1,3.0,7798.0,2016.0,1,2.0,Suburbs,Average,No,2023-10-11,434668
H-2185,472,4,2.0,1033.0,2012.0,2,2.0,Waterfront,Good,No,2022-03-22,271963
H-2186,2720,5,3.5,5271.0,1954.0,3,2.0,Downtown,Average,No,2024-02-16,504329
H-2187,945,4,3.0,3247.0,2021.0,2,3.0,Rural,Average,No,2023-11-10,183049
H-2188,1640,4,2.5,6341.0,2010.0,1,1.0,Waterfront,Average,No,2022-12-25,458812
H-2189,1542,1,2.0,2700.0,2020.0,2,2.0,Industrial,Fair,No,2020-04-05,138292
H-2190,2153,3,2.0,,1956.0,3,2.0,Downtown,,No,2023-12-18,432041
H-2191,841,3,2.0,3279.0,1999.0,2,2.0,Suburbs,Good,Yes,2024-02-24,218184
H-2192,2077,3,2.5,3311.0,1995.0,2,2.0,Suburbs,Average,No,2021-09-19,354227
H-2193,3014,2,2.0,11887.0,2021.0,3,1.0,Suburbs,Average,No,2022-05-30,468997
H-2194,982,4,2.5,1484.0,2023.0,1,2.0,Rural,Average,No,2021-04-15,155201
H-2195,1913,3,1.5,7047.0,1963.0,3,0.0,Industrial,Average,No,2020-01-25,184536
H-2196,1402,4,4.0,3180.0,2022.0,3,2.0,Suburbs,Average,No,2022-03-13,312310
H-2197,2055,3,1.5,7904.0,2018.0,3,2.0,Suburbs,Good,No,2020-08-04,352056
H-2198,1811,2,3.5,4151.0,2014.0,1,1.0,Suburbs,Average,No,2020-11-02,331501
H-2199,1415,4,3.5,4437.0,2014.0,3,2.0,Downtown,Average,No,2022-03-15,370748
H-2200,2092,2,2.5,,2006.0,2,1.0,Suburbs,Fair,Yes,2023-12-22,284124
H-2201,2882,5,3.0,6068.0,2011.0,2,2.0,Suburbs,Average,No,2023-11-14,498138
H-2202,1685,4,2.0,5786.0,1969.0,2,2.0,Waterfront,Good,Yes,2024-06-03,493400
H-2203,2231,2,2.5,6295.0,1975.0,1,2.0,Suburbs,Average,No,2022-03-19,337318
H-2204,1024,5,2.0,3911.0,1993.0,2,3.0,Suburbs,Good,No,2022-07-13,226757
H-2205,1226,3,2.0,3153.0,2016.0,2,2.0,Suburbs,Excellent,No,2023-10-08,300291
H-2206,2083,2,2.5,7654.0,2019.0,2,1.0,Suburbs,Average,No,2023-03-17,361299
H-2207,2690,4,2.5,7054.0,2011.0,2,3.0,Downtown,Good,No,2020-11-02,657071
H-2208,2013,3,2.5,7947.0,1994.0,1,1.0,Waterfront,Good,No,2021-10-28,531741
H-2209,1612,4,2.0,6286.0,1960.0,2,2.0,Industrial,Good,No,2024-04-04,194731
H-2210,1799,4,2.0,4178.0,2021.0,1,3.0,Downtown,Fair,No,2020-09-01,403215
H-2211,1049,6,1.0,3896.0,2023.0,2,2.0,Rural,Good,No,2020-12-16,181473
H-2212,2162,3,1.0,7824.0,1983.0,1,1.0,Suburbs,Average,No,2021-11-01,341924
H-2213,2329,3,2.0,4720.0,1995.0,2,1.0,Suburbs,Average,No,2024-04-22,330479
H-2214,1528,4,1.0,4676.0,1981.0,2,1.0,Rural,Average,No,2020-07-09,196017
H-2215,1517,2,1.5,,1954.0,3,2.0,Suburbs,Excellent,No,2023-01-31,275652
H-2216,1959,3,3.0,7036.0,2012.0,2,1.0,Downtown,Average,No,2020-08-09,433592
H-2217,1537,3,1.0,2976.0,1978.0,2,2.0,Suburbs,Excellent,No,2022-05-28,293139
H-2218,1760,2,3.0,2951.0,1997.0,2,2.0,Downtown,Excellent,No,2022-06-17,482069
H-2219,3059,3,2.0,7649.0,1965.0,2,3.0,Downtown,Good,No,2020-03-12,611168
H-2220,1651,5,3.5,4857.0,1974.0,2,2.0,Suburbs,Good,No,2024-05-16,325981
H-2221,1584,5,2.5,5761.0,2021.0,1,3.0,Suburbs,Fair,No,2023-09-12,283641
H-2222,1411,2,2.0,5553.0,1978.0,2,1.0,Rural,Average,No,2021-05-21,186008
H-2223,2246,2,2.5,5836.0,2001.0,2,2.0,Suburbs,Good,No,2020-08-06,369523
H-2224,1691,3,2.0,2792.0,1995.0,1,1.0,Downtown,Poor,No,2021-08-01,258046
H-2225,1410,5,2.5,4755.0,1974.0,1,1.0,Suburbs,Good,No,2024-02-06,282776
H-2226,2592,2,1.5,7550.0,1972.0,2,2.0,Waterfront,Average,No,2020-08-10,515921
H-2227,2651,4,4.0,6944.0,1983.0,2,2.0,Suburbs,Fair,Yes,2021-08-07,362134
H-2228,1439,2,2.0,3271.0,2016.0,1,0.0,Waterfront,Fair,No,2022-04-07,327671
H-2229,680,4,2.0,1874.0,1983.0,3,1.0,Suburbs,Excellent,No,2020-02-25,246641
H-2230,2404,3,3.0,5641.0,1981.0,3,1.0,Industrial,Average,No,2021-03-24,208107
H-2231,1389,4,2.0,4712.0,1978.0,1,2.0,Suburbs,Good,No,2022-09-24,287194
H-2232,2274,3,3.0,6503.0,1958.0,1,3.0,Downtown,Good,No,2021-06-26,539928
H-2233,617,4,2.5,2278.0,2015.0,2,0.0,Suburbs,Average,No,2023-12-28,196291
H-2234,2335,3,3.0,6675.0,2006.0,3,2.0,Suburbs,Fair,No,2024-04-17,315457
H-2235,1073,4,1.5,2248.0,1988.0,2,3.0,Rural,Good,No,2022-01-09,163864
H-2236,2238,5,3.0,8118.0,1956.0,2,1.0,Suburbs,Good,No,2022-06-09,395385
H-2237,1808,2,3.0,5230.0,2018.0,1,2.0,Downtown,Good,Yes,2022-11-21,469298
H-2238,1227,5,2.0,2474.0,1957.0,2,1.0,Rural,Good,No,2023-01-17,146907
H-2239,1555,4,1.5,4756.0,1967.0,2,2.0,Industrial,Excellent,No,2020-04-15,212206
H-2240,2211,2,2.0,5293.0,1998.0,2,2.0,Industrial,Fair,No,2020-03-30,190921
H-2241,1863,3,4.0,6727.0,1965.0,2,2.0,Suburbs,Good,No,2023-12-19,336757
H-2242,2150,2,2.0,5661.0,1970.0,1,1.0,Downtown,Good,No,2021-01-03,469407
H-2243,2985,4,2.5,9898.0,1959.0,2,1.0,Downtown,Average,No,2022-09-04,555969
H-2244,861,4,1.0,1497.0,1953.0,1,1.0,Waterfront,Fair,Yes,2022-11-11,218200
H-2245,2770,2,2.0,6897.0,1993.0,1,2.0,Waterfront,Fair,No,2020-10-02,531264
H-2246,1862,3,2.5,7369.0,1957.0,3,3.0,Industrial,Average,No,2023-06-28,197322
H-2247,1260,4,4.0,4436.0,2004.0,1,2.0,Suburbs,Excellent,No,2023-12-20,370299
H-2248,1001,5,2.5,1901.0,1968.0,2,0.0,Waterfront,Fair,No,2021-04-22,238788
H-2249,1686,3,3.0,3699.0,2013.0,1,3.0,Waterfront,Average,Yes,2024-01-09,489943
H-2250,2352,5,2.5,5467.0,1989.0,1,0.0,Suburbs,Average,No,2020-05-15,424945
H-2251,1723,3,1.0,5385.0,2000.0,2,2.0,Rural,Poor,No,2023-09-01,160893
H-2252,2706,3,2.0,9180.0,1958.0,1,2.0,Downtown,Fair,No,2022-12-07,427622
H-2253,929,4,2.5,3134.0,1979.0,1,0.0,Rural,Fair,Yes,2022-09-03,101575
H-2254,1792,3,4.0,4972.0,2005.0,3,0.0,Industrial,Good,No,2021-01-20,212112
H-2255,1048,3,3.5,3696.0,1993.0,1,1.0,Downtown,Average,No,2021-08-28,284381
H-2256,2018,3,2.0,5232.0,2008.0,1,2.0,Rural,Poor,No,2024-03-03,166627
H-2257,2332,4,2.0,4220.0,1964.0,2,2.0,Suburbs,Average,No,2022-02-18,341478
H-2258,1547,4,2.0,4503.0,2017.0,1,2.0,Waterfront,Good,No,2022-09-21,526240
H-2259,400,3,3.5,1552.0,2019.0,2,2.0,Rural,Average,Yes,2024-04-15,119721
H-2260,1919,3,3.5,6682.0,2010.0,1,2.0,Industrial,Excellent,No,2022-02-19,260479
H-2261,2062,3,3.0,6076.0,1972.0,1,2.0,Rural,Average,No,2021-10-11,204947
H-2262,2042,4,2.0,6364.0,1996.0,2,2.0,Suburbs,Fair,Yes,2024-02-04,289091
H-2263,2541,3,2.5,9722.0,1966.0,3,0.0,Downtown,Average,No,2024-03-04,491247
H-2264,1157,4,2.5,2974.0,2006.0,1,1.0,Rural,Average,Yes,2021-08-16,170008
H-2265,2208,3,2.0,5141.0,2003.0,2,2.0,Suburbs,Good,Yes,2022-09-17,415122
H-2266,2515,3,2.5,9916.0,2001.0,1,2.0,Rural,Fair,Yes,2024-06-01,255854
H-2267,732,2,1.0,,1971.0,1,3.0,Downtown,Average,No,2020-04-02,222093
H-2268,1991,3,1.5,4594.0,1988.0,3,1.0,Waterfront,Average,No,2020-03-07,469752
H-2269,1497,5,3.5,3981.0,1962.0,1,1.0,Suburbs,Average,Yes,2022-05-14,303273
H-2270,1751,3,3.0,4443.0,2015.0,3,1.0,Industrial,Good,No,2021-05-02,166674
H-2271,2008,2,2.0,3760.0,2001.0,1,1.0,Rural,Average,No,2022-09-01,191076
H-2272,1507,3,2.5,5869.0,1963.0,3,2.0,Downtown,,No,2023-04-27,366814
H-2273,1394,3,2.0,3500.0,2022.0,2,3.0,Suburbs,Poor,Yes,2020-04-25,227782
H-2274,1820,1,3.0,6712.0,2023.0,3,2.0,Industrial,Excellent,Yes,2024-01-17,197936
H-2275,1147,3,3.0,2263.0,2012.0,1,2.0,Rural,Excellent,No,2021-04-08,205167
H-2276,1148,3,3.0,3294.0,2020.0,2,2.0,Suburbs,,No,2021-09-30,223196
H-2277,2207,4,3.0,3442.0,1977.0,2,0.0,Industrial,Average,No,2021-07-18,192224
H-2278,1110,3,2.0,3785.0,1995.0,2,2.0,Suburbs,Good,No,2023-11-06,200479
H-2279,2199,3,2.0,6492.0,1977.0,2,2.0,Suburbs,Poor,Yes,2020-10-12,242013
H-2280,2077,5,2.5,6363.0,1951.0,2,1.0,Rural,Good,No,2020-02-17,244910
H-2281,764,3,2.0,1244.0,1966.0,3,2.0,Suburbs,Excellent,No,2024-06-14,194331
H-2282,1393,3,3.0,2824.0,2008.0,2,2.0,Suburbs,Good,No,2024-06-29,281056
H-2283,2516,3,2.0,4241.0,2001.0,2,0.0,Rural,Fair,No,2021-03-07,235280
H-2284,1211,3,1.5,2691.0,1953.0,3,1.0,Rural,Good,No,2020-01-16,180453
H-2285,1521,4,2.0,4667.0,1952.0,1,2.0,Downtown,Average,No,2022-12-17,320631
H-2286,2077,3,4.0,6055.0,1986.0,2,1.0,Rural,Average,No,2022-12-21,230600
H-2287,2270,4,2.0,6878.0,1973.0,3,1.0,Suburbs,Average,Yes,2024-04-23,362497
H-2288,1649,1,2.5,4737.0,2021.0,2,2.0,Suburbs,Excellent,No,2021-05-14,336454
H-2289,1441,3,2.0,3145.0,1984.0,1,2.0,Waterfront,Average,No,2020-11-13,376817
H-2290,2653,4,1.0,5601.0,1951.0,2,2.0,Downtown,Good,Yes,2022-10-28,484757
H-2291,2843,3,2.5,5238.0,1982.0,3,3.0,Rural,Fair,No,2022-08-01,248325
H-2292,2387,4,3.0,8647.0,1959.0,3,2.0,Rural,Fair,No,2023-04-16,221789
H-2293,1851,3,2.5,5629.0,2011.0,3,2.0,Rural,Good,No,2024-01-21,251547
H-2294,1315,4,3.5,2585.0,1992.0,2,2.0,Suburbs,Poor,No,2022-07-26,173644
H-2295,1301,2,2.0,2527.0,2018.0,2,2.0,Suburbs,Excellent,No,2020-09-08,305657
H-2296,2113,5,1.0,7781.0,2008.0,1,1.0,Suburbs,Fair,No,2022-09-28,295157
H-2297,2051,2,3.5,6884.0,1958.0,1,1.0,Rural,Average,No,2021-09-18,251362
H-2298,2640,5,2.0,8312.0,2009.0,1,,Suburbs,Average,No,2022-01-27,446684
H-2299,2190,3,2.5,5512.0,2012.0,1,2.0,Suburbs,Good,Yes,2024-05-25,423762
H-2300,898,4,3.0,1935.0,2001.0,3,3.0,Rural,Average,No,2022-07-17,147567
H-2301,2431,3,2.0,9599.0,1972.0,2,2.0,Waterfront,Excellent,No,2020-09-07,708042
H-2302,1201,5,3.0,4195.0,1979.0,2,3.0,Downtown,Average,Yes,2022-01-11,354813
H-2303,1569,2,1.5,3537.0,1992.0,3,0.0,Industrial,Good,No,2021-01-17,151369
H-2304,1950,2,2.0,7056.0,2017.0,3,2.0,Downtown,Average,No,2020-08-14,452053
H-2305,2997,3,1.5,10181.0,,2,3.0,Suburbs,Average,No,2023-04-07,442490
H-2306,3665,2,3.0,8219.0,1992.0,2,1.0,Suburbs,Average,Yes,2022-11-18,483187
H-2307,2164,2,2.0,5553.0,2022.0,1,1.0,Downtown,Average,No,2022-04-13,442331
H-2308,1690,5,3.0,3320.0,1956.0,2,2.0,Industrial,Good,Yes,2021-12-09,180619
H-2309,2120,6,3.5,3768.0,1965.0,1,2.0,Suburbs,Excellent,No,2021-06-23,484644
H-2310,2332,3,2.5,7711.0,1972.0,2,0.0,Downtown,Good,No,2020-05-27,480193
H-2311,1607,5,2.5,3485.0,2007.0,3,2.0,Rural,Fair,No,2021-05-15,196112
H-2312,2877,3,2.5,10213.0,1980.0,2,1.0,Rural,Average,No,2023-11-04,304952
H-2313,1938,3,2.0,7730.0,2018.0,1,2.0,Industrial,Average,No,2023-08-04,217890
H-2314,2098,4,2.5,3548.0,1955.0,2,3.0,Suburbs,Fair,No,2024-06-15,260631
H-2315,2199,4,2.5,5899.0,2014.0,2,1.0,Suburbs,Fair,No,2023-01-03,313940
H-2316,2052,6,4.0,7192.0,2008.0,1,0.0,Downtown,Average,No,2022-07-15,542030
H-2317,2303,3,3.5,7996.0,1977.0,1,2.0,Rural,Average,No,2021-05-10,264018
H-2318,1429,4,3.5,4858.0,1967.0,3,2.0,Rural,Fair,No,2020-05-08,165492
H-2319,1465,2,3.5,3475.0,1959.0,1,1.0,Industrial,Fair,No,2022-10-31,121691
H-2320,1139,2,2.5,3000.0,1956.0,2,2.0,Rural,Average,No,2022-03-28,153881
H-2321,2063,1,3.0,6163.0,1986.0,2,3.0,Industrial,Average,No,2023-06-24,186420
H-2322,2267,6,3.5,8920.0,1994.0,2,1.0,Industrial,Average,No,2021-11-20,260671
H-2323,2074,4,2.0,4809.0,1965.0,1,1.0,Suburbs,Good,No,2024-07-07,296744
H-2324,2804,4,4.0,10677.0,1963.0,2,2.0,Downtown,Fair,No,2021-10-27,470190
H-2325,1796,3,2.0,3903.0,1960.0,3,,Downtown,Average,Yes,2021-07-11,362352
H-2326,2201,3,2.5,8743.0,1983.0,1,0.0,Suburbs,Good,Yes,2023-12-29,346909
H-2327,1144,2,3.0,3632.0,2009.0,1,2.0,Suburbs,Good,No,2021-10-24,265572
H-2328,1567,3,4.0,4166.0,1962.0,1,3.0,Downtown,Fair,No,2023-12-28,299881
H-2329,2217,3,2.0,6725.0,1988.0,2,1.0,Suburbs,Average,No,2020-02-15,348845
H-2330,2309,4,3.0,5036.0,1993.0,2,2.0,Suburbs,Good,No,2023-03-05,427992
H-2331,1623,3,2.5,3546.0,1977.0,1,0.0,Downtown,Good,Yes,2020-04-30,365401
H-2332,1757,2,2.0,3134.0,1989.0,2,2.0,Suburbs,Average,No,2020-09-05,268579
H-2333,889,1,3.0,1586.0,1965.0,2,2.0,Downtown,Good,No,2023-03-17,215663
H-2334,1585,2,2.5,3755.0,1999.0,3,2.0,Suburbs,Average,No,2021-04-29,284019
H-2335,2334,3,3.0,7952.0,1977.0,2,2.0,Downtown,Average,No,2020-12-18,511803
H-2336,2145,5,2.0,6477.0,2017.0,1,1.0,Waterfront,Average,Yes,2023-09-03,619741
H-2337,2100,4,2.5,,2009.0,1,2.0,Downtown,Fair,No,2024-05-03,423878
H-2338,1829,4,2.5,6640.0,1961.0,2,2.0,Waterfront,Excellent,No,2021-01-24,584275
H-2339,1804,3,2.0,5418.0,1965.0,1,1.0,Suburbs,Good,No,2021-06-14,305584
H-2340,1403,3,1.5,5474.0,2002.0,2,3.0,Suburbs,Excellent,No,2023-04-10,333648
H-2341,2219,2,4.0,7046.0,2003.0,2,0.0,Suburbs,Good,No,2023-09-26,374330
H-2342,2052,5,2.5,3976.0,1998.0,2,2.0,Suburbs,Good,No,2024-07-30,399289
H-2343,2095,4,3.0,5623.0,1985.0,2,2.0,Downtown,Average,No,2021-04-02,469335
H-2344,1484,2,2.0,4631.0,2011.0,2,2.0,Rural,Good,No,2022-07-20,210967
H-2345,507,3,2.0,796.0,1975.0,2,1.0,Industrial,Fair,No,2020-08-12,80607
H-2346,2458,3,2.0,3778.0,2005.0,2,1.0,Industrial,Excellent,No,2021-07-07,281508
H-2347,1512,4,2.0,2757.0,1971.0,2,0.0,Rural,Average,No,2020-03-16,162293
H-2348,1282,5,2.5,2729.0,2022.0,2,2.0,Suburbs,Poor,No,2020-12-18,202154
H-2349,2216,4,2.5,5703.0,2018.0,2,2.0,Suburbs,Good,Yes,2022-04-27,441237
H-2350,1564,3,2.5,4251.0,1998.0,1,2.0,Rural,Average,No,2020-10-01,167553
H-2351,2435,2,1.5,4492.0,1951.0,1,3.0,Waterfront,Average,No,2024-01-28,506799
H-2352,2170,2,2.5,6908.0,2002.0,3,3.0,Suburbs,Average,No,2023-04-04,383143
H-2353,2210,2,1.5,6608.0,1956.0,3,2.0,Industrial,Average,No,2020-02-16,198551
H-2354,980,1,1.5,2191.0,1969.0,2,2.0,Suburbs,Good,Yes,2024-01-07,211050
H-2355,2527,4,3.5,,1979.0,2,0.0,Suburbs,Average,No,2024-06-24,354166
H-2356,1956,4,2.5,3313.0,2016.0,1,2.0,Industrial,Average,No,2022-04-20,189629
H-2357,1578,2,3.0,3912.0,2008.0,2,2.0,Industrial,Good,No,2021-06-10,183500
H-2358,1886,4,2.0,3554.0,2015.0,3,0.0,Rural,Poor,No,2021-03-17,176509
H-2359,734,2,3.5,1792.0,1952.0,3,2.0,Suburbs,Average,No,2020-05-26,162965
H-2360,2045,3,2.5,6279.0,2005.0,2,3.0,Suburbs,Average,Yes,2022-04-02,393646
H-2361,1182,3,3.0,3390.0,1966.0,2,1.0,Downtown,Fair,No,2020-03-24,232454
H-2362,988,3,2.0,2053.0,2001.0,2,2.0,Rural,Average,No,2022-04-23,140006
H-2363,886,3,4.0,2090.0,1956.0,2,1.0,Suburbs,Excellent,No,2021-02-26,243111
H-2364,2467,3,3.0,7487.0,1954.0,2,2.0,Suburbs,Average,No,2022-03-08,366573
H-2365,1422,3,3.5,5193.0,2003.0,2,0.0,Suburbs,Fair,No,2021-12-01,249677
H-2366,2720,6,1.5,9201.0,2010.0,1,1.0,Suburbs,Average,No,2021-05-25,490568
H-2367,1478,2,2.0,4261.0,1965.0,2,1.0,Suburbs,Poor,No,2022-01-21,153842
H-2368,775,2,2.0,1864.0,2016.0,2,3.0,Industrial,Excellent,Yes,2022-03-04,137995
H-2369,1130,2,2.0,2726.0,2008.0,2,2.0,Downtown,Good,Yes,2023-10-27,285397
H-2370,2541,4,3.5,9397.0,1996.0,2,,Waterfront,Average,No,2023-01-19,653204
H-2371,1706,2,1.0,2726.0,1997.0,2,2.0,Suburbs,Average,No,2021-12-26,257384
H-2372,1471,4,1.0,5839.0,2013.0,2,1.0,Rural,Good,No,2024-02-24,203229
H-2373,1896,3,2.0,5993.0,1999.0,2,3.0,Industrial,Fair,No,2023-06-19,174951
H-2374,2101,3,1.5,6729.0,1990.0,3,2.0,Suburbs,Good,Yes,2020-05-06,358699
H-2375,2470,4,2.0,3939.0,2021.0,1,2.0,Downtown,Excellent,No,2020-09-14,616315
H-2376,2669,2,3.0,8043.0,1971.0,3,2.0,Suburbs,Poor,No,2020-05-16,299233
H-2377,1584,2,2.5,4295.0,2003.0,1,2.0,Suburbs,Good,No,2021-06-17,259229
H-2378,1004,3,1.0,1771.0,1954.0,1,1.0,Rural,Poor,No,2021-12-30,86512
H-2379,1551,4,2.0,3404.0,1966.0,2,0.0,Downtown,Good,No,2022-04-24,331660
H-2380,1956,3,2.0,7287.0,1990.0,2,2.0,Downtown,Excellent,Yes,2023-11-26,526557
H-2381,1221,2,1.5,3510.0,1984.0,1,3.0,Rural,Fair,No,2020-01-31,128026
H-2382,1225,6,3.0,3103.0,1989.0,2,1.0,Suburbs,Fair,No,2021-12-17,242930
H-2383,2006,1,3.0,3373.0,1971.0,2,2.0,Suburbs,Average,No,2021-11-19,304164
H-2384,1770,4,3.0,5814.0,1997.0,1,0.0,Suburbs,Excellent,No,2024-05-05,403854
H-2385,1819,4,3.0,5924.0,2002.0,2,1.0,Rural,Average,No,2021-02-07,252292
H-2386,1344,3,1.0,4079.0,1959.0,2,2.0,Downtown,Good,No,2020-07-23,308017
H-2387,1661,2,4.0,4610.0,1967.0,2,1.0,Suburbs,Fair,No,2020-08-26,252603
H-2388,1245,2,3.0,3217.0,1998.0,2,3.0,Waterfront,Good,No,2022-05-20,380246
H-2389,2334,4,3.5,6962.0,2020.0,2,2.0,Suburbs,Fair,No,2021-10-16,402003
H-2390,2421,4,1.0,5044.0,1979.0,3,1.0,Rural,Average,No,2023-06-16,241472
H-2391,692,4,3.5,2666.0,1968.0,2,2.0,Waterfront,Average,No,2021-06-25,281473
H-2392,1242,5,3.0,3691.0,2004.0,2,2.0,Waterfront,Fair,Yes,2020-08-02,329018
H-2393,902,4,3.0,2054.0,2009.0,2,0.0,Rural,Excellent,No,2021-10-09,161427
H-2394,1409,2,1.0,3697.0,2021.0,3,2.0,Rural,Fair,No,2024-01-18,142259
H-2395,1749,3,3.0,6146.0,1970.0,1,2.0,Rural,Good,Yes,2021-11-09,218520
H-2396,930,4,4.0,1770.0,1975.0,1,1.0,Rural,Good,No,2023-10-27,191743
H-2397,1246,3,3.0,2781.0,1977.0,2,3.0,Suburbs,Average,Yes,2021-09-13,260328
H-2398,1197,2,2.5,3828.0,1988.0,3,1.0,Downtown,Fair,No,2021-04-16,257482
H-2399,1924,4,3.5,4403.0,1982.0,1,1.0,Suburbs,Excellent,No,2023-07-21,401094
H-2400,1841,3,2.0,6408.0,1989.0,3,2.0,Suburbs,Average,No,2020-12-16,304001
H-2401,1366,5,2.5,2494.0,1978.0,1,,Suburbs,Average,No,2021-01-23,308160
H-2402,1906,4,2.5,6493.0,1969.0,1,2.0,Suburbs,Good,No,2020-03-24,344853
H-2403,1471,2,3.5,2457.0,1969.0,1,2.0,Industrial,Good,No,2020-11-10,170336
H-2404,1637,5,1.0,2507.0,2023.0,2,1.0,Industrial,Average,No,2021-09-26,164267
H-2405,2804,3,2.5,10502.0,1961.0,3,3.0,Rural,Good,No,2021-10-30,293921
H-2406,2604,3,3.0,7690.0,1974.0,1,2.0,Industrial,Average,No,2021-12-05,273958
H-2407,1020,3,3.0,2427.0,1974.0,2,2.0,Industrial,Fair,No,2022-03-14,116760
H-2408,2297,2,2.5,4781.0,1953.0,1,2.0,Waterfront,Fair,No,2022-08-15,410754
H-2409,2286,3,3.5,6954.0,1953.0,2,1.0,Downtown,Good,No,2020-11-13,471827
H-2410,1111,2,3.5,3080.0,1958.0,1,2.0,Suburbs,Average,No,2022-10-24,188242
H-2411,2291,3,1.0,9115.0,1964.0,2,2.0,Suburbs,Excellent,No,2021-07-17,408533
H-2412,2722,3,2.0,10773.0,1975.0,2,1.0,Downtown,Average,No,2023-05-13,547329
H-2413,1126,4,1.0,3476.0,2020.0,2,2.0,Waterfront,Poor,No,2022-07-21,255584
H-2414,1249,4,2.0,3256.0,1981.0,1,2.0,Downtown,Good,No,2022-07-16,352110
H-2415,2410,2,2.5,6574.0,2001.0,1,1.0,Suburbs,Average,No,2023-02-21,319219
H-2416,1962,3,3.5,6290.0,1981.0,2,2.0,Downtown,Fair,Yes,2021-07-11,381103
H-2417,2130,3,3.0,3735.0,1958.0,2,0.0,Suburbs,Average,No,2021-12-19,323975
H-2418,2004,2,1.5,4651.0,1962.0,3,1.0,Suburbs,Average,Yes,2022-09-02,237716
H-2419,2034,4,1.0,3433.0,2005.0,2,0.0,Rural,Good,Yes,2021-12-06,214947
H-2420,1004,4,2.5,1690.0,1993.0,3,2.0,Suburbs,Average,No,2022-01-13,195195
H-2421,2428,2,2.5,4830.0,1979.0,2,1.0,Suburbs,Good,Yes,2021-04-01,394285
H-2422,2501,3,2.0,6785.0,1965.0,2,3.0,Rural,Average,No,2021-04-26,268803
H-2423,1662,2,3.5,5753.0,1961.0,1,2.0,Rural,Average,No,2023-03-16,198724
H-2424,1773,4,3.5,4811.0,2023.0,2,0.0,Suburbs,Fair,No,2020-01-08,310106
H-2425,881,2,2.0,2060.0,2015.0,2,2.0,Downtown,Good,Yes,2020-06-08,252492
H-2426,2108,6,3.5,3596.0,1967.0,2,2.0,Downtown,Average,No,2024-05-07,474145
H-2427,2143,4,2.0,6162.0,1962.0,1,1.0,Rural,Average,No,2020-11-09,237648
H-2428,1762,3,3.0,3837.0,1973.0,2,0.0,Suburbs,Good,No,2021-11-30,302435
H-2429,2474,4,2.5,7514.0,1961.0,2,1.0,Downtown,Average,No,2023-11-23,471005
H-2430,1599,5,1.5,6304.0,2009.0,2,1.0,Downtown,Good,No,2020-01-01,463498
H-2431,2138,4,3.5,3801.0,2009.0,1,2.0,Rural,Good,No,2024-03-28,245579
H-2432,1188,2,2.5,2412.0,1950.0,2,2.0,Suburbs,Good,Yes,2020-03-30,216420
H-2433,1785,3,3.0,4788.0,1992.0,1,3.0,Suburbs,Good,No,2020-10-13,376608
H-2434,1695,4,2.0,6647.0,2004.0,3,2.0,Rural,Fair,No,2020-02-18,196991
H-2435,1935,4,1.0,6636.0,1989.0,3,1.0,Downtown,Excellent,No,2022-05-19,462881
H-2436,1578,4,1.5,5910.0,2013.0,2,2.0,Suburbs,Fair,No,2024-04-27,293179
H-2437,1721,5,2.5,4017.0,1983.0,2,1.0,Suburbs,Good,No,2023-11-05,319648
H-2438,2295,5,3.0,9134.0,1983.0,2,0.0,Suburbs,Average,No,2022-12-06,412257
H-2439,1537,5,2.0,2700.0,1997.0,2,2.0,Waterfront,Average,No,2020-11-06,458116
H-2440,836,2,3.0,1364.0,1982.0,1,1.0,Suburbs,Fair,No,2023-12-26,142268
H-2441,2849,3,3.0,10367.0,2017.0,3,1.0,Rural,Fair,No,2023-06-17,243189
H-2442,2628,4,3.0,10034.0,1979.0,2,2.0,Suburbs,Poor,Yes,2021-03-22,314873
H-2443,1024,4,2.5,1767.0,2020.0,1,3.0,Suburbs,Fair,No,2023-09-09,227008
H-2444,2213,4,3.5,3947.0,2020.0,2,1.0,Suburbs,Good,No,2024-01-08,381802
H-2445,1498,2,2.5,2371.0,1978.0,1,1.0,Rural,Poor,Yes,2023-03-14,149889
H-2446,1958,4,2.5,3448.0,1972.0,1,2.0,Suburbs,Poor,Yes,2020-06-17,219448
H-2447,1976,4,1.5,3998.0,1983.0,2,2.0,Suburbs,Good,No,2024-07-05,378618
H-2448,1659,2,2.0,6511.0,1964.0,2,1.0,Rural,Fair,No,2020-05-07,168134
H-2449,1329,3,1.0,4212.0,2002.0,2,3.0,Industrial,Average,Yes,2022-12-31,153934
H-2450,1385,2,2.5,4773.0,1966.0,3,2.0,Downtown,Fair,No,2020-07-04,265900
H-2451,1250,3,2.0,4300.0,2013.0,3,2.0,Downtown,Fair,No,2024-02-24,301216
H-2452,1300,1,2.0,3688.0,2010.0,1,3.0,Downtown,Fair,Yes,2021-08-08,292028
H-2453,1759,3,3.0,6145.0,2006.0,1,3.0,Rural,Fair,No,2022-05-06,182924
H-2454,1370,3,2.0,4095.0,1986.0,2,1.0,Downtown,Good,No,2020-10-26,320843
H-2455,2209,4,2.0,5050.0,1956.0,2,1.0,Suburbs,Good,No,2022-07-03,381824
H-2456,2692,4,1.5,7814.0,1957.0,3,2.0,Suburbs,Good,No,2024-04-20,400734
H-2457,1451,4,3.0,4111.0,2017.0,2,3.0,Suburbs,Excellent,Yes,2024-02-18,379865
H-2458,1943,3,1.5,6914.0,1970.0,1,2.0,Downtown,Good,No,2020-04-16,413296
H-2459,2099,2,2.5,8300.0,2010.0,2,2.0,Suburbs,Average,No,2021-09-25,377709
H-2460,2083,5,2.5,5265.0,2023.0,2,2.0,Downtown,Good,No,2021-03-23,497384
H-2461,1845,2,3.0,6288.0,1978.0,3,1.0,Downtown,Average,Yes,2022-03-16,402856
H-2462,2245,6,2.5,3927.0,1974.0,1,3.0,Suburbs,Fair,No,2023-10-27,359068
H-2463,2089,4,3.0,7190.0,2007.0,2,2.0,Rural,Average,No,2023-05-21,285407
H-2464,1057,3,1.0,2566.0,1963.0,1,3.0,Downtown,Average,No,2021-07-29,242092
H-2465,2321,6,2.0,3710.0,2015.0,2,2.0,Suburbs,Good,No,2021-10-02,373609
H-2466,2332,2,2.0,5615.0,2003.0,1,3.0,Suburbs,Good,No,2022-12-31,380677
H-2467,1342,3,1.5,4061.0,2016.0,3,1.0,Rural,Average,Yes,2020-11-21,188228
H-2468,1822,4,2.0,3276.0,1979.0,2,2.0,Waterfront,Average,No,2020-06-20,462271
H-2469,2209,3,2.0,8416.0,1967.0,3,3.0,Waterfront,Average,No,2021-02-10,557362
H-2470,1674,5,2.5,2836.0,2003.0,3,2.0,Suburbs,Average,Yes,2020-07-26,321352
H-2471,2443,2,3.0,9344.0,1970.0,1,2.0,Suburbs,Good,No,2021-08-12,393442
H-2472,3218,3,2.0,10515.0,2002.0,2,1.0,Rural,Excellent,No,2024-04-18,447765
H-2473,1328,4,3.0,3086.0,1965.0,3,,Downtown,Fair,No,2020-07-20,269597
H-2474,971,4,2.0,,1977.0,2,3.0,Rural,Good,Yes,2023-10-01,174444
H-2475,1982,3,2.0,6643.0,1953.0,2,1.0,Waterfront,Average,No,2022-06-14,466202
H-2476,2232,3,2.5,6704.0,2004.0,2,2.0,Suburbs,Fair,No,2022-11-25,370857
H-2477,1661,4,1.0,5280.0,1964.0,2,2.0,Suburbs,Good,No,2020-10-11,326687
H-2478,2671,2,1.0,6605.0,2013.0,2,1.0,Rural,Average,Yes,2020-09-10,288616
H-2479,996,4,2.0,2708.0,2014.0,2,1.0,Downtown,Average,No,2020-09-29,303469
H-2480,2215,4,3.5,8803.0,1965.0,1,2.0,Suburbs,Average,No,2023-01-21,406098
H-2481,1436,4,3.0,2921.0,1969.0,1,1.0,Suburbs,Good,Yes,2023-06-05,260906
H-2482,2831,4,1.0,7203.0,2013.0,1,3.0,Downtown,Fair,No,2024-03-20,551512
H-2483,2995,3,3.0,6677.0,1982.0,1,2.0,Downtown,Excellent,No,2021-10-28,704975
H-2484,1340,4,3.0,4573.0,2018.0,2,2.0,Suburbs,Average,No,2022-02-12,309703
H-2485,1470,5,2.5,5012.0,2018.0,1,1.0,Downtown,Average,No,2022-02-25,413690
H-2486,2315,3,3.0,5165.0,2007.0,1,2.0,Rural,Good,No,2021-03-27,272147
H-2487,1567,5,2.0,2669.0,1988.0,2,2.0,Suburbs,Good,No,2021-07-03,304563
H-2488,1772,3,2.0,2708.0,,2,1.0,Downtown,Good,No,2023-11-18,368130
H-2489,1815,2,2.5,4662.0,2017.0,2,2.0,Suburbs,Average,No,2021-07-29,321000
H-2490,648,3,2.5,1636.0,1970.0,3,3.0,Downtown,Excellent,No,2023-12-25,235059
H-2491,1791,5,2.5,7112.0,2012.0,1,0.0,Suburbs,Fair,No,2021-05-26,275127
H-2492,1386,3,2.5,3706.0,1955.0,1,2.0,Suburbs,Good,No,2021-07-22,244424
H-2493,1504,5,3.5,3220.0,1973.0,2,3.0,Rural,Fair,Yes,2022-07-26,180423
H-2494,2666,5,3.5,9939.0,2002.0,3,0.0,Suburbs,Fair,No,2020-06-21,424540
H-2495,1046,3,3.5,2853.0,1999.0,2,3.0,Suburbs,Average,No,2024-03-23,263845
H-2496,2287,2,3.0,6856.0,1961.0,2,2.0,Rural,Average,No,2023-10-05,239143
H-2497,1632,4,3.5,2838.0,2005.0,1,1.0,Suburbs,Good,No,2023-01-27,361570
H-2498,1632,3,1.0,4010.0,1964.0,2,0.0,Suburbs,Poor,No,2024-07-12,174812
H-2499,2274,4,2.0,8778.0,1989.0,1,0.0,Waterfront,Average,No,2020-01-27,572556
H-2500,2004,3,2.5,5959.0,1990.0,2,1.0,Suburbs,Poor,No,2021-11-19,193959
H-2501,2142,3,3.0,5057.0,,3,0.0,Industrial,Average,No,2023-12-07,196544
H-2502,2380,4,2.5,7292.0,2018.0,2,1.0,Industrial,Fair,No,2021-12-25,233620
H-2503,1601,3,3.0,6045.0,1955.0,3,0.0,Suburbs,Average,No,2020-01-09,274578
H-2504,1432,3,1.5,3128.0,2016.0,2,2.0,Waterfront,Fair,No,2020-09-21,375248
H-2505,1148,3,2.0,3171.0,1982.0,2,2.0,Rural,Good,Yes,2021-12-27,197692
H-2506,1304,3,3.0,5081.0,,3,3.0,Industrial,Average,No,2023-01-23,153870
H-2507,3569,3,1.5,6891.0,1970.0,2,2.0,Rural,Average,No,2020-09-29,363779
H-2508,2546,4,2.0,8399.0,2014.0,2,3.0,Rural,Average,No,2022-01-20,296947
H-2509,989,3,2.0,3002.0,1966.0,2,0.0,Downtown,Average,Yes,2020-01-22,201170
H-2510,1006,3,2.0,3218.0,1957.0,3,1.0,Suburbs,Average,No,2022-03-10,193272
H-2511,2089,4,3.0,4967.0,2013.0,1,1.0,Suburbs,Good,No,2024-02-08,407085
H-2512,2128,3,2.0,4861.0,1977.0,2,2.0,Suburbs,Average,Yes,2022-09-25,340705
H-2513,2129,3,2.5,6835.0,1962.0,2,3.0,Industrial,Average,No,2022-01-07,226553
H-2514,1647,5,1.0,3357.0,1962.0,3,2.0,Downtown,Good,Yes,2020-09-28,372708
H-2515,1724,4,3.0,4394.0,1987.0,3,2.0,Rural,Fair,Yes,2020-12-04,210378
H-2516,1996,4,2.0,3932.0,1974.0,1,2.0,Downtown,Excellent,No,2020-05-08,499506
H-2517,1851,4,2.5,2814.0,2011.0,1,1.0,Downtown,Good,No,2023-05-27,494744
H-2518,468,1,3.0,1836.0,1972.0,3,2.0,Suburbs,Average,No,2020-05-09,139281
H-2519,1662,4,2.0,4286.0,1970.0,1,2.0,Downtown,Fair,No,2021-10-04,351757
H-2520,1289,3,3.5,5057.0,2003.0,1,1.0,Industrial,Average,No,2023-06-09,134310
H-2521,1905,3,2.5,3525.0,2012.0,1,0.0,Suburbs,Fair,No,2023-04-08,258074
H-2522,3591,3,2.0,10659.0,1979.0,1,2.0,Downtown,Average,No,2022-08-24,676399
H-2523,2020,2,1.5,4044.0,2017.0,2,2.0,Downtown,Fair,No,2022-08-14,336987
H-2524,1611,2,3.5,5598.0,2022.0,2,1.0,Suburbs,Good,No,2020-05-31,349494
H-2525,2353,5,3.0,8139.0,1981.0,2,2.0,Downtown,Fair,No,2020-10-19,459716
H-2526,2089,3,2.0,3721.0,,3,3.0,Suburbs,Average,No,2022-06-14,300528
H-2527,2052,3,2.0,7756.0,1956.0,1,2.0,Suburbs,Average,Yes,2021-08-05,313219
H-2528,2164,2,3.0,4298.0,2021.0,1,1.0,Downtown,Good,Yes,2020-02-01,462145
H-2529,3033,1,3.0,9197.0,1950.0,3,2.0,Suburbs,Fair,No,2023-08-29,363203
H-2530,1121,4,3.0,4443.0,1952.0,2,2.0,Waterfront,Average,Yes,2022-12-30,362332
H-2531,2084,3,2.0,7723.0,1977.0,1,0.0,Suburbs,Fair,No,2021-06-29,288412
H-2532,1244,3,3.0,4840.0,1992.0,2,1.0,Suburbs,Good,No,2020-06-13,279544
H-2533,2133,3,2.0,5026.0,1995.0,2,2.0,Rural,Excellent,Yes,2022-09-16,336788
H-2534,1248,4,2.0,2201.0,1950.0,2,2.0,Rural,Good,No,2021-08-06,202091
H-2535,1549,2,2.5,3052.0,1987.0,1,1.0,Rural,Average,No,2021-03-03,166795
H-2536,1622,2,4.0,4462.0,1984.0,2,2.0,Waterfront,Fair,Yes,2023-04-22,412024
H-2537,2385,3,2.0,8307.0,2023.0,1,3.0,Suburbs,Good,Yes,2021-07-03,443169
H-2538,2351,3,2.5,4409.0,2023.0,2,3.0,Downtown,Good,Yes,2020-08-15,559491
H-2539,1052,3,3.0,3313.0,2003.0,2,2.0,Suburbs,Good,No,2022-03-17,246666
H-2540,1832,4,2.5,4229.0,1973.0,2,2.0,Waterfront,Average,No,2023-10-18,486070
H-2541,1374,4,3.0,3233.0,1977.0,1,2.0,Downtown,Good,No,2023-11-23,330016
H-2542,1044,4,3.0,3293.0,1971.0,1,2.0,Suburbs,Poor,No,2023-11-22,161794
H-2543,1669,3,1.0,4452.0,1965.0,2,2.0,Rural,Good,No,2021-12-05,200089
H-2544,1614,2,4.0,5697.0,1962.0,2,1.0,Suburbs,Fair,No,2023-08-17,197252
H-2545,3256,3,3.0,6153.0,2011.0,2,0.0,Suburbs,Average,Yes,2023-11-24,455351
H-2546,2059,6,3.5,,1992.0,2,3.0,Suburbs,Good,No,2022-02-08,420684
H-2547,973,4,3.0,1615.0,1981.0,1,3.0,Downtown,Fair,No,2021-06-17,238525
H-2548,1461,4,3.5,2900.0,2016.0,2,2.0,Suburbs,Average,No,2023-03-21,307688
H-2549,2412,1,1.5,7574.0,2006.0,1,3.0,Downtown,Average,No,2024-02-23,486475
H-2550,3053,3,2.0,11104.0,2014.0,1,2.0,Rural,Average,Yes,2024-06-15,373943
H-2551,848,1,3.5,1807.0,2018.0,2,2.0,Waterfront,Good,No,2021-04-30,284628
H-2552,672,4,2.0,1557.0,1998.0,3,2.0,Rural,Fair,Yes,2024-05-19,101312
H-2553,2922,5,1.0,8306.0,1982.0,2,2.0,Rural,Average,Yes,2022-04-15,340145
H-2554,2033,5,3.0,4124.0,1968.0,2,2.0,Suburbs,Fair,No,2021-05-27,260529
H-2555,1279,3,3.0,4512.0,1985.0,3,3.0,Downtown,Average,No,2024-07-12,379518
H-2556,2120,3,1.5,7280.0,2019.0,1,2.0,Downtown,Good,No,2024-01-09,474684
H-2557,400,5,3.5,745.0,1964.0,3,2.0,Suburbs,Good,No,2023-03-05,194799
H-2558,1802,4,3.0,4792.0,1973.0,2,2.0,Rural,Fair,No,2024-02-07,207204
H-2559,1996,2,2.5,6860.0,1976.0,2,0.0,Industrial,Poor,No,2023-02-14,158049
H-2560,2354,3,3.0,5516.0,1998.0,2,0.0,Suburbs,Average,No,2022-01-07,356436
H-2561,1191,3,2.0,3671.0,1972.0,2,2.0,Suburbs,Good,Yes,2024-05-06,236300
H-2562,1851,3,1.5,3008.0,1982.0,2,1.0,Suburbs,Average,No,2024-05-31,261073
H-2563,1244,3,2.0,3759.0,1990.0,2,2.0,Suburbs,Fair,No,2021-06-09,202428
H-2564,1953,4,2.5,3674.0,2005.0,3,1.0,Rural,Fair,No,2021-08-16,199850
H-2565,1262,3,2.5,4513.0,1978.0,1,2.0,Rural,Excellent,No,2021-10-02,236247
H-2566,1555,2,3.0,3714.0,1980.0,2,1.0,Rural,Excellent,Yes,2023-10-08,226149
H-2567,1202,3,3.0,2649.0,2014.0,1,1.0,Rural,Good,No,2023-08-17,178305
H-2568,2190,4,2.5,7888.0,1967.0,1,0.0,Suburbs,Good,No,2024-07-03,363964
H-2569,2315,4,3.0,3762.0,1955.0,1,,Industrial,Fair,No,2022-02-17,176604
H-2570,1659,3,1.5,4133.0,2001.0,1,2.0,Rural,Average,No,2023-05-18,197391
H-2571,1822,5,1.0,4418.0,1989.0,2,3.0,Suburbs,Fair,No,2023-12-05,284428
H-2572,930,5,3.5,2057.0,2014.0,2,3.0,Suburbs,Good,No,2021-01-05,315460
H-2573,1620,3,1.0,6122.0,1991.0,1,3.0,Waterfront,,No,2022-11-04,445161
H-2574,1769,1,2.0,5974.0,2017.0,1,2.0,Suburbs,Average,No,2022-07-05,276227
H-2575,3372,4,3.0,5596.0,1981.0,3,2.0,Suburbs,Good,No,2023-05-28,578671
H-2576,1132,4,2.0,3720.0,1959.0,1,,Suburbs,Average,No,2023-03-10,236832
H-2577,2678,5,3.5,7547.0,2018.0,2,0.0,Waterfront,Average,No,2023-09-22,725012
H-2578,2398,5,2.0,8997.0,1958.0,1,3.0,Suburbs,Fair,No,2021-06-04,336355
H-2579,1968,4,1.0,4491.0,2018.0,1,0.0,Suburbs,Excellent,No,2020-12-28,407927
H-2580,2855,3,2.0,8380.0,2010.0,2,3.0,Waterfront,Fair,Yes,2023-09-09,605287
H-2581,2023,1,2.5,5567.0,1960.0,2,2.0,Industrial,Poor,No,2021-08-26,95722
H-2582,2033,3,2.0,5537.0,2017.0,2,2.0,Waterfront,Average,No,2021-04-26,542466
H-2583,1768,3,2.5,4667.0,2023.0,1,1.0,Downtown,Average,No,2021-07-17,390711
H-2584,2534,4,3.5,5103.0,1957.0,2,2.0,Suburbs,Good,No,2020-04-21,416596
H-2585,2457,4,3.5,8327.0,1998.0,2,2.0,Suburbs,Average,No,2023-07-18,442460
H-2586,1424,4,2.0,3742.0,1973.0,1,2.0,Suburbs,Average,No,2023-04-12,245397
H-2587,1008,3,2.5,3927.0,1982.0,1,2.0,Industrial,Average,No,2022-07-14,131834
H-2588,1678,4,2.5,3611.0,1968.0,1,0.0,Waterfront,Good,No,2023-04-13,444636
H-2589,1319,2,3.5,4229.0,1951.0,2,1.0,Suburbs,Poor,No,2021-09-16,146028
H-2590,1761,3,4.0,6783.0,2004.0,1,1.0,Downtown,Average,No,2021-05-09,443740
H-2591,2542,4,2.0,8029.0,1960.0,2,0.0,Downtown,Poor,No,2023-12-14,366012
H-2592,1525,4,3.0,5609.0,1966.0,1,0.0,Suburbs,Average,No,2021-12-08,288270
H-2593,1774,6,2.0,6330.0,1991.0,1,,Downtown,Fair,No,2020-11-23,374150
H-2594,1834,3,1.0,4402.0,2010.0,1,2.0,Rural,Average,No,2023-06-07,246172
H-2595,2309,3,1.0,6927.0,1952.0,2,2.0,Rural,Average,No,2021-07-16,247976
H-2596,451,3,2.5,852.0,1984.0,1,1.0,Waterfront,Excellent,No,2020-12-20,234055
H-2597,1435,3,2.5,4073.0,2015.0,2,2.0,Downtown,Excellent,No,2020-02-15,428190
H-2598,1926,5,1.0,3998.0,1950.0,2,,Suburbs,Average,No,2024-06-12,317484
H-2599,2520,4,3.0,8465.0,1956.0,2,2.0,Waterfront,Fair,No,2022-02-21,529241
H-2600,1504,5,2.0,4241.0,1969.0,2,2.0,Suburbs,Average,No,2020-09-27,308091
H-2601,674,3,2.5,1703.0,1992.0,2,2.0,Downtown,Good,No,2023-06-22,247916
H-2602,2171,5,2.0,4715.0,1955.0,2,1.0,Downtown,Good,Yes,2024-01-25,455708
H-2603,1418,2,1.5,5667.0,2004.0,3,2.0,Waterfront,Average,No,2022-06-02,395115
H-2604,1086,5,2.0,1823.0,1970.0,1,1.0,Rural,Average,No,2020-02-17,137906
H-2605,1425,3,2.0,2292.0,2000.0,1,2.0,Waterfront,Poor,No,2021-09-03,277152
H-2606,1689,3,2.5,3450.0,1995.0,2,3.0,Downtown,Average,No,2021-02-10,433875
H-2607,1437,3,1.5,5644.0,1984.0,2,2.0,Rural,Good,No,2022-12-01,171661
H-2608,476,5,2.5,1879.0,1957.0,2,2.0,Rural,Average,Yes,2022-05-18,105026
H-2609,2338,1,1.5,7335.0,2017.0,1,2.0,Suburbs,Fair,No,2021-08-18,329229
H-2610,2564,3,3.0,9487.0,1965.0,2,1.0,Industrial,,No,2022-12-21,218556
H-2611,2190,5,3.0,4456.0,2016.0,3,3.0,Suburbs,Good,Yes,2022-09-05,470920
H-2612,1117,3,1.5,4389.0,2020.0,2,0.0,Industrial,Good,No,2024-02-26,156379
H-2613,1679,2,2.5,3117.0,2013.0,3,3.0,Waterfront,Fair,No,2022-09-26,403251
H-2614,1796,3,1.0,3148.0,1951.0,2,1.0,Suburbs,Excellent,Yes,2022-04-29,328414
H-2615,2159,3,2.5,3844.0,1950.0,1,1.0,Suburbs,Good,Yes,2023-10-10,299159
H-2616,2201,5,2.0,6455.0,2007.0,2,2.0,Suburbs,Good,No,2020-12-04,399702
H-2617,1359,4,2.5,4691.0,1950.0,2,3.0,Rural,Poor,No,2021-02-11,154374
H-2618,1849,3,2.5,4468.0,1956.0,2,1.0,Suburbs,Excellent,No,2023-08-04,335197
H-2619,2074,6,3.5,8181.0,2018.0,2,2.0,Rural,Fair,No,2022-01-10,258262
H-2620,2673,3,2.5,6912.0,1967.0,2,2.0,Downtown,Average,Yes,2021-11-16,532836
H-2621,2222,2,2.5,4168.0,1981.0,1,1.0,Rural,Average,Yes,2024-01-24,231741
H-2622,2273,3,2.0,6057.0,1994.0,1,2.0,Suburbs,Fair,No,2022-10-18,334857
H-2623,1850,3,3.5,5915.0,1982.0,2,2.0,Suburbs,Average,No,2023-09-06,340024
H-2624,2646,2,3.0,9474.0,2023.0,3,1.0,Waterfront,Average,No,2023-09-17,656056
H-2625,2045,5,2.0,5412.0,2022.0,1,2.0,Downtown,Good,No,2020-07-19,530306
H-2626,1283,4,3.0,3828.0,1998.0,3,3.0,Suburbs,Average,No,2022-12-30,288713
H-2627,2642,3,2.0,5728.0,1982.0,2,2.0,Suburbs,Fair,Yes,2024-05-13,346240
H-2628,2218,4,3.0,6908.0,2020.0,1,3.0,Suburbs,Fair,No,2022-03-14,375888
H-2629,1534,4,3.0,6082.0,2017.0,1,0.0,Suburbs,Average,No,2023-05-10,309454
H-2630,1512,5,1.5,2453.0,1977.0,1,0.0,Rural,Fair,No,2022-08-06,152862
H-2631,1977,5,3.0,7347.0,2002.0,3,3.0,Rural,Poor,No,2020-12-08,190789
H-2632,2077,3,2.0,6035.0,1993.0,2,3.0,Suburbs,Fair,No,2020-11-22,293067
H-2633,1918,4,2.0,4085.0,2004.0,3,1.0,Suburbs,Average,No,2021-12-27,362897
H-2634,1986,4,2.0,7720.0,1959.0,2,2.0,Suburbs,Average,No,2022-03-19,313936
H-2635,2819,4,3.0,7634.0,1963.0,2,,Rural,Poor,Yes,2022-04-22,186652
H-2636,2442,2,2.0,5687.0,1985.0,2,1.0,Suburbs,Average,No,2024-05-17,373235
H-2637,1914,2,1.0,3739.0,1983.0,2,1.0,Downtown,Fair,No,2020-06-16,314325
H-2638,2364,3,3.0,4990.0,1967.0,2,2.0,Downtown,Good,No,2021-09-29,536690
H-2639,1180,3,1.5,4226.0,1965.0,1,3.0,Suburbs,Good,No,2022-05-11,235162
H-2640,2038,1,1.5,6187.0,1986.0,2,2.0,Rural,Good,Yes,2024-05-31,222514
H-2641,2885,4,2.0,10914.0,1990.0,2,2.0,Downtown,Good,Yes,2022-04-24,625685
H-2642,1669,1,2.0,3471.0,1974.0,1,1.0,Suburbs,Fair,No,2023-07-21,205990
H-2643,1291,4,2.5,2327.0,1957.0,2,2.0,Downtown,Good,No,2023-06-08,292237
H-2644,1408,3,1.0,,,3,1.0,Industrial,Average,Yes,2022-08-06,93350
H-2645,1146,5,4.0,3174.0,2017.0,2,3.0,Rural,Excellent,Yes,2020-08-06,242896
H-2646,1329,3,3.0,5310.0,1997.0,2,2.0,Suburbs,Good,No,2021-01-01,286433
H-2647,1577,2,2.0,5105.0,2019.0,1,2.0,Suburbs,Good,No,2021-02-05,288431
H-2648,956,4,2.0,2171.0,2016.0,2,3.0,Waterfront,Poor,No,2020-03-05,235958
H-2649,1809,4,2.0,6679.0,1967.0,2,0.0,Downtown,Fair,No,2021-09-26,297295
H-2650,2341,6,2.5,8086.0,1967.0,3,3.0,Industrial,Average,No,2022-10-18,263200
H-2651,1255,3,1.5,1930.0,2005.0,3,2.0,Suburbs,Fair,No,2020-08-29,184652
H-2652,2711,3,1.5,9602.0,1972.0,3,1.0,Downtown,Poor,No,2020-10-20,397110
H-2653,2106,5,3.5,4741.0,1984.0,1,1.0,Rural,Average,No,2023-03-29,258420
H-2654,2418,2,2.0,4531.0,1955.0,2,3.0,Rural,Good,No,2020-10-10,230381
H-2655,1405,4,2.0,2902.0,1975.0,3,3.0,Industrial,Good,No,2020-08-14,122721
H-2656,2312,3,3.5,6176.0,2010.0,2,0.0,Waterfront,Excellent,No,2024-06-24,667088
H-2657,1144,1,3.0,2931.0,1964.0,3,0.0,Suburbs,Good,No,2020-01-25,186244
H-2658,2334,3,2.0,5186.0,1981.0,2,3.0,Rural,Good,No,2021-06-28,224555
H-2659,1903,3,3.0,3673.0,1961.0,2,1.0,Waterfront,Excellent,No,2020-02-28,515458
H-2660,2131,4,1.0,7257.0,1954.0,1,2.0,Suburbs,Fair,No,2023-11-03,270065
H-2661,1094,5,3.0,4348.0,2013.0,2,2.0,Suburbs,Fair,No,2022-09-03,221301
H-2662,1262,3,2.5,4346.0,2020.0,2,3.0,Suburbs,Good,No,2020-03-21,278051
H-2663,2158,4,3.0,4833.0,1976.0,1,2.0,Suburbs,Fair,Yes,2022-10-27,297380
H-2664,1230,2,4.0,2597.0,1994.0,1,2.0,Waterfront,Fair,No,2020-07-25,294211
H-2665,2077,3,3.5,4245.0,1984.0,2,3.0,Suburbs,Good,No,2022-04-09,403689
H-2666,979,2,3.5,1803.0,1975.0,2,1.0,Suburbs,Average,No,2023-01-25,175727
H-2667,2308,5,2.5,6643.0,1972.0,1,1.0,Waterfront,,No,2020-09-05,547443
H-2668,1060,4,2.0,3194.0,1962.0,1,0.0,Downtown,Excellent,Yes,2022-04-12,277716
H-2669,2131,4,2.5,6955.0,1952.0,1,3.0,Suburbs,Average,Yes,2022-02-04,363422
H-2670,2175,4,3.0,6961.0,1978.0,1,2.0,Waterfront,Average,Yes,2024-03-12,569887
H-2671,1381,4,3.5,3080.0,2015.0,3,0.0,Suburbs,Good,No,2024-07-24,281422
H-2672,2149,5,2.0,4998.0,2013.0,2,2.0,Suburbs,Average,No,2022-12-31,364802
H-2673,1956,4,3.5,6266.0,1977.0,2,2.0,Suburbs,Poor,No,2023-12-02,260330
H-2674,1476,5,3.0,3503.0,1985.0,2,3.0,Rural,Average,No,2022-12-18,184876
H-2675,1194,3,4.0,2425.0,1955.0,2,1.0,Suburbs,Average,No,2024-01-06,230217
H-2676,622,2,3.5,1515.0,1960.0,2,2.0,Downtown,Fair,No,2021-12-26,159283
H-2677,2009,3,2.0,4380.0,1987.0,3,2.0,Downtown,Average,Yes,2022-10-14,433706
H-2678,861,2,1.5,1481.0,1983.0,2,0.0,Rural,Excellent,No,2023-11-15,112265
H-2679,1857,4,1.5,6639.0,2016.0,2,,Suburbs,Fair,Yes,2024-03-16,333684
H-2680,1641,3,2.0,5961.0,1995.0,2,1.0,Rural,Fair,No,2020-02-11,134457
H-2681,2207,4,2.5,4522.0,1978.0,3,2.0,Rural,Good,No,2020-06-23,276756
H-2682,1618,1,3.0,2689.0,2009.0,1,2.0,Suburbs,Average,No,2024-04-07,263324
H-2683,1602,2,3.5,5362.0,2003.0,1,2.0,Industrial,Average,Yes,2022-08-09,164714
H-2684,2239,3,2.5,4542.0,2018.0,3,0.0,Downtown,Good,No,2024-07-15,519224
H-2685,2001,5,1.0,4969.0,2023.0,3,3.0,Downtown,Good,No,2023-08-19,499987
H-2686,1989,3,1.5,3302.0,2023.0,2,1.0,Rural,Excellent,No,2023-10-01,279810
H-2687,2081,3,1.0,4298.0,1958.0,2,2.0,Downtown,Fair,No,2021-10-08,336422
H-2688,878,4,2.0,3057.0,1959.0,1,2.0,Rural,Excellent,Yes,2021-03-07,139563
H-2689,2254,4,2.5,7913.0,2017.0,2,3.0,Industrial,Good,No,2022-09-28,283646
H-2690,2167,3,1.0,4372.0,2007.0,3,2.0,Waterfront,Excellent,No,2024-01-11,664476
H-2691,1189,3,2.0,,2001.0,1,1.0,Suburbs,Fair,No,2023-04-29,223433
H-2692,1653,3,1.5,3034.0,1983.0,2,2.0,Waterfront,Fair,No,2022-03-01,355016
H-2693,1776,5,2.5,2993.0,1984.0,3,1.0,Downtown,Average,Yes,2023-06-14,405769
H-2694,1719,2,2.5,6842.0,1982.0,2,0.0,Suburbs,Good,No,2023-03-01,305337
H-2695,2000,3,2.5,6277.0,2021.0,2,3.0,Suburbs,Average,No,2024-03-08,393487
H-2696,2658,1,2.0,7589.0,1981.0,2,2.0,Suburbs,Fair,No,2021-03-17,324935
H-2697,2449,3,4.0,8360.0,2004.0,2,0.0,Downtown,Average,No,2020-07-18,487198
H-2698,1012,4,2.0,3643.0,1957.0,3,2.0,Waterfront,Average,No,2022-02-25,285381
H-2699,2173,3,2.5,7641.0,1995.0,2,1.0,Rural,Good,No,2021-08-27,275039
H-2700,2597,2,3.0,4002.0,1963.0,2,0.0,Rural,Excellent,No,2024-06-19,299768
H-2701,2032,3,2.5,3996.0,1957.0,3,1.0,Downtown,Good,No,2020-01-13,403097
H-2702,2454,1,3.5,7698.0,2020.0,3,2.0,Suburbs,Poor,No,2024-04-11,290174
H-2703,3007,2,2.0,7335.0,2003.0,2,2.0,Industrial,Average,No,2024-05-17,241739
H-2704,2414,4,2.5,9550.0,1970.0,2,2.0,Rural,Average,No,2020-03-26,275793
H-2705,1949,4,1.0,6165.0,1963.0,2,1.0,Rural,Fair,No,2024-01-29,174402
H-2706,2427,5,2.5,9444.0,1951.0,2,2.0,Industrial,Fair,No,2022-02-27,162574
H-2707,1886,5,2.0,3778.0,2010.0,2,2.0,Suburbs,Good,Yes,2023-07-06,373458
H-2708,1814,4,1.5,6639.0,1966.0,1,2.0,Suburbs,Excellent,Yes,2020-05-12,339577
H-2709,1589,2,2.5,3660.0,1997.0,2,3.0,Suburbs,Fair,Yes,2024-05-18,257926
H-2710,2738,4,2.5,10880.0,1957.0,2,2.0,Suburbs,Poor,No,2022-10-14,305526
H-2711,1308,4,1.0,2477.0,2005.0,3,2.0,Rural,Average,No,2024-02-13,162625
H-2712,2719,4,3.0,7588.0,1966.0,2,3.0,Suburbs,Fair,No,2023-01-31,347996
H-2713,2099,3,2.5,7308.0,2018.0,2,2.0,Suburbs,Good,No,2022-06-17,369924
H-2714,960,3,1.5,2478.0,1961.0,2,2.0,Suburbs,Good,No,2020-10-15,183739
H-2715,2020,4,2.5,5393.0,1987.0,2,2.0,Downtown,Average,No,2020-10-24,472130
H-2716,539,4,3.0,2137.0,1967.0,1,1.0,Suburbs,Fair,No,2022-03-02,129816
H-2717,2175,6,2.5,5575.0,1975.0,1,2.0,Suburbs,Average,Yes,2023-12-28,383404
H-2718,2331,2,2.0,7016.0,1986.0,3,2.0,Waterfront,Average,No,2020-07-11,516771
H-2719,1444,3,2.0,2362.0,2019.0,1,1.0,Suburbs,Excellent,No,2024-07-29,303637
H-2720,1874,3,2.5,6756.0,1990.0,3,0.0,Suburbs,Good,No,2024-01-06,322003
H-2721,2972,4,3.5,9273.0,1991.0,3,3.0,Suburbs,Poor,No,2021-10-19,352268
H-2722,1496,2,3.0,3755.0,1990.0,2,2.0,Suburbs,Good,Yes,2021-02-27,274692
H-2723,1164,2,1.0,1793.0,1996.0,2,1.0,Suburbs,Average,No,2024-03-23,198383
H-2724,2688,6,2.5,8008.0,1963.0,2,1.0,Industrial,Fair,No,2020-07-25,233675
H-2725,2977,1,3.5,4559.0,1950.0,3,2.0,Suburbs,Average,No,2021-08-04,419963
H-2726,1802,4,1.0,2708.0,1966.0,2,1.0,Waterfront,Poor,No,2020-05-20,293792
H-2727,2406,3,4.0,7314.0,2004.0,1,0.0,Downtown,Average,No,2024-05-15,530442
H-2728,2604,4,3.5,5136.0,2002.0,2,2.0,Downtown,Average,No,2022-10-30,561434
H-2729,1354,4,1.0,2680.0,1980.0,2,2.0,Rural,Good,No,2021-07-16,210339
H-2730,1508,5,3.5,4724.0,2011.0,1,1.0,Suburbs,Good,No,2021-04-06,329698
H-2731,2538,5,2.0,4147.0,1957.0,3,0.0,Suburbs,Average,Yes,2022-01-13,379480
H-2732,2811,1,3.0,6418.0,1979.0,2,2.0,Suburbs,Good,No,2020-06-01,410953
H-2733,2137,2,2.0,4003.0,2015.0,2,1.0,Downtown,Fair,No,2024-01-28,366542
H-2734,1272,3,2.0,3752.0,1994.0,1,2.0,Suburbs,Average,No,2022-05-05,245175
H-2735,2992,4,2.5,9438.0,1967.0,2,1.0,Waterfront,Good,No,2023-04-28,667347
H-2736,1481,5,3.0,4891.0,1994.0,2,1.0,Downtown,Good,No,2021-01-26,418633
H-2737,1598,3,1.0,3416.0,1968.0,2,2.0,Industrial,Good,No,2022-04-23,158305
H-2738,2005,4,2.5,3454.0,2017.0,2,3.0,Suburbs,Average,No,2020-12-19,359102
H-2739,2732,2,1.5,4635.0,1999.0,2,1.0,Suburbs,Fair,No,2023-09-28,310187
H-2740,2312,4,2.0,5931.0,1974.0,1,1.0,Downtown,Average,No,2023-07-21,456467
H-2741,2048,5,2.0,7914.0,1987.0,2,1.0,Suburbs,Good,No,2020-09-05,362153
H-2742,2077,3,2.5,4246.0,1985.0,1,2.0,Downtown,Good,Yes,2020-05-04,449946
H-2743,1826,3,2.0,3911.0,2017.0,1,2.0,Downtown,Good,No,2023-10-11,427625
H-2744,2134,2,1.5,3739.0,2005.0,1,2.0,Industrial,Average,Yes,2020-07-02,190881
H-2745,400,4,1.5,1205.0,1988.0,3,2.0,Rural,Good,No,2022-07-07,118923
H-2746,1622,3,1.0,5189.0,2012.0,3,1.0,Rural,Good,Yes,2022-06-13,188119
H-2747,1944,2,2.5,6040.0,1956.0,1,3.0,Downtown,Good,No,2020-12-05,405210
H-2748,1109,3,4.0,4050.0,2007.0,2,,Industrial,Average,Yes,2022-09-16,150901
H-2749,2031,3,1.5,5516.0,2008.0,1,0.0,Suburbs,Average,No,2022-04-21,303996
H-2750,1677,3,3.5,3079.0,1997.0,2,1.0,Waterfront,Fair,No,2022-05-02,393532
H-2751,2853,4,3.0,6343.0,1954.0,2,1.0,Downtown,Average,Yes,2021-08-25,517426
H-2752,2743,1,2.5,8657.0,1985.0,2,2.0,Suburbs,Average,No,2023-11-04,406012
H-2753,1520,4,2.5,4609.0,1974.0,2,2.0,Industrial,Good,No,2020-05-21,200097
H-2754,1709,4,3.0,4832.0,1994.0,2,2.0,Suburbs,Excellent,No,2022-01-04,369758
H-2755,1755,3,1.5,5629.0,1968.0,2,0.0,Waterfront,Average,No,2021-03-10,385931
H-2756,1529,2,2.5,4729.0,1956.0,1,2.0,Suburbs,Excellent,No,2023-11-21,288673
H-2757,1917,4,3.0,7099.0,2007.0,1,,Suburbs,Good,No,2021-01-11,377231
H-2758,1345,5,2.5,3987.0,2015.0,2,2.0,Waterfront,Excellent,No,2023-07-07,538872
H-2759,1121,3,3.0,3863.0,1988.0,3,0.0,Rural,Good,No,2022-10-20,159833
H-2760,2173,3,1.0,4610.0,1967.0,2,0.0,Rural,Good,No,2024-01-04,232063
H-2761,2177,2,3.0,6956.0,1950.0,1,2.0,Suburbs,Fair,No,2022-09-21,272913
H-2762,1317,4,2.5,4945.0,2012.0,3,2.0,Downtown,Good,Yes,2022-07-20,360723
H-2763,2337,2,2.0,5759.0,1952.0,1,2.0,Suburbs,Excellent,No,2023-09-03,419128
H-2764,1421,3,2.0,4899.0,1970.0,1,0.0,Suburbs,Good,No,2022-07-30,255903
H-2765,1951,4,2.5,6461.0,1979.0,3,1.0,Waterfront,Average,No,2023-11-14,474693
H-2766,2292,4,3.5,3779.0,1960.0,2,1.0,Suburbs,Average,No,2020-03-23,350289
H-2767,1779,3,2.5,5254.0,1971.0,2,2.0,Suburbs,Good,No,2022-04-08,329937
H-2768,2072,3,3.0,3782.0,2006.0,2,2.0,Waterfront,Fair,No,2023-09-22,434815
H-2769,1490,4,2.0,5838.0,1952.0,2,1.0,Suburbs,Good,Yes,2023-11-21,289917
H-2770,1682,1,1.5,5934.0,1979.0,1,2.0,Waterfront,Average,No,2023-10-28,368988
H-2771,1676,2,1.0,2973.0,1994.0,2,2.0,Industrial,Average,Yes,2022-10-08,165378
H-2772,1352,5,1.0,2439.0,1985.0,2,2.0,Downtown,Fair,No,2024-07-21,235497
H-2773,1693,2,2.0,5055.0,2021.0,3,1.0,Downtown,Average,No,2020-10-30,396749
H-2774,870,4,2.0,2055.0,2013.0,3,2.0,Downtown,Excellent,No,2020-10-19,295894
H-2775,1505,5,3.0,2388.0,,2,1.0,Rural,Average,Yes,2020-02-24,234083
H-2776,1629,3,3.0,4649.0,2017.0,2,,Downtown,Good,No,2024-07-14,420458
H-2777,1646,3,1.0,4064.0,1999.0,1,2.0,Rural,Poor,No,2021-08-05,174918
H-2778,1655,4,2.0,2900.0,1980.0,1,1.0,Suburbs,Good,No,2023-06-29,296137
H-2779,1762,5,2.0,6175.0,1978.0,2,1.0,Waterfront,Average,No,2020-04-09,498827
H-2780,2087,5,2.5,7904.0,2008.0,2,1.0,Waterfront,Good,No,2021-05-15,613673
H-2781,2324,4,1.5,7881.0,1985.0,2,2.0,Industrial,Good,No,2022-11-10,211362
H-2782,1410,2,1.5,5014.0,2022.0,2,3.0,Suburbs,Average,No,2022-05-28,252480
H-2783,1078,4,3.5,2200.0,2016.0,2,1.0,Suburbs,Average,No,2020-12-13,257642
H-2784,1174,3,3.0,2534.0,1960.0,2,3.0,Downtown,Good,No,2022-02-11,372895
H-2785,1507,3,1.5,3046.0,1960.0,2,2.0,Suburbs,Excellent,No,2020-07-01,320863
H-2786,1588,1,2.0,5419.0,1975.0,1,3.0,Suburbs,Average,No,2022-06-27,260325
H-2787,1338,2,2.0,5177.0,2002.0,2,2.0,Industrial,Excellent,No,2020-06-11,198163
H-2788,1022,4,3.0,3364.0,1963.0,3,2.0,Waterfront,Average,Yes,2022-11-30,340785
H-2789,1526,3,2.5,5651.0,2013.0,1,2.0,Downtown,Average,Yes,2020-09-17,384884
H-2790,1908,3,1.5,5908.0,1959.0,2,2.0,Rural,Average,No,2022-07-04,209129
H-2791,2157,3,3.0,5325.0,1980.0,3,1.0,Downtown,Good,Yes,2020-08-04,457281
H-2792,1465,5,2.0,3756.0,1985.0,2,3.0,Downtown,Fair,Yes,2021-11-01,331068
H-2793,1552,4,2.0,2620.0,1959.0,2,2.0,Waterfront,Good,No,2021-08-11,422834
H-2794,1243,3,2.0,,1975.0,1,2.0,Industrial,Good,No,2023-06-20,139569
H-2795,1781,2,2.5,5768.0,1969.0,2,3.0,Downtown,Average,No,2022-12-09,375201
H-2796,1290,3,2.0,3348.0,1993.0,2,3.0,Waterfront,Excellent,No,2024-04-17,446124
H-2797,2143,5,2.0,6172.0,2011.0,1,2.0,Waterfront,Good,No,2024-03-23,618807
H-2798,728,4,2.0,2106.0,2022.0,2,1.0,Downtown,Fair,No,2023-04-28,213348
H-2799,1584,3,1.0,3474.0,1958.0,1,3.0,Suburbs,Fair,No,2023-07-13,207440
H-2800,1980,4,3.0,5325.0,2020.0,2,2.0,Rural,Average,No,2022-11-12,274475
H-2801,1910,3,1.5,5112.0,1973.0,3,2.0,Waterfront,Good,No,2023-03-03,444973
H-2802,3415,4,1.0,8438.0,1961.0,2,3.0,Suburbs,Good,No,2022-10-30,512508
H-2803,2009,3,3.0,,2009.0,2,1.0,Downtown,Average,No,2021-06-05,483128
H-2804,1197,2,3.0,3145.0,1965.0,2,1.0,Rural,Average,No,2021-08-10,180636
H-2805,1742,2,3.0,5241.0,1978.0,1,2.0,Rural,Good,No,2022-08-20,212817
H-2806,734,3,2.5,2744.0,1981.0,3,0.0,Suburbs,Fair,No,2023-04-20,150279
H-2807,1751,5,2.0,6418.0,1984.0,1,2.0,Downtown,Good,No,2021-11-10,457712
H-2808,1300,3,3.0,4843.0,1992.0,1,1.0,Waterfront,Good,No,2020-08-26,420120
H-2809,2349,5,3.0,5109.0,2002.0,2,1.0,Rural,Excellent,No,2022-02-08,339121
H-2810,1470,4,2.0,2333.0,1969.0,2,2.0,Waterfront,Average,No,2024-05-31,399704
H-2811,1729,3,3.5,3721.0,1957.0,2,2.0,Industrial,Good,Yes,2020-12-24,138278
H-2812,1418,1,1.5,3115.0,1991.0,1,1.0,Waterfront,Good,No,2022-12-22,356139
H-2813,2843,2,4.0,10727.0,2019.0,2,0.0,Industrial,Good,No,2024-07-02,297285
H-2814,1607,4,3.5,5018.0,1965.0,2,2.0,Industrial,Fair,Yes,2021-09-21,138861
H-2815,2899,2,3.0,4940.0,2018.0,1,2.0,Rural,Average,No,2024-01-26,322525
H-2816,2288,3,3.5,4206.0,2002.0,2,3.0,Rural,Good,Yes,2023-12-17,318032
H-2817,2089,3,3.0,3946.0,,1,0.0,Rural,Fair,No,2021-07-21,177237
H-2818,2021,4,1.5,6216.0,2000.0,2,2.0,Rural,Good,No,2020-06-13,241978
H-2819,2036,2,2.0,6797.0,1955.0,2,1.0,Downtown,Average,Yes,2020-10-25,350860
H-2820,643,3,1.0,2346.0,1982.0,2,2.0,Suburbs,Average,No,2021-09-04,133944
H-2821,1632,3,2.0,6285.0,1964.0,1,3.0,Downtown,Average,No,2024-05-24,354021
H-2822,2307,3,3.0,4623.0,1963.0,1,2.0,Suburbs,Excellent,No,2021-04-04,418366
H-2823,1770,4,2.0,4025.0,1988.0,1,2.0,Downtown,Fair,No,2024-03-31,345911
H-2824,956,2,2.0,2008.0,2012.0,1,1.0,Industrial,Average,No,2020-10-30,82344
H-2825,1768,4,2.5,4237.0,1954.0,1,3.0,Suburbs,Poor,Yes,2024-06-11,218940
H-2826,2822,4,3.5,10685.0,2001.0,2,2.0,Downtown,Average,No,2021-05-06,642486
H-2827,2548,4,1.0,7485.0,1965.0,1,2.0,Suburbs,Poor,No,2022-11-25,273177
H-2828,1762,4,2.0,5894.0,,2,2.0,Downtown,Average,Yes,2020-04-26,397614
H-2829,2370,3,1.5,6458.0,2002.0,2,1.0,Waterfront,Good,No,2021-05-16,625157
H-2830,1580,2,3.0,2483.0,2002.0,1,2.0,Suburbs,Average,No,2020-12-18,287929
H-2831,777,4,1.5,1290.0,1995.0,2,0.0,Suburbs,Fair,Yes,2020-01-06,115421
H-2832,1245,3,3.0,3541.0,1964.0,1,2.0,Waterfront,Fair,No,2020-09-19,268881
H-2833,2737,4,2.0,9023.0,2008.0,2,2.0,Suburbs,Good,No,2022-09-19,469170
H-2834,1635,3,1.5,3332.0,1999.0,2,1.0,Waterfront,Average,No,2021-10-14,409106
H-2835,1653,5,3.5,5462.0,1958.0,1,1.0,Suburbs,Fair,No,2023-04-24,289064
H-2836,1620,4,1.0,5713.0,1975.0,2,2.0,Suburbs,Fair,No,2023-01-28,227910
H-2837,2942,2,2.0,7442.0,1952.0,1,1.0,Suburbs,Excellent,No,2023-08-31,435588
H-2838,2775,3,1.0,9340.0,1996.0,2,1.0,Downtown,Average,Yes,2023-12-22,553927
H-2839,3131,4,2.5,7859.0,1954.0,3,0.0,Downtown,Average,Yes,2023-10-04,555174
H-2840,1704,4,2.5,,2011.0,1,2.0,Suburbs,Excellent,No,2022-01-20,401537
H-2841,1977,3,2.0,6741.0,1954.0,2,3.0,Waterfront,Poor,No,2021-05-31,330749
H-2842,890,5,1.5,3542.0,1959.0,1,2.0,Rural,Average,Yes,2022-04-20,139200
H-2843,2686,3,2.0,,2012.0,1,2.0,Downtown,Average,No,2022-06-14,582634
H-2844,1099,3,3.0,2777.0,1974.0,1,,Suburbs,Fair,Yes,2021-06-08,200526
H-2845,1930,5,3.0,3694.0,1993.0,3,1.0,Industrial,Good,No,2022-06-22,223545
H-2846,1141,5,2.5,2293.0,1974.0,2,1.0,Downtown,Fair,No,2020-06-26,218829
H-2847,1446,4,2.5,4675.0,1979.0,3,2.0,Suburbs,Average,Yes,2021-01-21,274183
H-2848,1297,5,2.0,4919.0,1963.0,2,2.0,Suburbs,Fair,No,2023-06-02,240570
H-2849,1435,2,2.0,3568.0,1992.0,1,2.0,Rural,Average,No,2020-11-02,153487
H-2850,1476,5,1.5,2877.0,1977.0,2,2.0,Suburbs,Excellent,No,2020-08-20,326452
H-2851,1471,3,2.0,3254.0,1968.0,3,3.0,Industrial,Average,No,2021-04-26,154347
H-2852,2300,2,2.0,6066.0,1991.0,2,3.0,Suburbs,Good,No,2021-09-13,387287
H-2853,1137,3,2.5,2531.0,1969.0,2,1.0,Suburbs,Average,No,2021-07-03,200108
H-2854,1932,3,2.5,4026.0,1960.0,2,1.0,Suburbs,Average,No,2021-09-19,302135
H-2855,2530,3,3.5,8450.0,2003.0,1,2.0,Suburbs,Average,Yes,2020-08-22,441414
H-2856,1492,3,1.5,2267.0,1973.0,1,1.0,Downtown,Average,No,2020-10-03,289116
H-2857,1369,2,2.5,3899.0,2019.0,2,3.0,Industrial,Average,No,2021-01-29,146805
H-2858,1661,3,3.0,5787.0,1966.0,3,1.0,Downtown,Fair,No,2021-11-03,315255
H-2859,2507,4,2.5,5429.0,1977.0,2,2.0,Waterfront,Average,No,2021-07-16,624466
H-2860,1916,3,2.0,5763.0,1999.0,2,2.0,Suburbs,Fair,Yes,2023-08-17,300794
H-2861,1481,3,2.0,4698.0,2004.0,1,2.0,Suburbs,Good,No,2022-05-29,281158
H-2862,2090,4,1.0,,2022.0,2,1.0,Downtown,Fair,No,2022-08-21,386247
H-2863,1138,5,2.0,2975.0,1959.0,3,3.0,Suburbs,Good,No,2022-07-27,248554
H-2864,2208,4,3.0,5225.0,1970.0,2,1.0,Rural,Average,No,2021-10-29,278617
H-2865,2045,3,1.0,7341.0,2007.0,2,2.0,Waterfront,Average,No,2024-06-29,520012
H-2866,1615,4,2.0,5484.0,1983.0,2,2.0,Rural,Average,Yes,2020-03-03,212614
H-2867,1296,2,3.0,2984.0,1992.0,2,1.0,Suburbs,Good,No,2020-12-27,225694
H-2868,1267,2,3.0,2226.0,1960.0,3,3.0,Downtown,Good,No,2021-04-21,308945
H-2869,2120,3,2.5,3560.0,1982.0,2,2.0,Industrial,Good,Yes,2024-01-15,181509
H-2870,2537,4,3.0,4403.0,2007.0,1,2.0,Industrial,Average,No,2024-03-18,228711
H-2871,1417,3,2.0,4190.0,1995.0,2,2.0,Suburbs,Good,Yes,2023-11-17,278523
H-2872,2075,2,1.5,3380.0,2010.0,1,2.0,Downtown,Good,No,2021-11-28,447615
H-2873,547,2,2.0,1281.0,2011.0,2,1.0,Rural,Good,No,2024-03-11,89023
H-2874,1449,5,2.5,4901.0,1950.0,1,2.0,Rural,Good,No,2020-06-13,208864
H-2875,1781,4,3.5,3982.0,1970.0,3,2.0,Suburbs,Fair,No,2022-12-28,243785
H-2876,1254,3,1.0,4273.0,2011.0,3,1.0,Suburbs,Average,No,2024-04-17,225672
H-2877,1238,4,2.5,4164.0,2013.0,1,2.0,Waterfront,Fair,No,2023-06-17,335579
H-2878,1399,3,2.0,2958.0,2022.0,1,2.0,Downtown,Average,No,2021-04-10,350006
H-2879,1975,4,2.5,6561.0,2005.0,2,2.0,Suburbs,Fair,No,2023-04-16,304469
H-2880,1687,3,1.0,5684.0,1950.0,2,0.0,Downtown,Average,No,2021-05-08,364130
H-2881,457,5,2.0,1139.0,1970.0,1,2.0,Downtown,Average,Yes,2020-07-05,189123
H-2882,527,3,3.0,1067.0,1971.0,1,0.0,Industrial,Average,No,2023-04-15,80134
H-2883,1435,4,2.5,4022.0,2003.0,2,2.0,Suburbs,Good,Yes,2020-10-27,359840
H-2884,2074,1,2.5,7888.0,1953.0,2,3.0,Waterfront,Average,No,2020-07-04,479812
H-2885,400,3,2.0,1239.0,2014.0,1,0.0,Suburbs,Fair,No,2022-07-12,101832
H-2886,1500,3,2.0,2898.0,2000.0,2,1.0,Waterfront,Fair,No,2022-11-04,348276
H-2887,1484,3,2.0,4759.0,2023.0,3,2.0,Suburbs,Average,No,2020-03-26,302901
H-2888,2633,2,3.0,6761.0,2012.0,1,0.0,Downtown,Poor,No,2020-01-08,347188
H-2889,1568,4,4.0,4670.0,1964.0,2,0.0,Waterfront,Poor,Yes,2024-01-16,264244
H-2890,2029,3,2.0,6767.0,1985.0,1,2.0,Downtown,Average,No,2020-07-11,440998
H-2891,1884,4,2.0,5251.0,1978.0,1,2.0,Suburbs,Fair,No,2022-09-04,265431
H-2892,521,4,3.0,1841.0,2001.0,1,2.0,Suburbs,Excellent,Yes,2024-05-15,260384
H-2893,2260,4,2.0,7470.0,1995.0,2,2.0,Downtown,,No,2022-05-06,628633
H-2894,1929,4,2.5,5859.0,2018.0,2,2.0,Downtown,Excellent,Yes,2020-08-22,593843
H-2895,2104,4,2.0,3949.0,1978.0,2,3.0,Rural,Fair,Yes,2021-10-20,161260
H-2896,4155,3,3.0,14915.0,1996.0,1,0.0,Suburbs,Excellent,No,2022-11-10,729249
H-2897,549,4,2.5,2108.0,1974.0,1,1.0,Suburbs,Excellent,No,2023-06-30,190326
H-2898,2834,3,3.0,5221.0,1965.0,2,1.0,Suburbs,Good,No,2022-10-13,408696
H-2899,1627,4,3.0,4426.0,1990.0,1,1.0,Suburbs,,No,2020-02-27,303948
H-2900,1972,4,2.0,4234.0,2014.0,2,1.0,Rural,Average,Yes,2020-08-27,236201
H-2901,1772,3,3.0,6000.0,2018.0,2,2.0,Waterfront,Excellent,No,2021-09-14,613619
H-2902,1545,3,3.0,5104.0,1969.0,3,2.0,Downtown,Average,No,2023-03-27,415015
H-2903,1458,3,2.0,2700.0,2018.0,1,1.0,Rural,Good,No,2022-09-05,180784
H-2904,1997,4,1.5,7374.0,1985.0,2,2.0,Suburbs,Good,Yes,2020-03-15,379476
H-2905,889,5,1.0,1735.0,2007.0,1,2.0,Suburbs,Fair,No,2023-08-26,211848
H-2906,2250,3,2.5,7859.0,1997.0,2,1.0,Suburbs,Poor,Yes,2022-10-09,241199
H-2907,1550,4,2.0,4095.0,1951.0,2,1.0,Suburbs,Average,No,2024-01-25,296853
H-2908,1121,5,2.5,2601.0,1978.0,2,1.0,Downtown,Good,No,2021-11-30,330088
H-2909,1529,2,1.5,2898.0,1965.0,2,1.0,Suburbs,Poor,Yes,2022-03-31,108130
H-2910,2554,3,3.5,4901.0,1984.0,2,2.0,Downtown,,Yes,2021-11-09,548266
H-2911,1478,4,2.0,4662.0,2011.0,1,0.0,Downtown,Average,No,2023-04-24,328097
H-2912,2015,4,2.0,5795.0,1953.0,1,1.0,Industrial,Average,No,2023-06-13,216944
H-2913,1361,5,2.5,2456.0,2017.0,2,1.0,Suburbs,Good,No,2023-04-25,320325
H-2914,2254,3,2.5,4016.0,2000.0,3,2.0,Suburbs,Average,Yes,2021-05-03,346247
H-2915,2211,2,2.0,3716.0,1982.0,2,0.0,Suburbs,Average,No,2022-11-30,301714
H-2916,2909,3,2.0,9772.0,1973.0,2,2.0,Waterfront,Average,No,2021-07-20,669598
H-2917,1694,3,1.5,5555.0,1974.0,1,0.0,Suburbs,Good,No,2023-10-28,266783
H-2918,2201,3,3.0,,1977.0,2,2.0,Suburbs,Fair,No,2020-04-02,329931
H-2919,1858,4,3.0,5389.0,1956.0,2,3.0,Rural,Good,No,2020-03-04,257008
H-2920,2577,2,2.5,4411.0,1985.0,1,2.0,Waterfront,Average,No,2020-06-19,538925
H-2921,1368,4,3.0,5142.0,1959.0,2,2.0,Waterfront,Good,Yes,2020-12-04,415610
H-2922,2247,3,3.0,8466.0,1985.0,2,2.0,Suburbs,Average,No,2020-03-04,391153
H-2923,1683,4,1.5,5462.0,1967.0,2,2.0,Waterfront,Good,No,2020-04-29,441096
H-2924,1761,2,4.0,6719.0,1955.0,2,2.0,Rural,Average,No,2021-05-27,228748
H-2925,1855,3,3.0,6545.0,1956.0,2,1.0,Industrial,Good,No,2020-06-16,200801
H-2926,1951,2,2.0,6967.0,1961.0,2,2.0,Industrial,Average,Yes,2023-09-04,194210
H-2927,1730,5,1.5,5058.0,1990.0,2,3.0,Suburbs,Good,No,2020-03-31,341973
H-2928,1928,4,1.5,4367.0,2012.0,2,1.0,Rural,Poor,No,2024-02-28,142797
H-2929,2746,3,1.5,5614.0,1974.0,1,3.0,Suburbs,Poor,No,2023-12-28,308223
H-2930,2391,3,3.0,5542.0,2002.0,1,2.0,Suburbs,Fair,No,2020-12-14,372948
H-2931,2321,5,2.5,7128.0,1982.0,1,2.0,Downtown,Poor,No,2020-04-29,386729
H-2932,1526,3,3.0,2947.0,2022.0,2,2.0,Downtown,Good,No,2020-06-25,424128
H-2933,1266,2,3.0,2717.0,1955.0,3,2.0,Downtown,Poor,No,2022-07-24,198534
H-2934,2373,4,2.5,6336.0,2011.0,1,,Industrial,Good,No,2022-10-02,247501
H-2935,2325,5,3.0,4842.0,2015.0,1,0.0,Downtown,Average,No,2021-06-12,543612
H-2936,2683,1,1.0,7972.0,1958.0,2,2.0,Downtown,Good,No,2021-05-11,471838
H-2937,1437,3,2.0,5472.0,2016.0,2,3.0,Suburbs,Poor,No,2022-06-08,225852
H-2938,1662,5,2.5,5601.0,1965.0,2,2.0,Suburbs,Average,No,2021-05-26,316297
H-2939,816,2,1.0,2583.0,2004.0,2,1.0,Industrial,Average,No,2024-04-13,64257
H-2940,1564,2,1.0,4624.0,1989.0,2,1.0,Rural,Poor,No,2021-10-02,120877
H-2941,2397,4,3.5,6519.0,1975.0,2,3.0,Suburbs,Average,No,2021-01-02,383053
H-2942,1520,5,3.0,2988.0,1987.0,3,0.0,Industrial,Average,No,2020-09-01,143500
H-2943,2184,3,2.0,8161.0,1984.0,1,2.0,Downtown,Excellent,Yes,2022-11-23,518122
H-2944,1685,6,3.0,3574.0,2017.0,3,1.0,Industrial,Fair,No,2021-06-30,152083
H-2945,1994,4,3.0,3446.0,2008.0,1,1.0,Downtown,Poor,No,2020-11-12,295541
H-2946,1111,2,2.0,3749.0,1963.0,1,1.0,Rural,Poor,No,2021-04-06,118385
H-2947,1851,6,1.0,3589.0,1996.0,2,1.0,Downtown,Good,No,2021-05-30,465132
H-2948,400,3,3.5,971.0,2020.0,2,2.0,Industrial,Good,No,2022-11-13,139886
H-2949,1687,3,2.0,2649.0,2021.0,2,1.0,Downtown,Good,No,2020-10-19,395933
H-2950,821,4,1.5,1512.0,1991.0,2,1.0,Downtown,Good,Yes,2023-05-11,221535
H-2951,2523,3,2.5,4876.0,2000.0,3,2.0,Waterfront,Good,No,2021-05-25,632779
H-2952,2266,2,3.0,3707.0,1968.0,1,3.0,Downtown,Average,No,2022-03-28,437628
H-2953,2080,1,2.0,6534.0,2015.0,1,2.0,Rural,Fair,No,2023-01-01,207862
H-2954,2712,3,2.0,9742.0,1996.0,2,0.0,Rural,Poor,No,2022-06-29,176504
H-2955,1230,4,2.0,2992.0,2014.0,2,0.0,Suburbs,Excellent,No,2023-01-13,290908
H-2956,2848,4,4.0,10498.0,1991.0,2,2.0,Suburbs,Good,No,2021-06-24,539127
H-2957,2359,6,1.5,4796.0,1987.0,2,3.0,Industrial,,No,2024-05-31,286902
H-2958,1658,3,2.5,3835.0,1962.0,1,1.0,Waterfront,Good,No,2022-02-07,442032
H-2959,2481,3,3.5,4656.0,1993.0,1,1.0,Suburbs,Average,Yes,2021-06-22,403107
H-2960,1136,2,1.5,3466.0,1973.0,2,2.0,Suburbs,Good,No,2021-05-11,227795
H-2961,1305,2,4.0,3327.0,1979.0,2,2.0,Suburbs,Poor,No,2020-03-12,172002
H-2962,1434,3,3.5,4349.0,2019.0,2,2.0,Suburbs,Average,Yes,2023-02-20,306230
H-2963,1482,4,3.5,5045.0,1987.0,2,1.0,Suburbs,Average,No,2021-03-15,289173
H-2964,1166,5,2.0,3339.0,1972.0,3,1.0,Waterfront,Average,No,2024-05-24,346049
H-2965,2533,6,2.5,7773.0,2023.0,1,1.0,Rural,Average,Yes,2020-12-18,335457
H-2966,1644,3,3.0,6309.0,2006.0,2,1.0,Rural,Average,No,2022-06-05,249834
H-2967,2011,5,4.0,,1972.0,2,3.0,Suburbs,Fair,No,2023-05-16,323101
H-2968,1457,3,1.5,3493.0,1985.0,2,0.0,Suburbs,Average,Yes,2023-12-27,245053
H-2969,707,2,3.0,2329.0,2006.0,2,2.0,Rural,Fair,Yes,2020-09-18,120216
H-2970,1962,5,2.0,5941.0,1950.0,3,2.0,Rural,Good,Yes,2024-07-07,247010
H-2971,652,4,1.5,1269.0,2021.0,2,1.0,Rural,Good,No,2024-02-26,121685
H-2972,1758,2,2.0,4290.0,1952.0,1,3.0,Downtown,Fair,No,2024-05-30,314903
H-2973,979,3,3.0,2613.0,1963.0,1,,Suburbs,Good,No,2023-11-28,198809
H-2974,2992,3,2.5,7625.0,1983.0,2,3.0,Suburbs,Average,No,2024-01-09,484521
H-2975,2346,4,2.5,4564.0,2019.0,2,1.0,Downtown,Average,No,2022-09-29,545588
H-2976,1863,3,4.0,7100.0,2018.0,1,0.0,Rural,Good,No,2023-11-16,254712
H-2977,2558,6,2.0,8712.0,2000.0,1,1.0,Suburbs,Average,No,2022-06-12,438501
H-2978,1292,2,2.5,3492.0,1978.0,2,,Industrial,Fair,No,2022-06-19,154983
H-2979,2126,3,2.0,6803.0,1997.0,2,2.0,Suburbs,Fair,No,2022-07-30,290024
H-2980,1919,3,2.0,7183.0,1965.0,1,3.0,Suburbs,Average,No,2024-07-25,316207
H-2981,1958,3,3.0,3603.0,2006.0,2,1.0,Waterfront,Fair,No,2020-06-23,382593
H-2982,2563,3,3.5,5448.0,1959.0,2,3.0,Suburbs,Fair,No,2023-09-10,361611
H-2983,2239,4,2.5,6396.0,1968.0,3,2.0,Waterfront,Average,No,2021-04-02,518285
H-2984,1973,5,3.0,6900.0,2016.0,1,2.0,Rural,Good,No,2021-08-27,300683
H-2985,807,5,1.0,1283.0,1985.0,2,1.0,Industrial,Good,Yes,2020-05-14,122403
H-2986,1223,4,2.0,4843.0,1953.0,2,1.0,Suburbs,Average,No,2021-08-11,225787
H-2987,1726,5,2.5,4551.0,1982.0,1,3.0,Downtown,Excellent,No,2024-07-16,510548
H-2988,1856,4,1.0,4450.0,1977.0,2,1.0,Suburbs,Good,No,2021-10-26,319859
H-2989,1121,4,2.0,2501.0,1958.0,1,2.0,Rural,Poor,No,2023-01-26,141620
H-2990,3247,3,2.5,6285.0,1955.0,2,2.0,Suburbs,Average,Yes,2020-07-21,439790
H-2991,2709,3,1.0,9424.0,1998.0,2,3.0,Suburbs,Fair,Yes,2024-03-24,336911
H-2992,2161,3,2.0,8403.0,1971.0,1,2.0,Downtown,Average,No,2023-10-17,417420
H-2993,1843,3,2.5,4670.0,1997.0,1,1.0,Suburbs,Average,Yes,2021-10-08,307951
H-2994,1672,3,2.5,6489.0,1970.0,2,2.0,Rural,Excellent,No,2021-08-06,236699
H-2995,1228,5,3.5,4371.0,1982.0,1,,Downtown,Poor,No,2021-12-24,235154
H-2996,1846,3,2.5,4989.0,2005.0,2,2.0,Suburbs,Excellent,No,2021-11-02,399907
H-2997,1954,2,2.0,6223.0,1978.0,2,0.0,Downtown,Average,No,2021-03-07,367577
H-2998,1054,3,3.5,2727.0,2002.0,3,2.0,Rural,Good,No,2024-07-16,228840
H-2999,2000,2,3.0,5793.0,1989.0,2,1.0,Waterfront,Good,No,2023-09-18,512936
H-3000,1706,2,2.0,2806.0,2023.0,2,3.0,Suburbs,Good,No,2021-03-24,335290
